{
"type": "FeatureCollection",
"name": "som_admin1",
"crs": { "type": "name", "properties": { "name": "urn:ogc:def:crs:OGC:1.3:CRS84" } },
"features": [
{ "type": "Feature", "properties": { "adm1_name": "Awdal", "adm1_name1": null, "adm1_name2": null, "adm1_name3": null, "adm1_pcode": "SO11", "adm0_name": "Somalia", "adm0_name1": null, "adm0_name2": null, "adm0_name3": null, "adm0_pcode": "SO", "valid_on": "2025-01-08", "valid_to": null, "area_sqkm": 15884.75566474, "version": "v03", "lang": "en", "lang1": null, "lang2": null, "lang3": null, "center_lat": 10.57820415, "center_lon": 43.38879616 }, "geometry": { "type": "MultiPolygon", "coordinates": [ [ [ [ 43.315113068000073, 11.465003967000143 ], [ 43.313659668000071, 11.467761993000067 ], [ 43.307559967000145, 11.47932243300005 ], [ 43.302295685000104, 11.485185623000064 ], [ 43.290515900000059, 11.49044322900005 ], [ 43.289531828000179, 11.490259165000055 ], [ 43.286926270000038, 11.48968505900018 ], [ 43.286462456000038, 11.48968505900018 ], [ 43.286334991000047, 11.489661217000162 ], [ 43.284535176000077, 11.486863306000032 ], [ 43.297302246000072, 11.483276366999974 ], [ 43.300109863000102, 11.480895996000129 ], [ 43.306274414000086, 11.469482422000056 ], [ 43.306706064000082, 11.466676700000107 ], [ 43.306941986000083, 11.465514183000096 ], [ 43.306079915000055, 11.462952082000129 ], [ 43.306026822000035, 11.462794287000122 ], [ 43.305908203000058, 11.462280273000033 ], [ 43.301696777000132, 11.461486816000047 ], [ 43.30168497000011, 11.46149246300007 ], [ 43.301670074000128, 11.461489676999975 ], [ 43.297428131000061, 11.463465691000067 ], [ 43.293674690000103, 11.468370156000049 ], [ 43.293090820000089, 11.469116211000028 ], [ 43.29259552700006, 11.469272336000074 ], [ 43.287467957, 11.47083282400007 ], [ 43.279613488, 11.469753264000076 ], [ 43.273498535000044, 11.468872070000032 ], [ 43.266113281000059, 11.468078612999989 ], [ 43.261291504000155, 11.462097168000071 ], [ 43.060979355000143, 11.144800867000072 ], [ 43.051172673000167, 11.129249829000173 ], [ 43.008285092000165, 11.061208404000126 ], [ 42.969213682000145, 10.999267497000176 ], [ 42.969009948000178, 10.998977409000133 ], [ 42.968078613000102, 10.997497559000067 ], [ 42.961486816000161, 10.984313965000126 ], [ 42.943343654000159, 10.962432212000181 ], [ 42.917066314000067, 10.925016969000183 ], [ 42.916856553, 10.924732608 ], [ 42.910095215000126, 10.913879395000038 ], [ 42.892453742000043, 10.891651139000089 ], [ 42.87182359500008, 10.863684050000074 ], [ 42.87048339800009, 10.861328125000114 ], [ 42.867999395000027, 10.858499804000132 ], [ 42.862814220000075, 10.851470564000124 ], [ 42.855712891000053, 10.838073730000076 ], [ 42.844321531000048, 10.826401102000091 ], [ 42.823511350000103, 10.798189953000133 ], [ 42.823022521999974, 10.797542220000082 ], [ 42.811279297000112, 10.780883789000143 ], [ 42.810913086000085, 10.780273437000062 ], [ 42.802885861, 10.770859691999988 ], [ 42.794211636000057, 10.759365718000083 ], [ 42.788696289000143, 10.750671387000011 ], [ 42.778462891000061, 10.737514160000046 ], [ 42.766530000000103, 10.721970000000169 ], [ 42.741864646000124, 10.682236292000084 ], [ 42.738708496000129, 10.677124023000147 ], [ 42.722900391000167, 10.65148925799997 ], [ 42.722717285000101, 10.651306152000132 ], [ 42.722604474000093, 10.651217205000137 ], [ 42.722600000000114, 10.651210000000162 ], [ 42.721858026000177, 10.65062865900012 ], [ 42.703674316000047, 10.636291503999985 ], [ 42.703356419000102, 10.636132555000074 ], [ 42.703253661000133, 10.636052044000053 ], [ 42.702543897, 10.635317376000046 ], [ 42.69296, 10.62520000000012 ], [ 42.685584088000155, 10.613829576000114 ], [ 42.685119629000042, 10.613098145000038 ], [ 42.683105469000168, 10.60632324200003 ], [ 42.68328857400013, 10.592529297000112 ], [ 42.690490723000153, 10.572326659999987 ], [ 42.69549560500019, 10.558288574000017 ], [ 42.698486328000115, 10.54632568400018 ], [ 42.703764958000079, 10.539325761000043 ], [ 42.70405, 10.53896 ], [ 42.70696614100018, 10.537010598000052 ], [ 42.716918945000145, 10.530517578000172 ], [ 42.731689453000115, 10.526489258000083 ], [ 42.739501953000115, 10.521301269999981 ], [ 42.746704102000137, 10.512329101999967 ], [ 42.753434719000097, 10.48536292600005 ], [ 42.756120000000124, 10.47469 ], [ 42.756543888000181, 10.473010546000125 ], [ 42.756896973000039, 10.471679687000062 ], [ 42.76312255900018, 10.45672607400013 ], [ 42.79187011700003, 10.404113770000095 ], [ 42.803283691000047, 10.358276367000144 ], [ 42.804870605000076, 10.351928711000028 ], [ 42.817504883000083, 10.318298340000183 ], [ 42.832702637000068, 10.277893066000104 ], [ 42.851225860000113, 10.246178229000122 ], [ 42.853360000000123, 10.242540000000133 ], [ 42.858330000000137, 10.23407 ], [ 42.859632804000114, 10.232231848000026 ], [ 42.865295410000044, 10.224304199000017 ], [ 42.881286621000186, 10.207092285000044 ], [ 42.942077637000125, 10.152526855000019 ], [ 42.943298340000183, 10.151489258000083 ], [ 42.963242535, 10.132129634000023 ], [ 42.999008865000121, 10.102033992000145 ], [ 43.000122070000089, 10.101318359000174 ], [ 43.010681152000188, 10.09149169900013 ], [ 43.017517090000183, 10.080688476999967 ], [ 43.029296875000057, 10.05047607400013 ], [ 43.048889160000101, 10.000122070000089 ], [ 43.052906079000024, 9.989862895999977 ], [ 43.061889648000033, 9.966918945000089 ], [ 43.065307617000144, 9.961914062000119 ], [ 43.07647705100004, 9.933288574000073 ], [ 43.085876465000069, 9.908874512000125 ], [ 43.088033833000054, 9.90624179200006 ], [ 43.089470000000119, 9.90452 ], [ 43.093894797000019, 9.901096000000109 ], [ 43.09991455100004, 9.896484375000171 ], [ 43.115478516000053, 9.888916016000053 ], [ 43.127527373000135, 9.886561012000072 ], [ 43.12885, 9.886320000000183 ], [ 43.13813000000016, 9.886300000000119 ], [ 43.138232251000034, 9.886402251000163 ], [ 43.144470215000126, 9.892700195000089 ], [ 43.144656406000138, 9.894056732000138 ], [ 43.145038893000105, 9.897106823000172 ], [ 43.145260000000178, 9.898870000000102 ], [ 43.145318014000168, 9.898877017000075 ], [ 43.1453247070001, 9.898925781000059 ], [ 43.146118164000143, 9.899108887000068 ], [ 43.149902344000054, 9.899475098000096 ], [ 43.162292480000076, 9.890686035000044 ], [ 43.16675138800008, 9.88885001400007 ], [ 43.168480000000102, 9.888140000000135 ], [ 43.168977865000159, 9.887935700000128 ], [ 43.181884766000053, 9.882690430000082 ], [ 43.256896973000096, 9.842712402000018 ], [ 43.263122559000067, 9.815124512000011 ], [ 43.269104004000155, 9.787475586000141 ], [ 43.270080566000161, 9.768676758000083 ], [ 43.283874512000125, 9.690673828000115 ], [ 43.289672852000081, 9.657470703000115 ], [ 43.289672852000081, 9.657287598000153 ], [ 43.310913086000028, 9.69110107400013 ], [ 43.370602665000035, 9.800521850000052 ], [ 43.370876309000096, 9.801023484000041 ], [ 43.37120051, 9.801408586999969 ], [ 43.375969363000138, 9.806940483000119 ], [ 43.4063483380001, 9.843030709000175 ], [ 43.406360680000034, 9.843022799000039 ], [ 43.422219048000159, 9.861852438000085 ], [ 43.456573129, 9.902643199000124 ], [ 43.530941010000049, 9.990944862000163 ], [ 43.554494763000093, 10.024411195000141 ], [ 43.554598240000075, 10.024558220000131 ], [ 43.554494763000093, 10.024620472000095 ], [ 43.554494727000133, 10.024620494000089 ], [ 43.554494763000093, 10.024620545 ], [ 43.554562748000137, 10.024717096000131 ], [ 43.58662830600008, 10.070255751000104 ], [ 43.670126832, 10.188838142000179 ], [ 43.689002726000012, 10.215645186000074 ], [ 43.72088623000019, 10.260925293000128 ], [ 43.755548919000034, 10.295535142 ], [ 43.760923964000028, 10.300901993000082 ], [ 43.760925293000071, 10.300903320000089 ], [ 43.760933249000175, 10.300901993000082 ], [ 43.760933465, 10.300901957000065 ], [ 43.820922852000137, 10.290893555000139 ], [ 43.925453596000182, 10.233918938000045 ], [ 43.958980261000136, 10.215645186000074 ], [ 43.988369407000164, 10.199626594000051 ], [ 44.008162803000062, 10.188838178000026 ], [ 44.040974461000076, 10.170954141000095 ], [ 44.041076624000084, 10.171093436000149 ], [ 44.062397575000034, 10.200163628000041 ], [ 44.091239843000096, 10.239488810000068 ], [ 44.109323753000126, 10.264145438000014 ], [ 44.117893253000034, 10.275829580000106 ], [ 44.150942665000059, 10.320891021000023 ], [ 44.186268074000168, 10.383671923000122 ], [ 44.235774319000143, 10.471452199999987 ], [ 44.236676717000194, 10.473052256000074 ], [ 44.234416961000079, 10.475020409000081 ], [ 44.218021393000129, 10.491258620999986 ], [ 44.207138062000126, 10.50203704900008 ], [ 44.201683045000095, 10.507679939000184 ], [ 44.18427658100012, 10.518613815000151 ], [ 44.148620606, 10.547588348000033 ], [ 44.140403510000112, 10.552708802000041 ], [ 44.140143385000044, 10.552801585000168 ], [ 44.130794525999988, 10.555983543000025 ], [ 44.126694960000066, 10.556614314000058 ], [ 44.11751174900013, 10.558027268000103 ], [ 44.110225678000063, 10.562025071000051 ], [ 44.09608841000005, 10.571867943000143 ], [ 44.082804282000154, 10.58408163200005 ], [ 44.081909180000139, 10.584899902000075 ], [ 44.081899032000194, 10.584913937000067 ], [ 44.081886292000036, 10.584925651000162 ], [ 44.072403459000157, 10.59786267800007 ], [ 44.064441681000062, 10.608724594000137 ], [ 44.057842255000082, 10.613574982000159 ], [ 44.047760079000057, 10.619940615000075 ], [ 44.046875, 10.620483398000147 ], [ 44.046782251000138, 10.620557991000169 ], [ 44.046772004000104, 10.620564461000185 ], [ 44.01134989600007, 10.648985845000084 ], [ 43.995029449000185, 10.662080765000155 ], [ 43.977622986000142, 10.672082901000124 ], [ 43.965790896000101, 10.677321730000074 ], [ 43.956726074000017, 10.681274414000086 ], [ 43.954584750000151, 10.683306857000105 ], [ 43.953067780000026, 10.684697151000023 ], [ 43.94008116700013, 10.696601370999986 ], [ 43.935834355000111, 10.700494225000057 ], [ 43.929496765000124, 10.706303597000044 ], [ 43.857078553000065, 10.767384528999969 ], [ 43.856088025000133, 10.768300530000033 ], [ 43.838826398000037, 10.784263405000161 ], [ 43.838317871000129, 10.784729004000042 ], [ 43.833054329, 10.790162338000187 ], [ 43.829104409000024, 10.794234047000032 ], [ 43.829105338000033, 10.794235137000101 ], [ 43.82901822600013, 10.794328638000081 ], [ 43.816386172000136, 10.807368177000114 ], [ 43.812026353000078, 10.811838676000093 ], [ 43.789134978999982, 10.835435868000161 ], [ 43.76843261700003, 10.859020233000081 ], [ 43.763296321000098, 10.864870018000147 ], [ 43.730247498000097, 10.902509689000055 ], [ 43.697785015000079, 10.935185355000044 ], [ 43.692199708000032, 10.940807342000085 ], [ 43.683113098000149, 10.952993392999986 ], [ 43.674468994000108, 10.964579582000056 ], [ 43.664097415000185, 10.982843552000077 ], [ 43.647022248000042, 11.006999968 ], [ 43.632667113000082, 11.032564751000052 ], [ 43.625671387000125, 11.044921875 ], [ 43.621537507000028, 11.05070452800004 ], [ 43.615032196000129, 11.059671402000163 ], [ 43.598594666000054, 11.082313538000051 ], [ 43.584205627000131, 11.112128258000098 ], [ 43.574806213000102, 11.126644134000117 ], [ 43.565044403000115, 11.147130012000162 ], [ 43.557991028000117, 11.171793938000178 ], [ 43.555961609000178, 11.17889499600011 ], [ 43.553817749000075, 11.181148529000154 ], [ 43.528034210000044, 11.188419342000145 ], [ 43.525980216000107, 11.18735041399998 ], [ 43.525735156000053, 11.187222881000025 ], [ 43.526378517000069, 11.185317203000068 ], [ 43.527709961000141, 11.18389892600004 ], [ 43.539123535000158, 11.178710937000062 ], [ 43.540100098000039, 11.178283691000047 ], [ 43.538967262000142, 11.178040272000089 ], [ 43.532722473000092, 11.176564217000077 ], [ 43.528972626000041, 11.17763328500007 ], [ 43.521400452000023, 11.182990073999974 ], [ 43.517982482000036, 11.190045357000145 ], [ 43.516317987999969, 11.198733121999965 ], [ 43.516113281000173, 11.199707031000173 ], [ 43.515160749000074, 11.201586808 ], [ 43.502326965000123, 11.226810455000077 ], [ 43.499824524000076, 11.231730461000041 ], [ 43.496067047000167, 11.243608475000144 ], [ 43.493686676000095, 11.266776085000174 ], [ 43.493491999000071, 11.282729194000012 ], [ 43.493400573000145, 11.290221214000155 ], [ 43.488142209000102, 11.300223441000071 ], [ 43.486587524000129, 11.303180695000151 ], [ 43.485762514000101, 11.309714589 ], [ 43.485462035000182, 11.312094312 ], [ 43.480285644999981, 11.321716309000067 ], [ 43.479649288000189, 11.327639321000049 ], [ 43.479488373000095, 11.329009056000132 ], [ 43.479498770000191, 11.329040290000023 ], [ 43.479492188000165, 11.329101562000119 ], [ 43.48211106600013, 11.336897293000106 ], [ 43.483695984000178, 11.349330902000077 ], [ 43.489145730000075, 11.356165999000098 ], [ 43.492126465000069, 11.359924316000104 ], [ 43.492675781000059, 11.360290527000132 ], [ 43.504502856000101, 11.36748431500007 ], [ 43.504429350000066, 11.367674148000049 ], [ 43.503269195000087, 11.370670319000112 ], [ 43.498420914000121, 11.37124857200007 ], [ 43.493847134000077, 11.368817246000162 ], [ 43.486843109000063, 11.365032196000129 ], [ 43.478149414000086, 11.357719421000013 ], [ 43.471425359000193, 11.355402742000081 ], [ 43.459716797000056, 11.351318359000118 ], [ 43.455322266000167, 11.351684570000145 ], [ 43.455304716000114, 11.351702656000043 ], [ 43.45521163900014, 11.351710319 ], [ 43.447338105000085, 11.359818458000063 ], [ 43.438392639000142, 11.363763807999987 ], [ 43.434005807000062, 11.366262886000186 ], [ 43.431781769000111, 11.367529869000123 ], [ 43.430938385000104, 11.375246823000055 ], [ 43.430908203000115, 11.375488281000116 ], [ 43.429452539000124, 11.377026341000033 ], [ 43.427566529000046, 11.378933907000089 ], [ 43.409984589000146, 11.383382797000138 ], [ 43.391796950000128, 11.379912235000063 ], [ 43.390953064000087, 11.379751205000048 ], [ 43.387807949000035, 11.382552543000031 ], [ 43.386718750000057, 11.383483887000182 ], [ 43.372475768000186, 11.396761243000071 ], [ 43.35428619400011, 11.413670539000066 ], [ 43.34572982800006, 11.431187630000011 ], [ 43.343589783000141, 11.432979584000122 ], [ 43.34111237400009, 11.430933837000055 ], [ 43.336291389000053, 11.426952857 ], [ 43.334438324000132, 11.425422669000056 ], [ 43.331153869000048, 11.426269532000049 ], [ 43.320186615000182, 11.44718170100009 ], [ 43.315113068000073, 11.465003967000143 ] ] ], [ [ [ 43.461893438000118, 11.424294067000119 ], [ 43.468015551000121, 11.42745764700004 ], [ 43.468262475000131, 11.427811993000034 ], [ 43.468322754000042, 11.42791748000019 ], [ 43.469533363000153, 11.429635765000171 ], [ 43.472038269000109, 11.433230399000024 ], [ 43.472877531000051, 11.436875837 ], [ 43.473876953000172, 11.441528320000145 ], [ 43.473003502000097, 11.444976153000027 ], [ 43.472686767000084, 11.446119309000096 ], [ 43.471378369000035, 11.44685484300004 ], [ 43.469133198000179, 11.448110616000122 ], [ 43.466052907000119, 11.447819793000122 ], [ 43.462890625000114, 11.447509766000167 ], [ 43.459472656, 11.445922852000137 ], [ 43.459334758000182, 11.445880421000084 ], [ 43.458709717000033, 11.445590018000132 ], [ 43.453354790999981, 11.436493091000159 ], [ 43.450683594000054, 11.431884766000167 ], [ 43.454711914000086, 11.428100586000028 ], [ 43.455318738000074, 11.420940069000096 ], [ 43.461893438000118, 11.424294067000119 ] ] ], [ [ [ 43.337767163000137, 11.447692871000129 ], [ 43.338615417000142, 11.447710990000076 ], [ 43.359954834000177, 11.464213372000188 ], [ 43.360018186000104, 11.464345360000095 ], [ 43.360549110000136, 11.465451519000055 ], [ 43.362487793000071, 11.469726562 ], [ 43.36640657300012, 11.487886761000084 ], [ 43.367465973000037, 11.492903708000142 ], [ 43.36513220300003, 11.494554682000114 ], [ 43.363882069000113, 11.495439052000108 ], [ 43.35968017600004, 11.475891113000159 ], [ 43.356323242000087, 11.466918945000145 ], [ 43.335083008000026, 11.447692871000129 ], [ 43.337767163000137, 11.447692871000129 ] ] ], [ [ [ 43.45358206800006, 11.492546062000031 ], [ 43.455993652000132, 11.494044303000067 ], [ 43.456267632000049, 11.494438150000065 ], [ 43.45627221400008, 11.494444736000105 ], [ 43.456298828000115, 11.494506836000085 ], [ 43.460046254000076, 11.499869919000162 ], [ 43.466384888000107, 11.508981705 ], [ 43.464704680000182, 11.511465902000111 ], [ 43.463290148000056, 11.510741386000063 ], [ 43.459178859000133, 11.508601388999978 ], [ 43.458799958000156, 11.508167900000103 ], [ 43.452121735000105, 11.500398636000114 ], [ 43.451382225000032, 11.497830304000104 ], [ 43.450500488000159, 11.494506836000085 ], [ 43.45147705100004, 11.491271973000039 ], [ 43.45358206800006, 11.492546062000031 ] ] ] ] } },
{ "type": "Feature", "properties": { "adm1_name": "Bakool", "adm1_name1": null, "adm1_name2": null, "adm1_name3": null, "adm1_pcode": "SO25", "adm0_name": "Somalia", "adm0_name1": null, "adm0_name2": null, "adm0_name3": null, "adm0_pcode": "SO", "valid_on": "2025-01-08", "valid_to": null, "area_sqkm": 25797.613035679999, "version": "v03", "lang": "en", "lang1": null, "lang2": null, "lang3": null, "center_lat": 4.15475752, "center_lon": 43.85322331 }, "geometry": { "type": "Polygon", "coordinates": [ [ [ 44.030280000000118, 4.959680000000162 ], [ 44.015140000000144, 4.960440000000119 ], [ 44.00758, 4.958980000000111 ], [ 43.937940050000179, 4.941361510000036 ], [ 43.937891869000168, 4.941356287000076 ], [ 43.850309905000074, 4.919196215000113 ], [ 43.837032306000083, 4.915835629000014 ], [ 43.81386, 4.909970000000101 ], [ 43.789177432000031, 4.903285322000158 ], [ 43.71147691200008, 4.882235617000106 ], [ 43.67243390800013, 4.871654905000071 ], [ 43.65906, 4.868029999000157 ], [ 43.622218322000151, 4.856335942000101 ], [ 43.616883608000194, 4.854642445000025 ], [ 43.600569664000034, 4.849462563000088 ], [ 43.543518066000047, 4.831298828000115 ], [ 43.507704687000057, 4.81951811100015 ], [ 43.475026200000116, 4.808721735000177 ], [ 43.469180000000108, 4.80679 ], [ 43.434920000000147, 4.79468 ], [ 43.42147000000017, 4.788549999000054 ], [ 43.405365644000142, 4.780741879000061 ], [ 43.324320000000114, 4.74144 ], [ 43.323980032000065, 4.741267698000058 ], [ 43.252160271000037, 4.704862780000042 ], [ 43.235290527000075, 4.696289062000119 ], [ 43.213492441000028, 4.684142966000024 ], [ 43.169580000000167, 4.659619999000029 ], [ 43.164549497000053, 4.656590994000169 ], [ 43.139074341000025, 4.64125063900002 ], [ 43.127929687000062, 4.634521484000061 ], [ 43.121220465000192, 4.630472858000076 ], [ 43.08014, 4.60268 ], [ 43.060023601000069, 4.585542354000097 ], [ 43.044311522999976, 4.572082519999981 ], [ 43.040577614000028, 4.56733825900011 ], [ 43.039080000000126, 4.5654 ], [ 43.03779236600019, 4.563866244000167 ], [ 43.035522461000028, 4.561096191000047 ], [ 43.034912109000174, 4.560302734 ], [ 43.032449516000042, 4.554470277000178 ], [ 43.03033, 4.5492 ], [ 43.026992616000086, 4.543767958000103 ], [ 43.026123047000169, 4.542297363000159 ], [ 43.023925781000116, 4.535278320000032 ], [ 43.021911621000072, 4.528503418000071 ], [ 43.021301270000095, 4.523681641000167 ], [ 43.013040592000152, 4.485581375000095 ], [ 43.01233000000019, 4.482290000000148 ], [ 43.009700985000165, 4.474076798000056 ], [ 43.009700975000158, 4.474076769000135 ], [ 43.009666150000044, 4.473970195 ], [ 43.009340031000136, 4.473139589000027 ], [ 43.007324219000168, 4.467712402000132 ], [ 43.003479004000042, 4.461730957000043 ], [ 42.997680664000086, 4.451904297 ], [ 42.990295410000101, 4.437072754000042 ], [ 42.987980851000145, 4.433470625000155 ], [ 42.983145458000195, 4.425750115000142 ], [ 42.98116, 4.42258 ], [ 42.970155968000142, 4.404827689000058 ], [ 42.970092773000147, 4.404724121000015 ], [ 42.969299316000161, 4.403320312000119 ], [ 42.952087402000132, 4.379882812000176 ], [ 42.950034101000142, 4.37733388700002 ], [ 42.939670000000149, 4.36436 ], [ 42.931858901000169, 4.355294442000172 ], [ 42.925720215000126, 4.348083496000015 ], [ 42.898071289000029, 4.318481445000089 ], [ 42.885314941000104, 4.307922363000046 ], [ 42.885418803000164, 4.307618680000019 ], [ 43.051424819000033, 4.016523735000078 ], [ 43.05531685800014, 4.009855391000087 ], [ 43.088842667000165, 3.95219838600002 ], [ 43.088842703000182, 3.952198324 ], [ 43.091442072000063, 3.947742763000065 ], [ 43.091442108000081, 3.947742701000038 ], [ 43.091442129000143, 3.947742665000021 ], [ 43.101074219000054, 3.931518555000025 ], [ 43.140922582000144, 3.851516711000045 ], [ 43.14093017600004, 3.851501465000069 ], [ 43.140922582000144, 3.851433187999987 ], [ 43.138570193000078, 3.830283206000104 ], [ 43.138570189000063, 3.830283170000087 ], [ 43.132875920000117, 3.779086833000065 ], [ 43.132618333000039, 3.776768814000036 ], [ 43.129391641000041, 3.747731931000146 ], [ 43.120922089000032, 3.671514749000153 ], [ 43.120950288000131, 3.671505030000162 ], [ 43.236314447000098, 3.631744195000067 ], [ 43.23634861700009, 3.631684997000093 ], [ 43.41074087800007, 3.57152315400009 ], [ 43.410888672000056, 3.571472168000128 ], [ 43.411104693000084, 3.57152315400009 ], [ 43.466188375000115, 3.584524213000122 ], [ 43.466188411000132, 3.584524221000152 ], [ 43.470989637000173, 3.585657425000136 ], [ 43.561174829000038, 3.606871708000085 ], [ 43.580871582000043, 3.611511230000076 ], [ 43.599220563000074, 3.63168503300011 ], [ 43.680908203000058, 3.721496582000043 ], [ 43.745277722000083, 3.84103195800003 ], [ 43.750915527000132, 3.851501465000069 ], [ 43.759465982, 3.857894814000133 ], [ 43.775336666000101, 3.869795720000184 ], [ 43.790939331000061, 3.881494999000154 ], [ 43.792361356000072, 3.882127228000172 ], [ 43.797785266000119, 3.884645471000056 ], [ 43.797726178, 3.884704554000052 ], [ 43.797912597999982, 3.884704590000069 ], [ 43.816187287000105, 3.892807264999988 ], [ 43.848627388000068, 3.907190633000084 ], [ 43.880880699000159, 3.921491182000182 ], [ 43.880920410000158, 3.921508789000143 ], [ 43.950927734000061, 3.921508789000143 ], [ 43.950985552000077, 3.921491182000182 ], [ 44.0173170220001, 3.901291499000138 ], [ 44.017322526000044, 3.901289823000184 ], [ 44.017349760000172, 3.901281532000098 ], [ 44.18094635, 3.851496935000057 ], [ 44.211141248000104, 3.785641561000091 ], [ 44.247052827, 3.707300047000047 ], [ 44.273312107000038, 3.650003018000064 ], [ 44.276554075999968, 3.642928096 ], [ 44.281921455000088, 3.631214907000128 ], [ 44.284158793000131, 3.626327748000165 ], [ 44.291076660000044, 3.611511230000076 ], [ 44.310947454000143, 3.571769642000049 ], [ 44.311096191000104, 3.571472168000128 ], [ 44.311096191000104, 3.559569859000078 ], [ 44.311096191000104, 3.513671875000114 ], [ 44.311096191000104, 3.510681152000018 ], [ 44.311096191000104, 3.507873535000158 ], [ 44.311096191000104, 3.504882812000062 ], [ 44.311096191000104, 3.501892090000069 ], [ 44.311096191000104, 3.498901367000144 ], [ 44.311096191000104, 3.495910645000151 ], [ 44.311096191000104, 3.492919922000056 ], [ 44.311096191000104, 3.48992919900013 ], [ 44.311096191000104, 3.486877441000047 ], [ 44.311096191000104, 3.483886719000054 ], [ 44.311096191000104, 3.480895996000129 ], [ 44.311096191000104, 3.477905273000033 ], [ 44.311096191000104, 3.474914550999983 ], [ 44.311096191000104, 3.471923828000115 ], [ 44.311096191000104, 3.468872070000032 ], [ 44.311096191000104, 3.465881347999982 ], [ 44.311096191000104, 3.463073730000019 ], [ 44.311096191000104, 3.460083008000026 ], [ 44.311096191000104, 3.457092285000101 ], [ 44.311096191000104, 3.454101562 ], [ 44.311096191000104, 3.451110840000183 ], [ 44.311096191000104, 3.409426723000138 ], [ 44.311096191000104, 3.391479492000087 ], [ 44.310947454000143, 3.391234301000168 ], [ 44.302928545000043, 3.378015252000012 ], [ 44.293923145000122, 3.363169986000059 ], [ 44.286970210000106, 3.351583768000125 ], [ 44.280944824000187, 3.341543198000181 ], [ 44.301864114000182, 3.32867143500016 ], [ 44.33392038500017, 3.308947021999984 ], [ 44.372979741000051, 3.284913570000128 ], [ 44.410888672000056, 3.261474609000118 ], [ 44.421515614000043, 3.26203783700015 ], [ 44.435030411000128, 3.262754122 ], [ 44.43557123700009, 3.262782786000059 ], [ 44.471923828000115, 3.264709473000039 ], [ 44.555207252000173, 3.26876406000008 ], [ 44.567350555000132, 3.269371461000162 ], [ 44.610954285000105, 3.271549463000042 ], [ 44.640958997999974, 3.259540436 ], [ 44.660955644000182, 3.251537018000022 ], [ 44.780883789000086, 3.271484375000171 ], [ 44.78088378800004, 3.271484411000188 ], [ 44.780473254000128, 3.289640369000153 ], [ 44.77829012300009, 3.386189845000047 ], [ 44.772207108000089, 3.647751229 ], [ 44.772144602000083, 3.650270342000169 ], [ 44.770874023000033, 3.701477051000154 ], [ 44.782357019000131, 3.762302129999966 ], [ 44.800956726000152, 3.861495495000042 ], [ 44.77569489800004, 3.967996979000077 ], [ 44.765167978000136, 4.012377483000023 ], [ 44.751098633000026, 4.071472168000071 ], [ 44.750467829000058, 4.074351923 ], [ 44.749716429000046, 4.077519755000139 ], [ 44.749656677000075, 4.077771664000068 ], [ 44.749634212000103, 4.077880823000157 ], [ 44.744546620000108, 4.102601772000185 ], [ 44.723161265000044, 4.206913275999966 ], [ 44.681091309000124, 4.411499023000147 ], [ 44.680459119000034, 4.415201849000084 ], [ 44.679637051000043, 4.419211655000026 ], [ 44.679637015000026, 4.419211831000041 ], [ 44.678451778000124, 4.430817410000088 ], [ 44.678339023000092, 4.431450111000117 ], [ 44.676678391, 4.44076838400008 ], [ 44.664390640000192, 4.509718419000023 ], [ 44.592119643000103, 4.934772617000135 ], [ 44.092031542000143, 4.956994394000162 ], [ 44.085027665000155, 4.957298996000134 ], [ 44.085023742000089, 4.957305789999964 ], [ 44.084980135000137, 4.957301063000045 ], [ 44.030280000000118, 4.959680000000162 ] ] ] } },
{ "type": "Feature", "properties": { "adm1_name": "Banadir", "adm1_name1": null, "adm1_name2": null, "adm1_name3": null, "adm1_pcode": "SO22", "adm0_name": "Somalia", "adm0_name1": null, "adm0_name2": null, "adm0_name3": null, "adm0_pcode": "SO", "valid_on": "2025-01-08", "valid_to": null, "area_sqkm": 327.35153285000001, "version": "v03", "lang": "en", "lang1": null, "lang2": null, "lang3": null, "center_lat": 2.07676843, "center_lon": 45.3268053 }, "geometry": { "type": "Polygon", "coordinates": [ [ [ 45.553894043000128, 2.153503418000128 ], [ 45.555480957000157, 2.154479980000076 ], [ 45.555908203000115, 2.154907226999967 ], [ 45.556274414000143, 2.155273438 ], [ 45.556518555000025, 2.15570068400018 ], [ 45.557128906000173, 2.156921387000011 ], [ 45.557312012000011, 2.157104491999974 ], [ 45.557922363000159, 2.157897949000187 ], [ 45.558715820000032, 2.157897949000187 ], [ 45.559326172000056, 2.158081055000025 ], [ 45.559875488000046, 2.158325194999975 ], [ 45.560119629000098, 2.15850830100004 ], [ 45.560729980000019, 2.158691406 ], [ 45.561096191000047, 2.158874512000068 ], [ 45.561523437000062, 2.159301758000083 ], [ 45.562500000000114, 2.159729004000042 ], [ 45.563293457000157, 2.159912109 ], [ 45.564086914000143, 2.160095215000069 ], [ 45.564514160000158, 2.160278320000032 ], [ 45.565490723000039, 2.160278320000032 ], [ 45.566284180000025, 2.160705566000047 ], [ 45.567077637000068, 2.161071777000075 ], [ 45.567871094000054, 2.161499023000033 ], [ 45.568725586000085, 2.161926270000151 ], [ 45.569274902000075, 2.162109375000114 ], [ 45.569702148000033, 2.1629028320001 ], [ 45.570922852000137, 2.164306641 ], [ 45.571899414000143, 2.164916992000144 ], [ 45.572875977000194, 2.165283203000172 ], [ 45.57507324200003, 2.166076659999987 ], [ 45.576721191000047, 2.16687011700003 ], [ 45.577697754000098, 2.167480469000054 ], [ 45.578308105000076, 2.167907715000069 ], [ 45.579284668000128, 2.168518066000047 ], [ 45.579895019999981, 2.169128418000071 ], [ 45.580688477000194, 2.169128418000071 ], [ 45.58148193400001, 2.169494629000098 ], [ 45.582275391000053, 2.169677734000061 ], [ 45.582702637000068, 2.169921875000114 ], [ 45.583129883000026, 2.170104980000076 ], [ 45.583496094000054, 2.170104980000076 ], [ 45.583679199000187, 2.170288086000141 ], [ 45.583923340000069, 2.170288086000141 ], [ 45.584106445000032, 2.170471191000104 ], [ 45.584289551000097, 2.1707153320001 ], [ 45.584472656000059, 2.171081543000128 ], [ 45.584716797000056, 2.171508789000143 ], [ 45.584716797000056, 2.171691894999981 ], [ 45.585327148000033, 2.172119141 ], [ 45.586120605000076, 2.172485352000024 ], [ 45.586486816000047, 2.173095703000172 ], [ 45.586914062000062, 2.17327880900001 ], [ 45.587097168000128, 2.173706055000025 ], [ 45.587524414000143, 2.173889159999987 ], [ 45.588317871000129, 2.174499512000068 ], [ 45.588684082000157, 2.17468261700003 ], [ 45.589477538999972, 2.17468261700003 ], [ 45.590087891000053, 2.17468261700003 ], [ 45.590515137000068, 2.174926758000026 ], [ 45.590881348000039, 2.175109862999989 ], [ 45.591125487999989, 2.175292969000054 ], [ 45.591674805000082, 2.175720215000069 ], [ 45.592102051000097, 2.175903320000032 ], [ 45.592529297000056, 2.176086426000097 ], [ 45.592895508000083, 2.176513672000056 ], [ 45.593505859000061, 2.176696777000018 ], [ 45.594116211000085, 2.177124023000033 ], [ 45.594726562000062, 2.177490234000061 ], [ 45.595275879000155, 2.177917480000076 ], [ 45.596130371000129, 2.178894043000128 ], [ 45.596496582000157, 2.179321289000143 ], [ 45.597290039000143, 2.179870605000076 ], [ 45.597473145000038, 2.180297852000024 ], [ 45.597900391000053, 2.180480957000157 ], [ 45.598083496000186, 2.180480957000157 ], [ 45.598693848000039, 2.180908203000172 ], [ 45.599121094000054, 2.18109130900001 ], [ 45.599487305000082, 2.181518555000025 ], [ 45.59991455100004, 2.181701660000158 ], [ 45.600891113000046, 2.182128906000173 ], [ 45.601928711000085, 2.182128906000173 ], [ 45.602478027000075, 2.182128906000173 ], [ 45.603088379000098, 2.182128906000173 ], [ 45.603515625000114, 2.182312012000068 ], [ 45.603881836000141, 2.182678223000039 ], [ 45.604309082000157, 2.182922362999989 ], [ 45.604675293000128, 2.183288574000187 ], [ 45.60491943400018, 2.183471680000082 ], [ 45.605285645000038, 2.183715820000032 ], [ 45.605529785000158, 2.184082031000059 ], [ 45.605895996000186, 2.184509277000018 ], [ 45.606079102000024, 2.184692383000083 ], [ 45.606689453000172, 2.184692383000083 ], [ 45.606855506000159, 2.184909530000027 ], [ 45.587707519999981, 2.183288574000187 ], [ 45.533235409000042, 2.178298362000135 ], [ 45.507382648000146, 2.175867658000072 ], [ 45.460970960000111, 2.171649008000088 ], [ 45.46096961, 2.171648622000077 ], [ 45.460968201000185, 2.171648219000133 ], [ 45.390968323000152, 2.151650667000183 ], [ 45.343688965000126, 2.089904785000101 ], [ 45.342088889000081, 2.090417125000045 ], [ 45.341770497000027, 2.090519073000166 ], [ 45.331298828000058, 2.093872070000032 ], [ 45.327880859000118, 2.094909668000071 ], [ 45.327774012000077, 2.094943552000018 ], [ 45.326517317000082, 2.095342087000063 ], [ 45.301513672000112, 2.103271484000061 ], [ 45.301330566000047, 2.103271484000061 ], [ 45.295715332000157, 2.102294922000056 ], [ 45.294677734000118, 2.102111816 ], [ 45.293953946000101, 2.102247527000145 ], [ 45.29273054700019, 2.102547070000128 ], [ 45.289044506000096, 2.10344958100012 ], [ 45.288302456000167, 2.103631269000061 ], [ 45.287475586000141, 2.103881836000085 ], [ 45.284859087000143, 2.104576009000084 ], [ 45.284484863000046, 2.104675293000128 ], [ 45.284453511000152, 2.104576009000084 ], [ 45.28445282399997, 2.104573835000053 ], [ 45.28444408900009, 2.104575973000067 ], [ 45.284443942000166, 2.104576009000084 ], [ 45.284407236000106, 2.104584997000075 ], [ 45.284403330000146, 2.104576009000084 ], [ 45.281954143000121, 2.098940831000107 ], [ 45.280506637000087, 2.096921450000082 ], [ 45.277709961000141, 2.096313477000137 ], [ 45.273498534999987, 2.095275879000098 ], [ 45.26867675800014, 2.094116211000028 ], [ 45.266723633000083, 2.093688965000069 ], [ 45.265548578000107, 2.093297280000058 ], [ 45.264892578000172, 2.093078612999989 ], [ 45.264709473000039, 2.093078612999989 ], [ 45.264681642000141, 2.093078612999989 ], [ 45.264099121000186, 2.093078612999989 ], [ 45.263916016000053, 2.093322754000042 ], [ 45.263488770000038, 2.094482422000056 ], [ 45.262695312000119, 2.0964965820001 ], [ 45.261291504000098, 2.100097656000173 ], [ 45.254699707000157, 2.102294922000056 ], [ 45.25290207900008, 2.102839658 ], [ 45.252640278000172, 2.102928592000069 ], [ 45.251414950000083, 2.103344840999966 ], [ 45.250347962000035, 2.101437733000125 ], [ 45.248539189000041, 2.098204778000024 ], [ 45.248104064000188, 2.097427047000053 ], [ 45.247866552000119, 2.097002496000016 ], [ 45.246782817000053, 2.095065328000146 ], [ 45.245905524000193, 2.093497066000054 ], [ 45.245904673000041, 2.093495604000111 ], [ 45.243103027000018, 2.0886840820001 ], [ 45.243213121999986, 2.0886840820001 ], [ 45.243184928000176, 2.088633682000022 ], [ 45.243129985000166, 2.088535465000177 ], [ 45.246186475000059, 2.086617805000117 ], [ 45.245870960000161, 2.081118817000061 ], [ 45.245870943000114, 2.081118533000051 ], [ 45.233385169000144, 2.082092285000101 ], [ 45.23225118300013, 2.082188864000045 ], [ 45.227905273000033, 2.082519531000116 ], [ 45.227478027000075, 2.082519531000116 ], [ 45.227478027000075, 2.082092285000101 ], [ 45.227474637000114, 2.082074908000038 ], [ 45.227419846000146, 2.082034133000093 ], [ 45.227206666000086, 2.080933420000065 ], [ 45.22607170800012, 2.075073278000161 ], [ 45.226042165000081, 2.074920736000138 ], [ 45.225469568000051, 2.071964240000113 ], [ 45.225524902000188, 2.071716309000124 ], [ 45.225511239000014, 2.07170325200002 ], [ 45.225485464000144, 2.071716309000124 ], [ 45.225049966000142, 2.071936913000059 ], [ 45.224378978000061, 2.072276808000026 ], [ 45.224264100000141, 2.072335 ], [ 45.222483200000056, 2.073192800000186 ], [ 45.222161, 2.073360199999968 ], [ 45.221314400000153, 2.073787400000185 ], [ 45.220457203000194, 2.074215789000164 ], [ 45.220275879000098, 2.074279785000158 ], [ 45.220117504000086, 2.074402965000047 ], [ 45.219750800000099, 2.074622300000158 ], [ 45.219609169000194, 2.074707031000116 ], [ 45.219567600000062, 2.074731900000131 ], [ 45.219482422000112, 2.074783427000057 ], [ 45.219482422000112, 2.074890137000182 ], [ 45.219451823000156, 2.074920736000138 ], [ 45.219299316000047, 2.075073242000144 ], [ 45.218889456000056, 2.074920736000138 ], [ 45.216674805000082, 2.074096679999968 ], [ 45.216125488000159, 2.07391357400013 ], [ 45.215686622000078, 2.073694142000079 ], [ 45.215616041000033, 2.073669885000129 ], [ 45.215323334000061, 2.073569287000169 ], [ 45.214285173000064, 2.07321249 ], [ 45.21428510100003, 2.073212467000133 ], [ 45.213073730000076, 2.072875976999967 ], [ 45.208359078000058, 2.07130442600004 ], [ 45.208312988000159, 2.071289063000108 ], [ 45.208359078000058, 2.071289063000108 ], [ 45.208496094000054, 2.071289063000108 ], [ 45.208518574000152, 2.071230613000068 ], [ 45.208359114000075, 2.071175809000181 ], [ 45.208359078000058, 2.071175796999967 ], [ 45.208302559000117, 2.071156372000075 ], [ 45.208359078000058, 2.071017651000034 ], [ 45.215616041000033, 2.053206064000051 ], [ 45.227291161000039, 2.024550493999982 ], [ 45.22754615000008, 2.023919517000081 ], [ 45.228063649000035, 2.022638954000115 ], [ 45.22929279900012, 2.019597396000165 ], [ 45.22952000000015, 2.01908 ], [ 45.229559984000105, 2.018834740000102 ], [ 45.229542037000101, 2.011211244000151 ], [ 45.229603725000061, 1.98918322600008 ], [ 45.229608803000133, 1.987369952000165 ], [ 45.229612958000018, 1.985886378000146 ], [ 45.229624643000193, 1.981712845000061 ], [ 45.229625313000099, 1.981474030000072 ], [ 45.229626308999968, 1.981118941000091 ], [ 45.22962982700011, 1.979862519000051 ], [ 45.229640000000131, 1.976230000000157 ], [ 45.229833964000193, 1.975897149000048 ], [ 45.22991943400018, 1.972032503000037 ], [ 45.22991943400018, 1.971496582000043 ], [ 45.229933721, 1.971387042 ], [ 45.229964308000149, 1.970005736000132 ], [ 45.229991550000079, 1.968772981000029 ], [ 45.229999015000089, 1.96843519600003 ], [ 45.231689453000172, 1.969909668000184 ], [ 45.232116699000187, 1.972473145000095 ], [ 45.232482909999987, 1.97290039100011 ], [ 45.232939235000174, 1.973462022000092 ], [ 45.23327636700003, 1.973876953000058 ], [ 45.234313965000069, 1.974914551000154 ], [ 45.235717773000033, 1.976501465000183 ], [ 45.238098144999981, 1.977478027000132 ], [ 45.238281250000171, 1.977478027000132 ], [ 45.238891602000194, 1.977905273000147 ], [ 45.240905762000068, 1.978881836000028 ], [ 45.241683772000101, 1.979000229000121 ], [ 45.242684311000062, 1.9791524850001 ], [ 45.243713379000098, 1.979309082000043 ], [ 45.244506836000085, 1.979675293000014 ], [ 45.245300293000128, 1.980285645000095 ], [ 45.246001039000191, 1.980285644 ], [ 45.246093750000114, 1.980285645000095 ], [ 45.246704102000194, 1.980529785000044 ], [ 45.247680663999972, 1.981079102000081 ], [ 45.249328612999989, 1.981872559000124 ], [ 45.251953131000107, 1.982680103000121 ], [ 45.25329589800009, 1.983093262000125 ], [ 45.253528039000173, 1.983325403000094 ], [ 45.253745606000166, 1.983458650000159 ], [ 45.254272461000141, 1.983886719000168 ], [ 45.25531005900018, 1.984497070000089 ], [ 45.258300781, 1.986328125000171 ], [ 45.258698233000075, 1.986498462000156 ], [ 45.258754608000174, 1.986533096000187 ], [ 45.25901000000016, 1.986690000000181 ], [ 45.260353458000111, 1.987159558000144 ], [ 45.26110839800009, 1.987487793000014 ], [ 45.262329102000194, 1.98852539100011 ], [ 45.262878418000128, 1.988891602000081 ], [ 45.263488770000038, 1.989074707000043 ], [ 45.26666376999998, 1.990093103000106 ], [ 45.268183613000076, 1.991344288000164 ], [ 45.268919182000104, 1.991880608000145 ], [ 45.26892089800009, 1.99188232400013 ], [ 45.269104004000098, 1.992126465000126 ], [ 45.270588112000155, 1.99294528300004 ], [ 45.270850000000166, 1.99311 ], [ 45.271236124000154, 1.993334369000081 ], [ 45.273071289000029, 1.994506836000028 ], [ 45.274735475000057, 1.995731426000077 ], [ 45.276294903000121, 1.996978074000026 ], [ 45.277505932000054, 1.99781011500005 ], [ 45.27868652300009, 1.998718262000125 ], [ 45.279907227000194, 1.999511719000111 ], [ 45.280883789000029, 2.000305176000154 ], [ 45.281239417000108, 2.000610000000165 ], [ 45.281311034999987, 2.000671387000182 ], [ 45.281494141000053, 2.000671387000182 ], [ 45.281718518000048, 2.000671387000182 ], [ 45.281900000000178, 2.00071 ], [ 45.282175772000073, 2.000968169000032 ], [ 45.282287598000096, 2.00109863299997 ], [ 45.283325195000032, 2.002075195000145 ], [ 45.283545678000053, 2.002212997000186 ], [ 45.28416, 2.002690000000143 ], [ 45.284650851000094, 2.00303464000001 ], [ 45.285095215000126, 2.003479004000042 ], [ 45.286071777000075, 2.003723145000095 ], [ 45.286682129000155, 2.003723145000095 ], [ 45.28694528800014, 2.00357276800014 ], [ 45.287080000000117, 2.0035400000001 ], [ 45.287144970000156, 2.003461206000168 ], [ 45.287475586000141, 2.003295898000147 ], [ 45.287475586000141, 2.003112793000184 ], [ 45.288085937000119, 2.003112793000184 ], [ 45.288879395000038, 2.003295898000147 ], [ 45.290100098000039, 2.003723145000095 ], [ 45.290855462000195, 2.003723145000095 ], [ 45.291510000000187, 2.0041 ], [ 45.291606179000041, 2.004120037000064 ], [ 45.292114258000083, 2.004272461000028 ], [ 45.292297353000038, 2.003906270000016 ], [ 45.292297500000132, 2.003906250000057 ], [ 45.292724609000061, 2.003906250000057 ], [ 45.292907715000126, 2.003906250000057 ], [ 45.293884277000075, 2.003906250000057 ], [ 45.293884277000075, 2.003666328000065 ], [ 45.293970000000172, 2.0035400000001 ], [ 45.293752649000055, 2.003112793000184 ], [ 45.294128418000128, 2.003112793000184 ], [ 45.294677734000118, 2.003295898000147 ], [ 45.294989521000048, 2.003429521000101 ], [ 45.29500000000013, 2.003440000000182 ], [ 45.294440000000122, 2.003720000000101 ], [ 45.294565022000029, 2.003934323000124 ], [ 45.294677734000118, 2.004272461000028 ], [ 45.294952470999988, 2.004664940999987 ], [ 45.29500000000013, 2.004760000000147 ], [ 45.295033524000075, 2.004780732000086 ], [ 45.295104980000076, 2.004882813000108 ], [ 45.295768996000163, 2.00524036000013 ], [ 45.296420000000182, 2.005990000000111 ], [ 45.296422583000151, 2.005991448000088 ], [ 45.296508788999972, 2.00610351600011 ], [ 45.296753373000172, 2.006176891000052 ], [ 45.297080000000108, 2.00636 ], [ 45.297691491000137, 2.006286621000072 ], [ 45.297912598000039, 2.006286621000072 ], [ 45.298095703, 2.00610351600011 ], [ 45.298261927999988, 2.006269741000096 ], [ 45.29802, 2.006840000000125 ], [ 45.298202766000088, 2.007146785000032 ], [ 45.298278809000067, 2.007324219000111 ], [ 45.29907226600011, 2.008117676000154 ], [ 45.299316406000059, 2.008117676000154 ], [ 45.300011289000054, 2.007903866000049 ], [ 45.30019, 2.008440000000178 ], [ 45.300166902000058, 2.008483887000182 ], [ 45.300109863000046, 2.008483887000182 ], [ 45.300152087000185, 2.00851203600007 ], [ 45.300140130000159, 2.008534752 ], [ 45.300264409000022, 2.008586917000173 ], [ 45.300476074000073, 2.008728027000132 ], [ 45.300903320000089, 2.008728027000132 ], [ 45.301733672000182, 2.008944641000085 ], [ 45.30217, 2.0091 ], [ 45.302357723000057, 2.009465566000131 ], [ 45.302360000000135, 2.009470000000135 ], [ 45.302070000000128, 2.00995 ], [ 45.302450000000135, 2.01061 ], [ 45.302460558000121, 2.010616853000045 ], [ 45.302490234000118, 2.010681152000132 ], [ 45.303100586000141, 2.011108398000147 ], [ 45.303211565000026, 2.011174986000128 ], [ 45.303580000000181, 2.011550000000113 ], [ 45.304240000000107, 2.01193000000012 ], [ 45.304615568000088, 2.011969766 ], [ 45.305114746000186, 2.012084961000028 ], [ 45.305703520000066, 2.012084961000028 ], [ 45.30594, 2.01211 ], [ 45.30614865900003, 2.012084961000028 ], [ 45.306701660000044, 2.012084961000028 ], [ 45.307128906, 2.01171875 ], [ 45.307128906, 2.011474609000174 ], [ 45.306980000000124, 2.011474609000174 ], [ 45.306980000000124, 2.01145 ], [ 45.306951015000152, 2.011393556000144 ], [ 45.306884766000053, 2.011264544000085 ], [ 45.306884766000053, 2.011108398000147 ], [ 45.306667656000059, 2.010999844000025 ], [ 45.3065, 2.010890000000188 ], [ 45.306412589000161, 2.010819327000149 ], [ 45.306091309000067, 2.010498047 ], [ 45.306274414000029, 2.010498047 ], [ 45.306384766000122, 2.010498047 ], [ 45.30641, 2.01051 ], [ 45.306689640000116, 2.010583588999964 ], [ 45.306837539000185, 2.010657539000078 ], [ 45.30735, 2.011170000000106 ], [ 45.30773, 2.011550000000113 ], [ 45.307866896000178, 2.01158242300005 ], [ 45.308105469000111, 2.01171875 ], [ 45.308480125000187, 2.01171875 ], [ 45.308580000000177, 2.01174 ], [ 45.308902494000051, 2.01181208700001 ], [ 45.309082031000059, 2.01190185500019 ], [ 45.309304090000069, 2.01190185500019 ], [ 45.309430000000191, 2.01193000000012 ], [ 45.31018, 2.01249 ], [ 45.310840000000155, 2.01296 ], [ 45.311590000000194, 2.01325 ], [ 45.3116166800001, 2.013257276000161 ], [ 45.311706543000128, 2.013305664000029 ], [ 45.312316895000038, 2.013488770000095 ], [ 45.312493094000104, 2.01357686900019 ], [ 45.31273, 2.01372 ], [ 45.312814378000041, 2.013854646000027 ], [ 45.313200000000165, 2.014470000000131 ], [ 45.313682397000036, 2.014894509000158 ], [ 45.31395, 2.01513 ], [ 45.314064127000165, 2.015064290000055 ], [ 45.314086914000029, 2.015075684000124 ], [ 45.314697266000053, 2.014892578000058 ], [ 45.314880371000015, 2.014892578000058 ], [ 45.315653693000058, 2.014892578000058 ], [ 45.315814741000054, 2.015114019 ], [ 45.31603, 2.01541 ], [ 45.316079609000155, 2.015452844000095 ], [ 45.316101074000073, 2.015502930000139 ], [ 45.316711426000097, 2.016113281000116 ], [ 45.31750488300014, 2.016296387000125 ], [ 45.317871094000111, 2.016113281000116 ], [ 45.318371098000114, 2.016470427000172 ], [ 45.318670000000168, 2.01673 ], [ 45.31942, 2.01749 ], [ 45.319654286000059, 2.017584711000154 ], [ 45.319885254000155, 2.017700195000145 ], [ 45.320635131000131, 2.017873244000157 ], [ 45.32102, 2.01834 ], [ 45.32149, 2.018710000000112 ], [ 45.32234, 2.018710000000112 ], [ 45.322909219000167, 2.018710000000112 ], [ 45.32312011700003, 2.018920898000147 ], [ 45.3236632280001, 2.019046232000051 ], [ 45.32404, 2.01919 ], [ 45.32489, 2.01956 ], [ 45.325740000000167, 2.01994 ], [ 45.326680000000124, 2.020220000000165 ], [ 45.32781, 2.02079 ], [ 45.328660000000184, 2.02088 ], [ 45.32979, 2.020980000000179 ], [ 45.330909511000073, 2.021639712000024 ], [ 45.330910000000188, 2.02164 ], [ 45.330904784000097, 2.021641671000111 ], [ 45.33148140000003, 2.021843092000154 ], [ 45.331909180000082, 2.022094727000137 ], [ 45.332092285000044, 2.022094727000137 ], [ 45.332120628000155, 2.02206638399997 ], [ 45.33229073800004, 2.022125806000133 ], [ 45.333273274000135, 2.022469020000074 ], [ 45.333312988000046, 2.022521973000096 ], [ 45.333496094000111, 2.022705078000058 ], [ 45.333679199000073, 2.022888184000124 ], [ 45.33508300800014, 2.022521973000096 ], [ 45.33532714800009, 2.022521973000096 ], [ 45.335521802000017, 2.022392204000141 ], [ 45.33579, 2.022350000000188 ], [ 45.34195, 2.02504 ], [ 45.34204, 2.025220000000161 ], [ 45.33705, 2.02801 ], [ 45.337080000000185, 2.02819 ], [ 45.337097168000184, 2.02819 ], [ 45.337097168000184, 2.028320312000176 ], [ 45.337280273000147, 2.028320312000176 ], [ 45.337524413999972, 2.028503418000014 ], [ 45.337685664, 2.028342168 ], [ 45.337718447000157, 2.028325776000088 ], [ 45.338073730000133, 2.028503418000014 ], [ 45.338073730000133, 2.028686522999976 ], [ 45.338500977000081, 2.028930664000029 ], [ 45.338684082000043, 2.029113770000095 ], [ 45.339044335000096, 2.028959375 ], [ 45.339111328, 2.029190130000188 ], [ 45.339111328, 2.029296875000057 ], [ 45.339174994000132, 2.029360541000187 ], [ 45.33921, 2.02945 ], [ 45.339294434000067, 2.029618867000067 ], [ 45.339294434000067, 2.029724121000072 ], [ 45.339721680000082, 2.029724121000072 ], [ 45.339965367000104, 2.029845965 ], [ 45.33997, 2.02985 ], [ 45.339976875000161, 2.029851719000135 ], [ 45.34008789100011, 2.029907227000081 ], [ 45.340270996000072, 2.030090332000043 ], [ 45.34069824200003, 2.030090332000043 ], [ 45.34092583000006, 2.030090332000043 ], [ 45.341000000000179, 2.03012 ], [ 45.341125540000064, 2.030273438000108 ], [ 45.340995673000066, 2.030273438000108 ], [ 45.340820000000178, 2.03021 ], [ 45.340560000000153, 2.030160000000137 ], [ 45.340690000000109, 2.030300000000182 ], [ 45.340613211000061, 2.03048311200007 ], [ 45.340560000000153, 2.03061 ], [ 45.340650000000153, 2.03093 ], [ 45.341141623000055, 2.031194156000083 ], [ 45.341308594000111, 2.031311035000101 ], [ 45.341350356000191, 2.031394559999967 ], [ 45.341410000000167, 2.0316 ], [ 45.34154, 2.031740000000127 ], [ 45.341821057000118, 2.031760819000169 ], [ 45.342102051000097, 2.031921387000125 ], [ 45.342285156000059, 2.031677246000072 ], [ 45.342420755000035, 2.031575547000102 ], [ 45.34253, 2.031510000000139 ], [ 45.342760000000112, 2.031510000000139 ], [ 45.342980000000182, 2.03187 ], [ 45.343051278000075, 2.031857604000095 ], [ 45.343078613000102, 2.031921387000125 ], [ 45.343322754000155, 2.031921387000125 ], [ 45.343322754000155, 2.031677246000072 ], [ 45.34321, 2.03159268100012 ], [ 45.34321, 2.031560000000184 ], [ 45.343042541000159, 2.031458069000166 ], [ 45.34289550800014, 2.031311035000101 ], [ 45.343078613000102, 2.031311035000101 ], [ 45.343322754000155, 2.03149414100011 ], [ 45.343405527000129, 2.031535527000187 ], [ 45.343610000000126, 2.031740000000127 ], [ 45.343772662000049, 2.031872539000176 ], [ 45.343818877000047, 2.031980374000113 ], [ 45.343610000000126, 2.03205 ], [ 45.343358094000052, 2.0322645870001 ], [ 45.343493605000162, 2.03235253600019 ], [ 45.343690000000151, 2.032479998999975 ], [ 45.34397, 2.03254 ], [ 45.343973730000187, 2.032543177000093 ], [ 45.344240000000184, 2.03277 ], [ 45.344150000000184, 2.033170000000155 ], [ 45.344240000000184, 2.03344 ], [ 45.344010000000139, 2.03362 ], [ 45.34379, 2.03398 ], [ 45.343872070000089, 2.034435946000087 ], [ 45.343872070000089, 2.034484863000159 ], [ 45.344909668000184, 2.035095215000183 ], [ 45.345275878999985, 2.035278320000145 ], [ 45.346130371000186, 2.035278320000145 ], [ 45.346624075000193, 2.035368085000016 ], [ 45.34734, 2.03555 ], [ 45.348442762000104, 2.035813346 ], [ 45.348693848000096, 2.035888672000056 ], [ 45.350280762000125, 2.036071777000188 ], [ 45.350459230000126, 2.036071777000188 ], [ 45.35124, 2.03614 ], [ 45.35187000000019, 2.03614 ], [ 45.352037973000108, 2.036103484000023 ], [ 45.352100000000178, 2.036130000000128 ], [ 45.352268319000189, 2.036098206000133 ], [ 45.353, 2.03596 ], [ 45.353060357000174, 2.035895138000058 ], [ 45.353088379000155, 2.035888672000056 ], [ 45.353698730000133, 2.035278320000145 ], [ 45.353808883000113, 2.03505801600005 ], [ 45.353899739000155, 2.034938963000059 ], [ 45.354033055000173, 2.035138938000159 ], [ 45.354070000000149, 2.035280000000114 ], [ 45.354390000000137, 2.035280000000114 ], [ 45.354392646000179, 2.035278320000145 ], [ 45.354492188000052, 2.035278320000145 ], [ 45.355102539000029, 2.034912109000118 ], [ 45.355285645000095, 2.034301758000026 ], [ 45.355529785000044, 2.033508301000154 ], [ 45.355831267000099, 2.033809782000162 ], [ 45.35601, 2.035190000000114 ], [ 45.35587, 2.036270000000115 ], [ 45.355897604000177, 2.03630680599997 ], [ 45.355895996000015, 2.036315918000014 ], [ 45.356079102000081, 2.036682129000042 ], [ 45.357482910000044, 2.037109375000057 ], [ 45.358755457000086, 2.037275359000091 ], [ 45.358920000000126, 2.03731 ], [ 45.36005, 2.037530000000118 ], [ 45.360396538000089, 2.037812888000076 ], [ 45.36047363299997, 2.037902832000043 ], [ 45.361511230000133, 2.038513184000124 ], [ 45.361619323000127, 2.038563073000091 ], [ 45.36229, 2.03897 ], [ 45.363190000000145, 2.03973 ], [ 45.36378, 2.04022 ], [ 45.3637, 2.04043 ], [ 45.363753765000126, 2.040466986000126 ], [ 45.363708496000015, 2.040527344000168 ], [ 45.363841505000096, 2.040527344000168 ], [ 45.36668, 2.04248 ], [ 45.367143661000114, 2.042866940000124 ], [ 45.368103027000132, 2.043701172 ], [ 45.368959676000031, 2.04417380600006 ], [ 45.369820000000175, 2.044690000000116 ], [ 45.36993708100016, 2.044677734000174 ], [ 45.370483398000147, 2.044677734000174 ], [ 45.370910645000038, 2.044677734000174 ], [ 45.371887207000043, 2.045288086000028 ], [ 45.372192127000062, 2.045501530000138 ], [ 45.372430724000139, 2.045709340000087 ], [ 45.372543810000082, 2.045807834000072 ], [ 45.372680664000029, 2.046081543000071 ], [ 45.373731434000149, 2.046470717000091 ], [ 45.374234383999976, 2.046722192000061 ], [ 45.374590000000126, 2.0469 ], [ 45.375206543000047, 2.047097486000041 ], [ 45.37609863300014, 2.047485352000137 ], [ 45.377075195000145, 2.047729492000087 ], [ 45.379233315000192, 2.048592740000117 ], [ 45.37937, 2.04865 ], [ 45.38053, 2.0497 ], [ 45.38158, 2.0502800000001 ], [ 45.381730022000056, 2.050295520000134 ], [ 45.382819035000182, 2.050467469000068 ], [ 45.383132650000107, 2.050735189000022 ], [ 45.383483887000125, 2.05108642600004 ], [ 45.384004941000114, 2.051346953000177 ], [ 45.385254741000097, 2.052040622000106 ], [ 45.385681152000132, 2.052307129000042 ], [ 45.387084961000028, 2.053100586000028 ], [ 45.387942025000086, 2.053229146000035 ], [ 45.388210000000129, 2.053310000000124 ], [ 45.388245355000095, 2.053274645000158 ], [ 45.388305664000029, 2.053283691 ], [ 45.38891601600011, 2.052673340000069 ], [ 45.38952636700003, 2.052307129000042 ], [ 45.390686035000101, 2.051879883000026 ], [ 45.391113431000122, 2.052131292000126 ], [ 45.391590000000178, 2.052490000000148 ], [ 45.391590000000178, 2.053540000000169 ], [ 45.392170000000192, 2.054010000000176 ], [ 45.392205801000046, 2.054010000000176 ], [ 45.39227294900013, 2.054077148000033 ], [ 45.392883301000154, 2.054077148000033 ], [ 45.393410924000193, 2.05434096 ], [ 45.39439, 2.05494 ], [ 45.39543, 2.05552 ], [ 45.396241300000099, 2.056440132000148 ], [ 45.396301270000095, 2.056518555000139 ], [ 45.397521973000096, 2.057128906000116 ], [ 45.399291992000087, 2.057128906000116 ], [ 45.400329590000126, 2.058105469000168 ], [ 45.400878906000116, 2.058105469000168 ], [ 45.401123047000169, 2.059509277000132 ], [ 45.401672363000159, 2.060485840000013 ], [ 45.402565265000135, 2.060641127 ], [ 45.403000000000134, 2.060760000000187 ], [ 45.403544042000192, 2.06110427700014 ], [ 45.404296875000057, 2.061706543000071 ], [ 45.405517578000058, 2.062316895000095 ], [ 45.407104492000087, 2.062316895000095 ], [ 45.407116152000185, 2.06233802800017 ], [ 45.40801, 2.06402 ], [ 45.40805920400004, 2.064047309000102 ], [ 45.408081055000139, 2.064086914000086 ], [ 45.410095215000183, 2.065307617000087 ], [ 45.412238120000097, 2.066498120000119 ], [ 45.412316641000132, 2.066576641000154 ], [ 45.412475586000028, 2.066894531000116 ], [ 45.413879395000095, 2.068298340000013 ], [ 45.416687012000182, 2.070129395000095 ], [ 45.416908705000139, 2.070231715000034 ], [ 45.419530000000179, 2.071700000000135 ], [ 45.421215595000149, 2.073104662000162 ], [ 45.42163, 2.07345000000015 ], [ 45.422614667000062, 2.074542511 ], [ 45.423706055000139, 2.075927734000174 ], [ 45.425109863000102, 2.076293944999975 ], [ 45.426086425999983, 2.07647705100004 ], [ 45.426384271000018, 2.07647705100004 ], [ 45.426400000000172, 2.07648 ], [ 45.42802118000003, 2.07705686200012 ], [ 45.428033706000178, 2.07706167900011 ], [ 45.428931689000137, 2.077468577 ], [ 45.429321289000029, 2.077697754000042 ], [ 45.429321289000029, 2.077880859 ], [ 45.429436882000118, 2.078073515000142 ], [ 45.42955, 2.07846 ], [ 45.42987060500019, 2.078991289000044 ], [ 45.42987060500019, 2.079101563000108 ], [ 45.430088650000016, 2.079166976000124 ], [ 45.430940000000135, 2.07974 ], [ 45.432920000000195, 2.08113 ], [ 45.432922363000102, 2.081380114000069 ], [ 45.432927379000148, 2.081911109000032 ], [ 45.434509277000132, 2.082519531000116 ], [ 45.4375, 2.084472656000173 ], [ 45.43969726600011, 2.085876465000069 ], [ 45.44110107400013, 2.086730957000043 ], [ 45.441711426000154, 2.087097168000071 ], [ 45.443298340000183, 2.087890625000114 ], [ 45.444702147999976, 2.0886840820001 ], [ 45.444885254000042, 2.088928223000153 ], [ 45.445312500000057, 2.089477539000143 ], [ 45.446289063000108, 2.090270996000129 ], [ 45.44750976600011, 2.090881347999982 ], [ 45.450500488000159, 2.09210205100004 ], [ 45.452514648000147, 2.093322754000042 ], [ 45.455078125000057, 2.095092773000033 ], [ 45.456909180000139, 2.095886230000019 ], [ 45.45928955100004, 2.097290039000086 ], [ 45.462280273000033, 2.098876953000115 ], [ 45.463500977000137, 2.09991455100004 ], [ 45.464904785000101, 2.100280762000011 ], [ 45.465881348000153, 2.101074219000054 ], [ 45.466918945000145, 2.101501465000069 ], [ 45.468322754000042, 2.102111816 ], [ 45.469482422000056, 2.102905273000033 ], [ 45.470275879000042, 2.103698730000019 ], [ 45.471130371000072, 2.104125977000137 ], [ 45.472106934000124, 2.104675293000128 ], [ 45.473083496000129, 2.105102539000086 ], [ 45.473510742000087, 2.105285645000151 ], [ 45.474670410000158, 2.105102539000086 ], [ 45.475097656000116, 2.105712891000167 ], [ 45.476074219000054, 2.106323242000144 ], [ 45.476684569999975, 2.106506347999982 ], [ 45.477294922000056, 2.106506347999982 ], [ 45.477722168000071, 2.106689453000115 ], [ 45.478271484, 2.106689453000115 ], [ 45.4793090820001, 2.107299805000025 ], [ 45.479675293000071, 2.10687255900018 ], [ 45.480102539000086, 2.106506347999982 ], [ 45.480285645000151, 2.106323242000144 ], [ 45.480712891000167, 2.106323242000144 ], [ 45.481079102000137, 2.106506347999982 ], [ 45.481506348000153, 2.106689453000115 ], [ 45.481689453000115, 2.10711669900013 ], [ 45.48187255900018, 2.10711669900013 ], [ 45.482299804999968, 2.107482910000158 ], [ 45.482910156000116, 2.107482910000158 ], [ 45.483228563000125, 2.107899289000045 ], [ 45.483703613000159, 2.108520508000026 ], [ 45.48468017600004, 2.109130859000174 ], [ 45.485290527000188, 2.109130859000174 ], [ 45.485717772999976, 2.109313965000013 ], [ 45.486083984000174, 2.10968017600004 ], [ 45.487304687, 2.110717773000033 ], [ 45.487915039000086, 2.111694336000085 ], [ 45.488281250000114, 2.111511230000019 ], [ 45.489318848000153, 2.112304687000062 ], [ 45.490112304999968, 2.112670898000033 ], [ 45.490478516000167, 2.113098145000151 ], [ 45.491088867000144, 2.113281250000114 ], [ 45.494506836000085, 2.11468505900018 ], [ 45.495300293000071, 2.11492919900013 ], [ 45.496276855000076, 2.116088867000144 ], [ 45.497070312000062, 2.116699219000054 ], [ 45.498474121000129, 2.11749267600004 ], [ 45.499328613000159, 2.117675781000173 ], [ 45.500488281000173, 2.118103027000188 ], [ 45.500915527000188, 2.118286133000083 ], [ 45.502075195000032, 2.11932373000019 ], [ 45.502929687000176, 2.119873047000112 ], [ 45.503479004000098, 2.120910645000151 ], [ 45.506286621000129, 2.123474121000129 ], [ 45.510314941, 2.125915527000188 ], [ 45.514282227000194, 2.128479004000098 ], [ 45.519104004000042, 2.130676269999981 ], [ 45.521118164000086, 2.131896973000039 ], [ 45.52569580100004, 2.135681152000018 ], [ 45.526489258000083, 2.136474609000061 ], [ 45.527709961000085, 2.136901855000076 ], [ 45.528076172000112, 2.137329102000137 ], [ 45.528686523000033, 2.137695312000062 ], [ 45.529113770000151, 2.137878418000128 ], [ 45.529724121000129, 2.138488769999981 ], [ 45.5300903320001, 2.138671875000114 ], [ 45.530883789000143, 2.139099121000129 ], [ 45.531494141000167, 2.139282227000024 ], [ 45.531921387000182, 2.139709472999982 ], [ 45.533691406000173, 2.140686035000158 ], [ 45.535705566000047, 2.142089844000054 ], [ 45.537292480000076, 2.143127441 ], [ 45.543701172000056, 2.146728516000167 ], [ 45.546691895000151, 2.148925781000173 ], [ 45.548889160000158, 2.15069580100004 ], [ 45.549499512000011, 2.151489258000083 ], [ 45.550903320000032, 2.152282715000069 ], [ 45.551879883000083, 2.152709961000085 ], [ 45.552307129000098, 2.153076172000112 ], [ 45.552673340000069, 2.153320312000062 ], [ 45.553283691000047, 2.153076172000112 ], [ 45.553894043000128, 2.153503418000128 ] ] ] } },
{ "type": "Feature", "properties": { "adm1_name": "Bari", "adm1_name1": null, "adm1_name2": null, "adm1_name3": null, "adm1_pcode": "SO16", "adm0_name": "Somalia", "adm0_name1": null, "adm0_name2": null, "adm0_name3": null, "adm0_pcode": "SO", "valid_on": "2025-01-08", "valid_to": null, "area_sqkm": 68077.028706490004, "version": "v03", "lang": "en", "lang1": null, "lang2": null, "lang3": null, "center_lat": 10.16398096, "center_lon": 49.97231933 }, "geometry": { "type": "Polygon", "coordinates": [ [ [ 50.798770905000083, 11.983558655000138 ], [ 50.79153823900009, 11.985202789000141 ], [ 50.773784638000109, 11.984367371000076 ], [ 50.770509134000179, 11.982595365 ], [ 50.769927728000027, 11.982280832000015 ], [ 50.769714355000076, 11.982116699000017 ], [ 50.76312255900018, 11.972106934000067 ], [ 50.765675465000186, 11.970526563000135 ], [ 50.766366269000116, 11.971300234000068 ], [ 50.771884918000126, 11.977480888000059 ], [ 50.772550653000053, 11.977746975000173 ], [ 50.775053869000089, 11.978747481000141 ], [ 50.779907227000194, 11.980712891000053 ], [ 50.792114258000083, 11.979919434000067 ], [ 50.793518066000047, 11.97790527300009 ], [ 50.791622264000011, 11.976417429000094 ], [ 50.788639635000095, 11.973994927000035 ], [ 50.787746429000094, 11.973269462000133 ], [ 50.776148804000172, 11.972182421000184 ], [ 50.776065826000035, 11.97217464400012 ], [ 50.77368164000012, 11.970446587000083 ], [ 50.773181085000033, 11.970083337000062 ], [ 50.767001841000138, 11.965599093000094 ], [ 50.766683347000082, 11.965367963000176 ], [ 50.766113281000173, 11.964904785000044 ], [ 50.766022082000177, 11.964888087000077 ], [ 50.765991211000028, 11.964865684000074 ], [ 50.753135681, 11.962398529000154 ], [ 50.736293791999969, 11.956039429000157 ], [ 50.726474762000066, 11.954015731000027 ], [ 50.707054138000103, 11.945368767000105 ], [ 50.684214886000063, 11.937051765000092 ], [ 50.67352294900013, 11.933105469000054 ], [ 50.673432509000065, 11.933125321000091 ], [ 50.67337799000012, 11.933105468000178 ], [ 50.65341568000008, 11.937519074000136 ], [ 50.638939624000102, 11.940718424000181 ], [ 50.638381958000139, 11.940841674000069 ], [ 50.632781883000177, 11.940865467000151 ], [ 50.632629149000138, 11.940866116000109 ], [ 50.630314420000047, 11.938907499000152 ], [ 50.630309985999986, 11.938903605 ], [ 50.627502441000161, 11.931091309000067 ], [ 50.626613423000151, 11.930307767000045 ], [ 50.623908481000171, 11.927813154000148 ], [ 50.623607827000114, 11.927535878000128 ], [ 50.62329101600011, 11.927124023000033 ], [ 50.620848593000119, 11.926799875000086 ], [ 50.603996572000085, 11.924502989000075 ], [ 50.603523255000141, 11.924438477000081 ], [ 50.601767533000157, 11.923286207000103 ], [ 50.597960195000098, 11.920787475000168 ], [ 50.59008789100011, 11.915527344000054 ], [ 50.582092285000044, 11.912292480000076 ], [ 50.581603704000031, 11.912145906000035 ], [ 50.581527710000159, 11.912115097000083 ], [ 50.558803866000062, 11.891977582000038 ], [ 50.558796514000164, 11.891968901000098 ], [ 50.552471161000028, 11.884417534000136 ], [ 50.552122021000116, 11.883772360000023 ], [ 50.550720215000126, 11.880920410000158 ], [ 50.53951117600019, 11.860480398 ], [ 50.539306641000053, 11.860102653000126 ], [ 50.539095280000083, 11.859373223000148 ], [ 50.521911621000186, 11.799682617000144 ], [ 50.522521973000039, 11.796081543000071 ], [ 50.524166387000037, 11.79638052700011 ], [ 50.525768280000136, 11.796711921 ], [ 50.525878906000059, 11.797132408999971 ], [ 50.525878906000059, 11.797302246000072 ], [ 50.528103699000042, 11.80558879300014 ], [ 50.534168244000114, 11.82863998300013 ], [ 50.536642167000082, 11.838035955000066 ], [ 50.537109375000171, 11.839904785000158 ], [ 50.537733460000027, 11.841291640000065 ], [ 50.541366577000133, 11.849751473000026 ], [ 50.548784775000058, 11.863591700000029 ], [ 50.5546875, 11.874877930000025 ], [ 50.562158070000123, 11.883340685000121 ], [ 50.562450408000188, 11.883680343000151 ], [ 50.562448862000053, 11.883670098000096 ], [ 50.562500000000171, 11.883728027000188 ], [ 50.562500000000171, 11.88311767600004 ], [ 50.561662005000017, 11.878456331000109 ], [ 50.561550141, 11.877715110000167 ], [ 50.552914398000041, 11.862907598000106 ], [ 50.546875, 11.848327637000182 ], [ 50.541320801000097, 11.833679199000187 ], [ 50.539540047, 11.825369016000138 ], [ 50.539310456000123, 11.824293136999984 ], [ 50.539280335, 11.824151930000141 ], [ 50.536682129000155, 11.811523437 ], [ 50.532371914000123, 11.798640158000126 ], [ 50.531127930000082, 11.794852257000173 ], [ 50.530108830000131, 11.79319304500018 ], [ 50.527709961000141, 11.789123535000101 ], [ 50.521301270000038, 11.784301758000026 ], [ 50.518172300000117, 11.777716912000187 ], [ 50.513368767000145, 11.767554564000079 ], [ 50.497024681000028, 11.738882083000135 ], [ 50.492862701000092, 11.731554985000173 ], [ 50.483718872000168, 11.719865799000047 ], [ 50.476126960000101, 11.711273069000129 ], [ 50.471923828000172, 11.706481934000124 ], [ 50.471785770999986, 11.706359594000105 ], [ 50.471775055000194, 11.706347465000079 ], [ 50.452156066000043, 11.688829422000083 ], [ 50.435166564000156, 11.67365416399997 ], [ 50.432312012000011, 11.671081543000184 ], [ 50.432127344000037, 11.670939491000183 ], [ 50.431526184, 11.670402527000135 ], [ 50.417507171000125, 11.664244651000104 ], [ 50.391052280000167, 11.657212188000074 ], [ 50.387695312000062, 11.656311035000044 ], [ 50.378295898000033, 11.65148925800014 ], [ 50.356689453000115, 11.636718750000171 ], [ 50.356613191, 11.636685385000135 ], [ 50.356540679000091, 11.636635780000063 ], [ 50.35569845800012, 11.636226698000144 ], [ 50.355621036000116, 11.636189093000098 ], [ 50.351650071000051, 11.634260094000126 ], [ 50.341308594000168, 11.629089355000133 ], [ 50.318908691000161, 11.61828613300014 ], [ 50.318569192000041, 11.618196791 ], [ 50.285196216000088, 11.602591793000101 ], [ 50.280700684000124, 11.59851074200003 ], [ 50.276306152000132, 11.589477539000029 ], [ 50.270690918000014, 11.584899902000075 ], [ 50.269897461000028, 11.584289551000097 ], [ 50.269881872000042, 11.584283578000054 ], [ 50.269859314000144, 11.584264755000163 ], [ 50.260524750000172, 11.580614089999983 ], [ 50.239358259000085, 11.575790843000163 ], [ 50.234680176000154, 11.574707031 ], [ 50.233132771000101, 11.573684171000139 ], [ 50.231101989000138, 11.57228374500005 ], [ 50.215698242000087, 11.561661720000075 ], [ 50.20986557000009, 11.559839249000163 ], [ 50.205033909000122, 11.560056380000105 ], [ 50.193481445000089, 11.560485840000126 ], [ 50.187982030000114, 11.557914685000071 ], [ 50.183975220000036, 11.556000710000092 ], [ 50.167179108000141, 11.553976059000149 ], [ 50.162577391000127, 11.552476698000021 ], [ 50.156677246000186, 11.550476074000017 ], [ 50.152375327000129, 11.548235492000117 ], [ 50.147797830000059, 11.545768168000052 ], [ 50.147381513000141, 11.54554376800013 ], [ 50.147297084000172, 11.545484668000029 ], [ 50.138441917000137, 11.537831079000114 ], [ 50.137527465000176, 11.537040711000088 ], [ 50.128538308000088, 11.537330953000151 ], [ 50.122680663999972, 11.537475586000141 ], [ 50.122089340000116, 11.537475586000141 ], [ 50.116466357000149, 11.530453400000169 ], [ 50.112304688000165, 11.525085449000187 ], [ 50.111879886, 11.524721333000059 ], [ 50.111854554000047, 11.524689674000058 ], [ 50.100696419000087, 11.519450631999973 ], [ 50.100656238000056, 11.519431766000025 ], [ 50.090270996000186, 11.511718750000114 ], [ 50.08929443400018, 11.510925293000071 ], [ 50.083713363000186, 11.508844216000114 ], [ 50.078475953000066, 11.506837845000121 ], [ 50.064014435000104, 11.503651619000095 ], [ 50.029972076000092, 11.500966071999983 ], [ 50.008293152000135, 11.502389908000055 ], [ 50.000000000000171, 11.502205848000074 ], [ 49.997684012000036, 11.502154044000065 ], [ 49.996520996000072, 11.502075195000032 ], [ 49.991847662000112, 11.502023651 ], [ 49.979850769000052, 11.501755715000058 ], [ 49.969364167000094, 11.503614426000127 ], [ 49.954917907000151, 11.509157181000148 ], [ 49.93952941800012, 11.509414673000151 ], [ 49.932067871000072, 11.507588387 ], [ 49.928161187000171, 11.505213974000128 ], [ 49.927303890000189, 11.504692923999983 ], [ 49.925038861000075, 11.499949184000059 ], [ 49.924125672000116, 11.497948646000111 ], [ 49.924678061000066, 11.496855755000183 ], [ 49.925109863000102, 11.496093750000114 ], [ 49.927766845, 11.494765259000076 ], [ 49.939942273000042, 11.48873751800005 ], [ 49.939964294, 11.488726616000179 ], [ 49.941123963000109, 11.484127044000104 ], [ 49.940850628000192, 11.483551703000046 ], [ 49.940124512000125, 11.48187255900018 ], [ 49.939514160000101, 11.480712891000167 ], [ 49.939505577000148, 11.480720512000175 ], [ 49.939487457999974, 11.480682373000093 ], [ 49.931804657000157, 11.487360954000167 ], [ 49.931175844999984, 11.487683749000155 ], [ 49.925514221000185, 11.490590095000073 ], [ 49.917133331000059, 11.49864959700011 ], [ 49.911845206000123, 11.498884667000027 ], [ 49.911769866999975, 11.498888016000024 ], [ 49.902800283000033, 11.491766770000027 ], [ 49.900512695000089, 11.48992919900013 ], [ 49.899719238000102, 11.489318848000153 ], [ 49.899711761000106, 11.489314691000061 ], [ 49.899635315000182, 11.489253998000152 ], [ 49.895750727000063, 11.487112711000123 ], [ 49.861511230000133, 11.468078612999989 ], [ 49.849495809000075, 11.464058748000184 ], [ 49.844821930000194, 11.462443352000093 ], [ 49.828487397, 11.458485603000099 ], [ 49.824069977000079, 11.457414627000162 ], [ 49.805419921000123, 11.456289292 ], [ 49.799498874000051, 11.457247206999966 ], [ 49.795471191000104, 11.457885742000144 ], [ 49.789849075000177, 11.457649346000096 ], [ 49.762065887000176, 11.456341744000099 ], [ 49.75017923300004, 11.457343040000183 ], [ 49.742675781000059, 11.457885742000144 ], [ 49.732163625000112, 11.460749519000046 ], [ 49.72430801400003, 11.462817192000159 ], [ 49.703449249000187, 11.472230911 ], [ 49.692150116000107, 11.47732925400004 ], [ 49.677925110000103, 11.471364022000159 ], [ 49.665802002000135, 11.465627670000174 ], [ 49.655773163, 11.458969117000152 ], [ 49.646440075000157, 11.458289196000123 ], [ 49.64015579200003, 11.457831382000109 ], [ 49.638465501000098, 11.457220105000033 ], [ 49.631142126000157, 11.454571681000118 ], [ 49.628723145000095, 11.453674316000047 ], [ 49.603377497000167, 11.453674316000047 ], [ 49.602024281000126, 11.453537568000058 ], [ 49.597160723000059, 11.452584574000127 ], [ 49.59376907300009, 11.451882362000106 ], [ 49.580734771000039, 11.451387862000047 ], [ 49.575820923000094, 11.451201439000158 ], [ 49.554945665000162, 11.44590395400013 ], [ 49.554817199000183, 11.44587135300003 ], [ 49.55326443000007, 11.445477628000049 ], [ 49.550915418000045, 11.443285217000096 ], [ 49.546916962000125, 11.439490319000186 ], [ 49.529860159000066, 11.405427950000103 ], [ 49.528503418000184, 11.402709961000028 ], [ 49.526747612, 11.400712372000044 ], [ 49.509843844000102, 11.381398240000181 ], [ 49.50973043200014, 11.381268656000088 ], [ 49.509521484000061, 11.380920410000044 ], [ 49.506661718000089, 11.379599231999975 ], [ 49.499141693000013, 11.376059532000056 ], [ 49.49196660400014, 11.375267209000128 ], [ 49.487841445000129, 11.374811681000097 ], [ 49.474966070000164, 11.373389893000024 ], [ 49.474518499000169, 11.373340469000027 ], [ 49.474304199000017, 11.37329101600011 ], [ 49.470275879000155, 11.364074707000043 ], [ 49.468288514000108, 11.362418570000102 ], [ 49.465534926000032, 11.360040428000104 ], [ 49.46489844600012, 11.359490731000051 ], [ 49.464721680000082, 11.359313965000126 ], [ 49.464680788000067, 11.35930275000004 ], [ 49.464660645000095, 11.359285354000178 ], [ 49.446446464000189, 11.354246365000051 ], [ 49.445647101000191, 11.35402521900005 ], [ 49.443725586000085, 11.34790039100011 ], [ 49.443722743000137, 11.347897615000022 ], [ 49.443691253, 11.347792625000068 ], [ 49.439338143999976, 11.343615779000174 ], [ 49.435913086000141, 11.340270996000072 ], [ 49.435302734000061, 11.339721680000082 ], [ 49.432657746000075, 11.338509394000141 ], [ 49.425041761000102, 11.334949725000058 ], [ 49.422027588000162, 11.333540917 ], [ 49.386150361000034, 11.32778835300013 ], [ 49.334426880000137, 11.329151153000055 ], [ 49.320880890000012, 11.330654144000164 ], [ 49.320572225000149, 11.330688477000081 ], [ 49.320129395000095, 11.330688477000081 ], [ 49.309509277000188, 11.333679199000073 ], [ 49.305877451000072, 11.333900652000011 ], [ 49.299476624000079, 11.334191322000095 ], [ 49.296664170000042, 11.333079850000161 ], [ 49.296045894000088, 11.33283551 ], [ 49.29071044900013, 11.32531738300014 ], [ 49.290680206, 11.325292716000149 ], [ 49.290630341000053, 11.325222015000065 ], [ 49.282125401000144, 11.318289321 ], [ 49.281318665000185, 11.317631721000168 ], [ 49.272933960000046, 11.312799454000071 ], [ 49.244194236999988, 11.300479137000082 ], [ 49.239685059000124, 11.298522949000017 ], [ 49.23459799800014, 11.298048508000136 ], [ 49.234394529999975, 11.29800858100009 ], [ 49.216110230000083, 11.296207428 ], [ 49.20236244400013, 11.292238022000049 ], [ 49.193725586000141, 11.289672852000081 ], [ 49.188579214000129, 11.289979183000128 ], [ 49.183502198000156, 11.290202141000066 ], [ 49.173492432000103, 11.286057472000095 ], [ 49.154163361000144, 11.280978202000085 ], [ 49.143917084000122, 11.278668404000143 ], [ 49.13545835900004, 11.27775019600017 ], [ 49.109680176000097, 11.274951935000047 ], [ 49.080574036000087, 11.268018722000022 ], [ 49.051231384000175, 11.263841629000183 ], [ 49.03191375800003, 11.255537987000082 ], [ 49.027492524000138, 11.254382132999979 ], [ 49.014911651000034, 11.254592896000133 ], [ 48.983955383000193, 11.244659424000133 ], [ 48.955318451000096, 11.238403320000145 ], [ 48.924575805000188, 11.237659454000038 ], [ 48.919128418000184, 11.238708496000186 ], [ 48.935073013000078, 11.173389001000089 ], [ 48.956160638000028, 11.087000292000027 ], [ 48.962144282000054, 11.062625635000074 ], [ 48.969306469000173, 11.033450130000062 ], [ 49.002929687, 10.896484375000171 ], [ 49.011662661000173, 10.860682964000091 ], [ 49.011662697000133, 10.860682816000065 ], [ 49.011811938000164, 10.860070994000068 ], [ 49.031127930000025, 10.780883789000143 ], [ 49.033734903000152, 10.665675619000012 ], [ 49.036431876000108, 10.549741021000045 ], [ 49.039836956000102, 10.403367063000076 ], [ 49.04107608400011, 10.350915517000033 ], [ 49.041076624000027, 10.350916048000158 ], [ 49.041865206000068, 10.351679659000183 ], [ 49.041101028000071, 10.350915481000186 ], [ 49.041076659999987, 10.350891113000102 ], [ 49.041846557000042, 10.319654206999985 ], [ 49.041865170000051, 10.31889900800013 ], [ 49.041879225000059, 10.318352892000064 ], [ 49.046374366000123, 10.143688631000089 ], [ 49.055327447000082, 9.795805589000054 ], [ 49.055327483000042, 9.795804187000101 ], [ 49.061050665000039, 9.57110321600004 ], [ 49.061050701000056, 9.57110244100005 ], [ 49.070395752000081, 9.371080333000123 ], [ 49.07039575400006, 9.371080297000105 ], [ 49.074553839000146, 9.280842550000102 ], [ 49.078718311999978, 9.191741735000051 ], [ 49.079107512000064, 9.183414613000082 ], [ 49.08111190600016, 9.140529668000113 ], [ 49.081111907999968, 9.140529632000153 ], [ 49.081111944000156, 9.140529345 ], [ 49.081115300000079, 9.140502496000181 ], [ 49.086147511000149, 9.100249417000043 ], [ 49.086649705000127, 9.096232370000109 ], [ 49.111053467000147, 8.901026726000055 ], [ 49.181053162000069, 8.771039009000049 ], [ 49.255425247000062, 8.717532227000106 ], [ 49.300071716000105, 8.685411453000029 ], [ 49.300071752000122, 8.685411431000034 ], [ 49.300076674000138, 8.685408355000106 ], [ 49.321732618000169, 8.671874601000127 ], [ 49.343912400000193, 8.658013477999987 ], [ 49.345275879000098, 8.657104492000087 ], [ 49.345896853000113, 8.656773306000048 ], [ 49.358370696000065, 8.648977852000087 ], [ 49.35968017600004, 8.648071289000086 ], [ 49.362304687000062, 8.646484375000057 ], [ 49.362782546000062, 8.646220729000106 ], [ 49.373677879000127, 8.639411885000015 ], [ 49.374084473000039, 8.639099121000072 ], [ 49.376708984, 8.637512207000043 ], [ 49.377634000000171, 8.636939578000181 ], [ 49.388213525000083, 8.630328093000173 ], [ 49.388488769999981, 8.630126953000058 ], [ 49.391113281000173, 8.628479004000042 ], [ 49.391591061000099, 8.628217363000147 ], [ 49.400781009000184, 8.622474269000122 ], [ 49.401306152000018, 8.622070313000108 ], [ 49.402341252000042, 8.621499223000114 ], [ 49.441928811000025, 8.596759686000155 ], [ 49.451057435000052, 8.591054916000132 ], [ 49.508042045000138, 8.588576808000084 ], [ 49.512317657000096, 8.58839130399997 ], [ 49.519098242000041, 8.588096624000116 ], [ 49.519287109000118, 8.58807373000019 ], [ 49.519625011000187, 8.58807373000019 ], [ 49.522836564000102, 8.587934158000166 ], [ 49.523315430000082, 8.587890625000057 ], [ 49.523838118000185, 8.587890625000057 ], [ 49.535289764000026, 8.587392806000139 ], [ 49.536964955000144, 8.587319973999968 ], [ 49.537292480000133, 8.587280272999976 ], [ 49.537878078000119, 8.587280272999976 ], [ 49.550091604999977, 8.586749263000115 ], [ 49.550292969000168, 8.586730956999986 ], [ 49.550512648000108, 8.586730956999986 ], [ 49.554351901000075, 8.586564037000073 ], [ 49.555297852000081, 8.586486816000161 ], [ 49.556128012000045, 8.586486816000161 ], [ 49.563581528000157, 8.586162758000171 ], [ 49.564270020000095, 8.586120605000133 ], [ 49.564551059000166, 8.586120605000133 ], [ 49.567253517000154, 8.586003110000092 ], [ 49.568298340000183, 8.585876465000183 ], [ 49.570166423000103, 8.585876465000183 ], [ 49.577251434000061, 8.585568427999988 ], [ 49.588263307000148, 8.585089622 ], [ 49.588317871000072, 8.58508300799997 ], [ 49.588415417000135, 8.58508300799997 ], [ 49.602115168000068, 8.584487330000115 ], [ 49.602294922, 8.584472656000116 ], [ 49.602452644000095, 8.584472656000116 ], [ 49.606011016000195, 8.584317935 ], [ 49.606323242000087, 8.584289551000154 ], [ 49.606663813000125, 8.584289551000154 ], [ 49.608649095000033, 8.584203229000138 ], [ 49.609754715000065, 8.584155156000122 ], [ 49.610290527000132, 8.584106445000089 ], [ 49.610874981, 8.584106445000089 ], [ 49.618553297000119, 8.58377258500019 ], [ 49.61932373000019, 8.58367919900013 ], [ 49.620701041000189, 8.58367919900013 ], [ 49.623793588000183, 8.583544732000064 ], [ 49.624328613000102, 8.583496094000168 ], [ 49.640745259000028, 8.582807654000021 ], [ 49.681060791000107, 8.581054687 ], [ 49.73757848200006, 8.552802263000103 ], [ 49.781063080000195, 8.531058311000095 ], [ 49.788665028000139, 8.505714941000178 ], [ 49.788665064000156, 8.50571482100014 ], [ 49.797733307000044, 8.475482941000053 ], [ 49.813681082000187, 8.422333036000055 ], [ 49.815030036000053, 8.417837313000121 ], [ 49.841042944000151, 8.33114830300002 ], [ 49.841064453000058, 8.331076622000012 ], [ 49.841115658000149, 8.33114830300002 ], [ 49.841115684000101, 8.331148338999981 ], [ 49.841115695000042, 8.33114830300002 ], [ 49.841125488000046, 8.331115723000153 ], [ 49.841148751000105, 8.33114830300002 ], [ 49.872797372000093, 8.375471829000048 ], [ 49.891063726000141, 8.401053646000094 ], [ 49.891113281000059, 8.401123047000056 ], [ 49.914252049000027, 8.435848861000011 ], [ 49.918910953000022, 8.442836550999971 ], [ 49.93106460600012, 8.461065292 ], [ 50.051067352000075, 8.441065788000117 ], [ 50.176084869000078, 8.329104157000131 ], [ 50.183457380000164, 8.332640673000014 ], [ 50.183471680000139, 8.332702637000182 ], [ 50.18364331700019, 8.333165311000073 ], [ 50.184825897000167, 8.336502075000112 ], [ 50.185135177000177, 8.342277876000082 ], [ 50.185485840000126, 8.350097656000173 ], [ 50.191284180000082, 8.365722656000116 ], [ 50.194261100000062, 8.37084150700008 ], [ 50.196208954000099, 8.374330520000058 ], [ 50.203384400000118, 8.38601493800013 ], [ 50.204431722000095, 8.387052044000143 ], [ 50.211009979000039, 8.39356613200016 ], [ 50.211120605000133, 8.393676758000083 ], [ 50.219116211000141, 8.399108887000011 ], [ 50.219726562000119, 8.399902344000054 ], [ 50.223876953000058, 8.405090332000157 ], [ 50.226120428000172, 8.413467864000154 ], [ 50.226461485000016, 8.414795399000127 ], [ 50.228599549000194, 8.423117637000189 ], [ 50.234851837000065, 8.433885574000044 ], [ 50.244567871000186, 8.446249008000166 ], [ 50.245215544000189, 8.446814665000147 ], [ 50.245300293000184, 8.446899414000143 ], [ 50.272888184000124, 8.471130371000129 ], [ 50.274734515000034, 8.472593501000063 ], [ 50.275997162000124, 8.473694802000125 ], [ 50.276144324000086, 8.473949556999969 ], [ 50.281555176000097, 8.483316422000087 ], [ 50.281967393, 8.483566514000188 ], [ 50.282287598000153, 8.483886719000111 ], [ 50.291687012000182, 8.489501953 ], [ 50.291996914000038, 8.489811855000085 ], [ 50.292429429000038, 8.490322620000143 ], [ 50.299827424000114, 8.499059043000102 ], [ 50.306091309000124, 8.506530762000068 ], [ 50.316114477000099, 8.521337716000062 ], [ 50.324771881000174, 8.534183502000133 ], [ 50.332019806000062, 8.55086040499998 ], [ 50.331798553000169, 8.554304123000179 ], [ 50.332885742000144, 8.554950316000088 ], [ 50.332885742000144, 8.555114746000015 ], [ 50.333016625000027, 8.556063646000041 ], [ 50.33306766600009, 8.556894415000102 ], [ 50.333851939000056, 8.569659609999974 ], [ 50.333919228000184, 8.570850098000108 ], [ 50.332790375000172, 8.578628540000125 ], [ 50.32891958100015, 8.584720294000022 ], [ 50.327880859000174, 8.586303711000028 ], [ 50.325845061000166, 8.598914350000086 ], [ 50.325702667000087, 8.599765778000176 ], [ 50.325705109000126, 8.599781275000112 ], [ 50.325683594, 8.599914551000154 ], [ 50.327288033000173, 8.609825516000114 ], [ 50.330402374000187, 8.629587174000051 ], [ 50.338539124000192, 8.650218010000174 ], [ 50.354290008000078, 8.671513557000139 ], [ 50.355120694000107, 8.672320401000093 ], [ 50.358276367000144, 8.67547607400013 ], [ 50.367675781000173, 8.684692383000026 ], [ 50.374210017999985, 8.689608047000149 ], [ 50.374623834000147, 8.690123466000102 ], [ 50.377346191000072, 8.693514234000133 ], [ 50.379516602000137, 8.696289062000062 ], [ 50.379928814000152, 8.697589117000064 ], [ 50.382549286000085, 8.706308365000098 ], [ 50.38775634700005, 8.748296738000136 ], [ 50.39846272200009, 8.767915717999983 ], [ 50.396797564000167, 8.770378123000114 ], [ 50.39846272800014, 8.767915752000022 ], [ 50.398462765000033, 8.767915698000024 ], [ 50.403659821000133, 8.77866745 ], [ 50.404377815000032, 8.780150436000156 ], [ 50.404710271000056, 8.780854459000068 ], [ 50.407852173000094, 8.826045990000068 ], [ 50.409750899000187, 8.829594408000048 ], [ 50.412265778000176, 8.834294319000151 ], [ 50.414382934000173, 8.846453666000173 ], [ 50.417407990000186, 8.85310077600019 ], [ 50.417813018000118, 8.853344186000072 ], [ 50.418273926000097, 8.853698730000133 ], [ 50.422729492000144, 8.85632324200003 ], [ 50.422786754000072, 8.856409135000092 ], [ 50.423030156000152, 8.856857848 ], [ 50.428070069000171, 8.866148949000035 ], [ 50.439891815000067, 8.880339622000122 ], [ 50.443378449000079, 8.886755943000139 ], [ 50.443385327000101, 8.889074019000077 ], [ 50.443397522000112, 8.893183708000038 ], [ 50.443572099999983, 8.893459120000102 ], [ 50.445678711000141, 8.896911621000015 ], [ 50.446289062000119, 8.897277832000043 ], [ 50.450917976000085, 8.899470474999987 ], [ 50.471435547000169, 8.921319962000155 ], [ 50.472023278000052, 8.921852379000029 ], [ 50.472473145000038, 8.922302246000072 ], [ 50.494689941000104, 8.94250488299997 ], [ 50.502502441000104, 8.949523926000154 ], [ 50.524447342000087, 8.9675347270001 ], [ 50.546035766000045, 8.98531818400005 ], [ 50.558523596000157, 8.993335389000038 ], [ 50.561279297000169, 8.995117187000176 ], [ 50.566909328000179, 9.000166542999978 ], [ 50.57476425200008, 9.007244109999988 ], [ 50.57481503200006, 9.007333120999988 ], [ 50.57880219000009, 9.014322090000178 ], [ 50.586395264000032, 9.027631759000144 ], [ 50.586563432999981, 9.027782071000161 ], [ 50.587524414000029, 9.028686523000033 ], [ 50.603881836000028, 9.04327392600004 ], [ 50.621471788000065, 9.051490686000079 ], [ 50.621639011000127, 9.051710364000144 ], [ 50.621887207000043, 9.052124023000033 ], [ 50.640912679000053, 9.077064466000081 ], [ 50.64719390900018, 9.094191550000176 ], [ 50.649581909, 9.108877182000072 ], [ 50.651226043000179, 9.11897277800017 ], [ 50.650360108000029, 9.13321208800005 ], [ 50.646153204000086, 9.143881119000071 ], [ 50.645080566000161, 9.146484375000171 ], [ 50.644867324000131, 9.149715813000171 ], [ 50.644222259000117, 9.158497810000028 ], [ 50.645664215000068, 9.172498702999974 ], [ 50.651977539000029, 9.189693451000039 ], [ 50.655040740000061, 9.203458786000056 ], [ 50.661560059000067, 9.214682579000112 ], [ 50.671550751000154, 9.227268219000166 ], [ 50.672546230000194, 9.228150278000044 ], [ 50.687797547000116, 9.241663933000041 ], [ 50.687842337000063, 9.241731507000111 ], [ 50.687927246000072, 9.24185960799997 ], [ 50.687927246000072, 9.241882324000073 ], [ 50.705322266000167, 9.268127441000104 ], [ 50.706298828000115, 9.268920898000147 ], [ 50.719726562, 9.280700684000124 ], [ 50.729125977000137, 9.28430175799997 ], [ 50.738281250000114, 9.287719727000081 ], [ 50.739318848000153, 9.288696289000029 ], [ 50.741910512, 9.291041128000188 ], [ 50.745601655000144, 9.294447899000033 ], [ 50.755796681000106, 9.307989355000132 ], [ 50.763488769999981, 9.318298340000183 ], [ 50.767696120000153, 9.326450082000179 ], [ 50.772151947000111, 9.335201263000101 ], [ 50.790748596000071, 9.355551720000051 ], [ 50.807624817000089, 9.38092517900003 ], [ 50.809606547000101, 9.383909313000061 ], [ 50.810119629000098, 9.384704590000013 ], [ 50.827087402000075, 9.417724609000174 ], [ 50.828202753000085, 9.422049439000091 ], [ 50.829959870000039, 9.429311752000103 ], [ 50.84327697700013, 9.455887794000091 ], [ 50.846561432000044, 9.465747832000034 ], [ 50.845333779000157, 9.468837450000024 ], [ 50.843360901000153, 9.473802565000085 ], [ 50.838062286000081, 9.47865295400004 ], [ 50.830740505000108, 9.48117488500003 ], [ 50.828674316000104, 9.481872559000067 ], [ 50.82861993500012, 9.481905299000118 ], [ 50.828590394000059, 9.481915474000118 ], [ 50.817377077000174, 9.488377631000048 ], [ 50.816101074000187, 9.489074707000157 ], [ 50.814227580000079, 9.49074257400008 ], [ 50.811058045000095, 9.493486405000169 ], [ 50.806003571000076, 9.501549721000117 ], [ 50.80397415200008, 9.51327419200004 ], [ 50.804510404000041, 9.522404035000079 ], [ 50.804687500000171, 9.526123047000112 ], [ 50.802945296000075, 9.532743422000124 ], [ 50.801315308000028, 9.538782119000189 ], [ 50.802066803000116, 9.550723076000054 ], [ 50.798641205000195, 9.560616493000055 ], [ 50.799221531000057, 9.566848744000083 ], [ 50.80058670000011, 9.581509590000053 ], [ 50.803668161000076, 9.59448313200005 ], [ 50.805480957000157, 9.602478027000132 ], [ 50.806116130000021, 9.608124006000025 ], [ 50.806989028000146, 9.616902575999973 ], [ 50.807006836000028, 9.617081643000176 ], [ 50.807045813000116, 9.617152189000137 ], [ 50.813293696000073, 9.628460312000072 ], [ 50.816160885999977, 9.633649675000186 ], [ 50.817504883000083, 9.636108398000147 ], [ 50.819153037000035, 9.641602245000058 ], [ 50.823867798000151, 9.657426834000091 ], [ 50.82067108200016, 9.667320251999968 ], [ 50.828372955000134, 9.680146217000072 ], [ 50.8300514230001, 9.692313194000064 ], [ 50.82941436700014, 9.704261780000138 ], [ 50.833889006999982, 9.720089913000152 ], [ 50.833999634000179, 9.721694946000184 ], [ 50.834888458000194, 9.734786987000064 ], [ 50.834367892000103, 9.737251460000152 ], [ 50.832168579000097, 9.747663498000122 ], [ 50.839605093999978, 9.783646287000067 ], [ 50.842102051000097, 9.795898437000062 ], [ 50.846088571000053, 9.820827135000172 ], [ 50.85144805900012, 9.854622840000161 ], [ 50.852899844000092, 9.858063674000107 ], [ 50.853088379000155, 9.858520508000083 ], [ 50.853734102000033, 9.859185317000083 ], [ 50.864693103000036, 9.870551553000155 ], [ 50.865436554000155, 9.871322631000169 ], [ 50.867237231000047, 9.874411956000074 ], [ 50.868250499, 9.876218218000133 ], [ 50.868710013000054, 9.880080358000157 ], [ 50.869873047000169, 9.890502930000082 ], [ 50.87147228200007, 9.89630884800016 ], [ 50.872592926000038, 9.900636673 ], [ 50.877849458000128, 9.920928955000022 ], [ 50.879906390000144, 9.92971821500015 ], [ 50.880410076000089, 9.931870459000095 ], [ 50.886291504000155, 9.964721680000082 ], [ 50.892077597000082, 9.981725709000045 ], [ 50.892177581000169, 9.982152939000059 ], [ 50.893652512000074, 9.984543336000058 ], [ 50.898250529000109, 9.992020920000016 ], [ 50.896659851000152, 10.000000000000114 ], [ 50.894634246000123, 10.010170936000065 ], [ 50.896289826000157, 10.017056465000167 ], [ 50.896007538000106, 10.022300720000032 ], [ 50.895866394000109, 10.024868965000167 ], [ 50.892944426000156, 10.034779828000126 ], [ 50.887657166000167, 10.052713393999966 ], [ 50.886150360000045, 10.075697899000033 ], [ 50.88207244900002, 10.095707894000043 ], [ 50.88260735700004, 10.098573866000038 ], [ 50.883728027000075, 10.104675293000128 ], [ 50.884760912000161, 10.107230323000124 ], [ 50.890552521000188, 10.121858597000085 ], [ 50.89386749200014, 10.1349382410001 ], [ 50.89445443, 10.138408117000154 ], [ 50.89557647700002, 10.145041465000133 ], [ 50.901996612, 10.182920456000147 ], [ 50.902267457000164, 10.190959931000179 ], [ 50.897553717000051, 10.214921210000057 ], [ 50.895690918000184, 10.224304199000017 ], [ 50.895462860000123, 10.22893553200015 ], [ 50.894012451000151, 10.256491661000098 ], [ 50.894855499000073, 10.270151138000131 ], [ 50.896106135000139, 10.290331007000134 ], [ 50.896106171000156, 10.290336982000156 ], [ 50.897041321000074, 10.305420874000163 ], [ 50.899150849000193, 10.310005188 ], [ 50.899279012000079, 10.310092226000108 ], [ 50.899291992000087, 10.310119629000155 ], [ 50.900085449000073, 10.310729980000133 ], [ 50.922177225000098, 10.325642853999966 ], [ 50.93189845600017, 10.332244733999971 ], [ 50.936420441000166, 10.335315704000095 ], [ 50.940540543000168, 10.337149724000142 ], [ 50.949707031000116, 10.341308594000168 ], [ 50.964702340000088, 10.350417150000055 ], [ 50.972743988000047, 10.355341911000153 ], [ 50.985607147000053, 10.363365172999977 ], [ 51.008625145000167, 10.377719836000097 ], [ 51.015930176000154, 10.382324219000168 ], [ 51.047119141000167, 10.395874023000033 ], [ 51.066284180000196, 10.396911621000072 ], [ 51.084716797000056, 10.40252685500019 ], [ 51.103881836000085, 10.404724121000072 ], [ 51.106015731000184, 10.404918112000075 ], [ 51.109771729000101, 10.405343056000049 ], [ 51.146816677000118, 10.414148486000101 ], [ 51.161682129000155, 10.417724609000174 ], [ 51.177490234000061, 10.418518066000161 ], [ 51.212097168000184, 10.423706054999968 ], [ 51.229675293000184, 10.422729492000087 ], [ 51.244873047000169, 10.421875000000114 ], [ 51.262512206999986, 10.413085937000062 ], [ 51.266906738000102, 10.409484863000159 ], [ 51.268493652000132, 10.402893066 ], [ 51.263916016000053, 10.384704590000183 ], [ 51.265502930000082, 10.379699707000043 ], [ 51.268471575000149, 10.376306970000087 ], [ 51.2724150250001, 10.375753326000108 ], [ 51.277099609000118, 10.375122070000145 ], [ 51.284912109000118, 10.369689941000161 ], [ 51.288037067000062, 10.368691690999981 ], [ 51.289257049000071, 10.368365288000064 ], [ 51.29546545300002, 10.370572155000161 ], [ 51.303283691000161, 10.373474121000129 ], [ 51.315746410000088, 10.372591805000127 ], [ 51.316944122000052, 10.372521400000039 ], [ 51.318484863000094, 10.372430548000182 ], [ 51.320922852000081, 10.372314453000058 ], [ 51.331481934000124, 10.375915527000132 ], [ 51.336303711000028, 10.375671387000182 ], [ 51.340698242000087, 10.374328613000102 ], [ 51.348327637000125, 10.367309570000145 ], [ 51.349954436000189, 10.366695002000085 ], [ 51.351001740000129, 10.366341590000161 ], [ 51.355537418000097, 10.367542950000086 ], [ 51.360290527000188, 10.368896484000174 ], [ 51.374003676000143, 10.362161265000054 ], [ 51.374460984000166, 10.363227946999984 ], [ 51.374688701000082, 10.363759101000085 ], [ 51.375105306000194, 10.364883936000183 ], [ 51.373068163000084, 10.371188546000099 ], [ 51.373102137000046, 10.37123383800008 ], [ 51.371093750000057, 10.377502441000161 ], [ 51.372924805000139, 10.381713867000087 ], [ 51.374084473000153, 10.38250732400013 ], [ 51.375305175999983, 10.383483887000182 ], [ 51.383323518000168, 10.384860169000035 ], [ 51.383399964000091, 10.384962082000186 ], [ 51.386542192000036, 10.387346333000039 ], [ 51.389709473000153, 10.389892578000115 ], [ 51.389796222000143, 10.389892578000115 ], [ 51.392749786000081, 10.394548416000021 ], [ 51.395379187000117, 10.406935850000025 ], [ 51.39569928300017, 10.408443863000173 ], [ 51.396118164000086, 10.410522461000028 ], [ 51.397605275000103, 10.411596485000075 ], [ 51.398170471000185, 10.412055969000107 ], [ 51.404649877000168, 10.424098418000028 ], [ 51.404800416000114, 10.42456817599998 ], [ 51.413032532000159, 10.439678192000031 ], [ 51.412361145000148, 10.443359375000057 ], [ 51.398017883000136, 10.451733589000128 ], [ 51.392040253000118, 10.460508346999973 ], [ 51.390491486000087, 10.472009659000037 ], [ 51.387958526000148, 10.474784851000152 ], [ 51.377696940000192, 10.478540831000032 ], [ 51.374511719000168, 10.479675293000128 ], [ 51.364685059000124, 10.480895996000129 ], [ 51.355060850000086, 10.480324696000139 ], [ 51.351298401000065, 10.480094136000048 ], [ 51.350891915000034, 10.479922983 ], [ 51.34093856800007, 10.475706101000185 ], [ 51.329402924000078, 10.470820427000035 ], [ 51.318485259999989, 10.47066307100016 ], [ 51.309684754000159, 10.474629402000176 ], [ 51.299934387000121, 10.475613594000038 ], [ 51.29136657700019, 10.479347229000155 ], [ 51.272865296000134, 10.491649627000015 ], [ 51.259643554000093, 10.494723320000048 ], [ 51.250396729000158, 10.50144767800009 ], [ 51.236694335999971, 10.506586075000087 ], [ 51.226909638000052, 10.515663147000055 ], [ 51.218475342000147, 10.523485184000037 ], [ 51.19924163800016, 10.531189919000099 ], [ 51.193841124000073, 10.536427064000065 ], [ 51.192077637000125, 10.538085937000119 ], [ 51.183372230000032, 10.555245149000029 ], [ 51.181522370000096, 10.558878899000149 ], [ 51.178028316, 10.560327426000185 ], [ 51.177667547000112, 10.560476990000097 ], [ 51.17591871400009, 10.55780516100009 ], [ 51.175488051000059, 10.557104069 ], [ 51.182922363000046, 10.541687012000068 ], [ 51.197082520000038, 10.526672363000046 ], [ 51.197089244000097, 10.526645465000115 ], [ 51.19712448100006, 10.526608467000074 ], [ 51.198711395000089, 10.520162583 ], [ 51.198714046000021, 10.520146259000114 ], [ 51.198730469000054, 10.520080566000104 ], [ 51.199247115000162, 10.516863266000144 ], [ 51.200099945000034, 10.511610985000175 ], [ 51.200500489000149, 10.509120942000095 ], [ 51.200498505000155, 10.509106422000173 ], [ 51.200500488000046, 10.509094238000046 ], [ 51.200295335000021, 10.507619698000042 ], [ 51.199527740000065, 10.502002716 ], [ 51.19770968000006, 10.499296414000071 ], [ 51.19470214800009, 10.494689941000047 ], [ 51.192321777000075, 10.485717773000033 ], [ 51.193908691000104, 10.478881836000085 ], [ 51.19671630900001, 10.474121094 ], [ 51.212097168000184, 10.462707520000151 ], [ 51.22038392200011, 10.450200183000106 ], [ 51.221929300999989, 10.44789239500011 ], [ 51.222473145000095, 10.44952392600004 ], [ 51.223876953000058, 10.453491211000085 ], [ 51.224487305000082, 10.453125 ], [ 51.227294922000169, 10.452087402000188 ], [ 51.227317555000127, 10.451958391000119 ], [ 51.227321625000116, 10.451956749000146 ], [ 51.227369200000055, 10.45166402000018 ], [ 51.228515625000171, 10.445129395000095 ], [ 51.233520508000083, 10.44171142600004 ], [ 51.23571777300009, 10.436096191000047 ], [ 51.234130859000061, 10.432922363000159 ], [ 51.233703613000046, 10.432128906000116 ], [ 51.232804889000136, 10.43192694600009 ], [ 51.22835159300007, 10.430808066999987 ], [ 51.217395782000153, 10.431436539000117 ], [ 51.188643165000144, 10.433085316000017 ], [ 51.18331909200009, 10.433390617000157 ], [ 51.136848450000173, 10.429309845000034 ], [ 51.120132446000184, 10.430100441000093 ], [ 51.111442716000056, 10.427777204000108 ], [ 51.091125488000159, 10.422302246000129 ], [ 51.087984501000051, 10.421504535000111 ], [ 51.087341309000124, 10.421332359000075 ], [ 51.08720438600011, 10.421317230000113 ], [ 51.063720703000115, 10.418701172000056 ], [ 51.05609130900018, 10.415100098000153 ], [ 51.052782837000166, 10.412520612000094 ], [ 51.052386973000068, 10.412201371000037 ], [ 51.042659760000049, 10.404356957000061 ], [ 51.038772671, 10.403829661000145 ], [ 51.0379028320001, 10.403686523000033 ], [ 51.03785741400003, 10.403705504000072 ], [ 51.037780762000125, 10.4036951060001 ], [ 51.029670715000123, 10.406958580000151 ], [ 51.024504863000061, 10.405636576000177 ], [ 51.021911621000072, 10.404907227000137 ], [ 51.021859303000042, 10.404959545 ], [ 51.021766662000061, 10.404935836999982 ], [ 51.018993377000015, 10.407709122000028 ], [ 51.019664860000091, 10.41360383000017 ], [ 51.01971435500019, 10.414123535000101 ], [ 51.019240257000035, 10.415202109000177 ], [ 51.017200470000091, 10.419669151000107 ], [ 51.017825957000071, 10.420281016000047 ], [ 51.019287109000174, 10.421875000000114 ], [ 51.019449869000141, 10.421712241000023 ], [ 51.019470145000071, 10.421710449000102 ], [ 51.020468037000171, 10.421622279000076 ], [ 51.022094727000137, 10.421508789000086 ], [ 51.029479980000019, 10.415283203000115 ], [ 51.02954799000014, 10.415506662000041 ], [ 51.029835734000187, 10.416734844000075 ], [ 51.030640026000071, 10.420167810000066 ], [ 51.031127930000139, 10.422485351999967 ], [ 51.030887526000129, 10.425455043000113 ], [ 51.030059815000129, 10.435222626000154 ], [ 51.029846191000047, 10.438441277000095 ], [ 51.027957261000097, 10.440219714000079 ], [ 51.025878906000173, 10.442077637000011 ], [ 51.026246296000181, 10.444027625999979 ], [ 51.026638031000175, 10.446272850000128 ], [ 51.032245636000084, 10.452675820000024 ], [ 51.032290018000026, 10.452699448000033 ], [ 51.03289794900013, 10.453125 ], [ 51.039916992000087, 10.456909180000025 ], [ 51.057128906000116, 10.457275391 ], [ 51.082092285000158, 10.461303711000085 ], [ 51.083689075000109, 10.461426541000094 ], [ 51.084548950000112, 10.461565018000101 ], [ 51.084566972000175, 10.461581133000095 ], [ 51.085510254000042, 10.462524414000086 ], [ 51.092712402000188, 10.468872070000032 ], [ 51.093538855000077, 10.470092072000057 ], [ 51.101623535000044, 10.482147216000101 ], [ 51.108196259000124, 10.494288444000119 ], [ 51.110580444000107, 10.50507545500011 ], [ 51.110160828000062, 10.512432098000147 ], [ 51.104850769000052, 10.51843833900017 ], [ 51.107433319000052, 10.523019791000024 ], [ 51.104694367000093, 10.531538963 ], [ 51.104708909000067, 10.531574205000084 ], [ 51.104675293000128, 10.531677246000186 ], [ 51.105278765000151, 10.532955187000141 ], [ 51.105640411000024, 10.533831596000084 ], [ 51.105712579000169, 10.533873851000124 ], [ 51.105712891000167, 10.533874512000068 ], [ 51.106689453000172, 10.534484863000046 ], [ 51.110269658000163, 10.53666939500016 ], [ 51.110243247000028, 10.536757982000097 ], [ 51.109615326000039, 10.538864136000086 ], [ 51.104061127000136, 10.542344093000168 ], [ 51.102912903000117, 10.544649124000046 ], [ 51.102916586000163, 10.544657373000064 ], [ 51.102905273000033, 10.544677734000061 ], [ 51.104220690000091, 10.547578396000119 ], [ 51.105266572000119, 10.549921036000114 ], [ 51.105344448000153, 10.549971725000148 ], [ 51.106323242000144, 10.550720215000069 ], [ 51.112201336000112, 10.554434843000138 ], [ 51.115062714000089, 10.556297302000132 ], [ 51.116822775000173, 10.556972564000034 ], [ 51.120594187000108, 10.558419498000035 ], [ 51.120727539000086, 10.558471680000082 ], [ 51.123901366999974, 10.559692383000083 ], [ 51.146484375000171, 10.560302734000061 ], [ 51.160522461000085, 10.563903809000067 ], [ 51.161237410000183, 10.564220661000149 ], [ 51.165767669000104, 10.566330909000158 ], [ 51.165989596000088, 10.566791600000158 ], [ 51.168160012000101, 10.571297087000175 ], [ 51.1692928330001, 10.573690973000168 ], [ 51.167709350000109, 10.579648018000057 ], [ 51.15704930000004, 10.601642713999979 ], [ 51.150878906000059, 10.614318848000096 ], [ 51.147521973000039, 10.641906738000102 ], [ 51.147099158000117, 10.645558317000166 ], [ 51.145408631000123, 10.659303665000039 ], [ 51.142196655000134, 10.665988922000111 ], [ 51.133617401000095, 10.669258118000073 ], [ 51.131313324000132, 10.672948836999979 ], [ 51.131303968000111, 10.673068816000068 ], [ 51.131286621000186, 10.673095703000058 ], [ 51.130707638000104, 10.680715864000035 ], [ 51.127422332000094, 10.722845076999988 ], [ 51.128973541999983, 10.742182067000158 ], [ 51.12898373500002, 10.742309139000042 ], [ 51.129882812000119, 10.754089355000019 ], [ 51.129778927000132, 10.75595929900004 ], [ 51.129398345000084, 10.760719299000073 ], [ 51.1251640320001, 10.813643455000147 ], [ 51.124553763000165, 10.829653874000087 ], [ 51.123501220000037, 10.85726736200013 ], [ 51.122680664000143, 10.877075195000089 ], [ 51.122191402000169, 10.880500027000096 ], [ 51.121173859000066, 10.886755944000186 ], [ 51.119600299000126, 10.894399788999976 ], [ 51.119079590000069, 10.896728516 ], [ 51.118254396000054, 10.911687795999967 ], [ 51.116600036000079, 10.939878464000117 ], [ 51.122449863000156, 10.990296866 ], [ 51.12419509800003, 11.005338669000139 ], [ 51.125862122000115, 11.012233734000176 ], [ 51.132305146000135, 11.038846969000076 ], [ 51.139046018000101, 11.053753359000154 ], [ 51.158012390000181, 11.09569454200016 ], [ 51.160171509000179, 11.106484413000032 ], [ 51.175483704000158, 11.127342224000188 ], [ 51.176168772000153, 11.128275259000191 ], [ 51.178498952000041, 11.13149090700017 ], [ 51.180389404000152, 11.138769150000087 ], [ 51.179256439000085, 11.144062996000059 ], [ 51.177667954000015, 11.14612934000013 ], [ 51.176887194000074, 11.14708577100015 ], [ 51.16997528100012, 11.149407386000121 ], [ 51.162158660000046, 11.147528249000175 ], [ 51.157897949000187, 11.146484375000114 ], [ 51.157870912000192, 11.146497463000117 ], [ 51.157852173000151, 11.14649295800001 ], [ 51.155084857000134, 11.147846126000047 ], [ 51.148315430000196, 11.151123047000056 ], [ 51.146286556, 11.151123047000056 ], [ 51.135990143000129, 11.150993347000167 ], [ 51.120426561000102, 11.154106421000165 ], [ 51.111083984000061, 11.155883789000143 ], [ 51.108359163000102, 11.158016258000089 ], [ 51.10832977300015, 11.158038139000041 ], [ 51.100212097000167, 11.164079667000067 ], [ 51.096282959000121, 11.169619560000058 ], [ 51.086368560000039, 11.186917304000019 ], [ 51.07720565700015, 11.213633536000032 ], [ 51.075843811000084, 11.219847679000054 ], [ 51.075572157000124, 11.226080338000145 ], [ 51.073989868000069, 11.262383461000184 ], [ 51.078018188000101, 11.274312020000082 ], [ 51.080588739000063, 11.282394956000076 ], [ 51.080858758000147, 11.28328302 ], [ 51.079893197999979, 11.287498302000074 ], [ 51.077880859000061, 11.296081543000184 ], [ 51.079816959000027, 11.316674605000173 ], [ 51.079895020000151, 11.317515374000038 ], [ 51.083976745000086, 11.338868141000091 ], [ 51.088050842000143, 11.348499297999979 ], [ 51.106185913000047, 11.391375542000048 ], [ 51.112762452000027, 11.400301933000094 ], [ 51.111858368000185, 11.405134201000067 ], [ 51.111889316000088, 11.405216860000053 ], [ 51.111877441000047, 11.405273438000108 ], [ 51.113913564000029, 11.410623525 ], [ 51.120616913, 11.428527832000043 ], [ 51.125453949000189, 11.458151817000044 ], [ 51.123428345000093, 11.466964722000114 ], [ 51.123180389000026, 11.468050003000144 ], [ 51.123008728000116, 11.47839546199998 ], [ 51.120025635000104, 11.486916542000188 ], [ 51.119823456000177, 11.491745949000176 ], [ 51.119874410000136, 11.491854377999971 ], [ 51.119873047000112, 11.491882324000187 ], [ 51.120502108000039, 11.493190109000125 ], [ 51.124395234000076, 11.501474617000099 ], [ 51.124654126, 11.501834428000109 ], [ 51.124877930000082, 11.502319336000085 ], [ 51.127347542000109, 11.505577768000023 ], [ 51.128491097000165, 11.507167094000067 ], [ 51.151562878000163, 11.539232516000027 ], [ 51.157470703, 11.552490234000061 ], [ 51.161039360000132, 11.558340491000138 ], [ 51.164787293000188, 11.564571381000178 ], [ 51.166903232000038, 11.56726451500009 ], [ 51.173889160000044, 11.576293945000032 ], [ 51.174499512000068, 11.576721191000047 ], [ 51.187072754000155, 11.587524414000143 ], [ 51.207092285000044, 11.617309570000032 ], [ 51.20788574200003, 11.617675781000059 ], [ 51.21356809700012, 11.620235010000158 ], [ 51.215744019000169, 11.621261596000011 ], [ 51.216110916000105, 11.621689940000124 ], [ 51.216240324000125, 11.62184102100008 ], [ 51.219299316000104, 11.625488281000059 ], [ 51.220022278000044, 11.627394915000082 ], [ 51.225433349000014, 11.641888618000166 ], [ 51.226933677000034, 11.643346819000101 ], [ 51.228271484000118, 11.644714355000133 ], [ 51.228708369000117, 11.644845421000127 ], [ 51.228845939000109, 11.644910862000131 ], [ 51.240650177000191, 11.650526047000085 ], [ 51.240801833000091, 11.650848212000028 ], [ 51.250703289000114, 11.671881988000052 ], [ 51.25109863300014, 11.67272949200003 ], [ 51.252929687000119, 11.676696777000132 ], [ 51.253341773000102, 11.678433424 ], [ 51.255348206000122, 11.687440872000082 ], [ 51.254226684000059, 11.694573402000117 ], [ 51.244541168000183, 11.712335587000098 ], [ 51.247386932000097, 11.719444275000171 ], [ 51.255626678000056, 11.731113434000122 ], [ 51.258255005000194, 11.740981102000148 ], [ 51.256721497000171, 11.756622315000129 ], [ 51.256722687000092, 11.756627022000089 ], [ 51.25671386700003, 11.756713867000087 ], [ 51.257331434000093, 11.759034422000184 ], [ 51.258636475000117, 11.76419544200013 ], [ 51.266643524000131, 11.775637626000105 ], [ 51.268845652000095, 11.780044889000123 ], [ 51.272888184000124, 11.788330078000058 ], [ 51.27978511900011, 11.801946194000095 ], [ 51.284610748000148, 11.811609268000097 ], [ 51.286792755000135, 11.823778152000102 ], [ 51.285035032000053, 11.832319072000189 ], [ 51.284729004000155, 11.833679199000187 ], [ 51.283928278000133, 11.834656356000096 ], [ 51.281047821000129, 11.83806800900004 ], [ 51.273136139000087, 11.841797829000086 ], [ 51.263095855000188, 11.841403006 ], [ 51.250067704000173, 11.836816024000086 ], [ 51.245910645000038, 11.835327148000033 ], [ 51.245841571000028, 11.835328078000089 ], [ 51.245784759000117, 11.835308075000114 ], [ 51.232246399000132, 11.835394859000189 ], [ 51.215023041000052, 11.843319893000057 ], [ 51.21159744300013, 11.844083786000112 ], [ 51.182151795000038, 11.850651741000092 ], [ 51.168876648000037, 11.855560303000175 ], [ 51.161445618000187, 11.862273217000109 ], [ 51.145397186000139, 11.872254372000043 ], [ 51.140270703000112, 11.873894541000141 ], [ 51.140226657000028, 11.873888421000174 ], [ 51.115737915000068, 11.870364189000043 ], [ 51.100093842000035, 11.869997978000072 ], [ 51.09116363600009, 11.871674538000036 ], [ 51.084938050000176, 11.872844696000016 ], [ 51.064384461000145, 11.871584892000101 ], [ 51.054351807000103, 11.872562409000068 ], [ 51.01779556300005, 11.89023971600011 ], [ 51.000812531000122, 11.901368141000091 ], [ 50.973373413000161, 11.913867950000053 ], [ 50.955860138, 11.921843528000068 ], [ 50.920185089000086, 11.931226730000162 ], [ 50.904113770000038, 11.939816475000043 ], [ 50.893432343000086, 11.938777398000127 ], [ 50.892883301000154, 11.938720703000172 ], [ 50.881532280000044, 11.940382817 ], [ 50.858600617000036, 11.943726539000124 ], [ 50.851375580000081, 11.946981430000051 ], [ 50.83134460500014, 11.957425118000117 ], [ 50.827136548000055, 11.960329240000078 ], [ 50.822768665000069, 11.96334366300016 ], [ 50.819885254000155, 11.965270996000015 ], [ 50.816562604000183, 11.968651684000179 ], [ 50.805759430000194, 11.979387283000165 ], [ 50.798770905000083, 11.983558655000138 ] ] ] } },
{ "type": "Feature", "properties": { "adm1_name": "Bay", "adm1_name1": null, "adm1_name2": null, "adm1_name3": null, "adm1_pcode": "SO24", "adm0_name": "Somalia", "adm0_name1": null, "adm0_name2": null, "adm0_name3": null, "adm0_pcode": "SO", "valid_on": "2025-01-08", "valid_to": null, "area_sqkm": 43931.52574497, "version": "v03", "lang": "en", "lang1": null, "lang2": null, "lang3": null, "center_lat": 2.69480106, "center_lon": 43.59261011 }, "geometry": { "type": "Polygon", "coordinates": [ [ [ 44.311096191000104, 3.571472168000128 ], [ 44.310947454000143, 3.571769642000049 ], [ 44.291076660000044, 3.611511230000076 ], [ 44.284158793000131, 3.626327748000165 ], [ 44.281921455000088, 3.631214907000128 ], [ 44.276554075999968, 3.642928096 ], [ 44.273312107000038, 3.650003018000064 ], [ 44.247052827, 3.707300047000047 ], [ 44.211141248000104, 3.785641561000091 ], [ 44.18094635, 3.851496935000057 ], [ 44.017349760000172, 3.901281532000098 ], [ 44.017322526000044, 3.901289823000184 ], [ 44.0173170220001, 3.901291499000138 ], [ 43.950985552000077, 3.921491182000182 ], [ 43.950927734000061, 3.921508789000143 ], [ 43.880920410000158, 3.921508789000143 ], [ 43.880880699000159, 3.921491182000182 ], [ 43.848627388000068, 3.907190633000084 ], [ 43.816187287000105, 3.892807264999988 ], [ 43.797912597999982, 3.884704590000069 ], [ 43.797726178, 3.884704554000052 ], [ 43.797785266000119, 3.884645471000056 ], [ 43.792361356000072, 3.882127228000172 ], [ 43.790939331000061, 3.881494999000154 ], [ 43.775336666000101, 3.869795720000184 ], [ 43.759465982, 3.857894814000133 ], [ 43.750915527000132, 3.851501465000069 ], [ 43.745277722000083, 3.84103195800003 ], [ 43.680908203000058, 3.721496582000043 ], [ 43.599220563000074, 3.63168503300011 ], [ 43.580871582000043, 3.611511230000076 ], [ 43.561174829000038, 3.606871708000085 ], [ 43.470989637000173, 3.585657425000136 ], [ 43.466188411000132, 3.584524221000152 ], [ 43.466188375000115, 3.584524213000122 ], [ 43.411104693000084, 3.57152315400009 ], [ 43.410888672000056, 3.571472168000128 ], [ 43.41074087800007, 3.57152315400009 ], [ 43.23634861700009, 3.631684997000093 ], [ 43.236314447000098, 3.631744195000067 ], [ 43.120950288000131, 3.671505030000162 ], [ 43.120922089000032, 3.671514749000153 ], [ 43.120921648000092, 3.671505030000162 ], [ 43.120921646000113, 3.671504994000145 ], [ 43.118997766000064, 3.629152618000091 ], [ 43.10960271100015, 3.422329441000102 ], [ 43.109599192000132, 3.422251973000073 ], [ 43.106980255000053, 3.364723618000028 ], [ 43.102112024000064, 3.257511898000018 ], [ 43.102111816000047, 3.257507324000187 ], [ 43.102090105000116, 3.256967105000172 ], [ 43.102090105000116, 3.256967068999984 ], [ 43.101948447000098, 3.235702822000178 ], [ 43.101090593000151, 3.106930751 ], [ 43.101077525000164, 3.104969169000071 ], [ 43.101074219000054, 3.104472881000049 ], [ 43.101074219000054, 3.081568001000051 ], [ 43.102092779000145, 3.081563582000172 ], [ 43.102092779000145, 3.081481934000124 ], [ 43.101074219000054, 3.081481934000124 ], [ 43.101074219000054, 3.074485069000048 ], [ 43.101074219000054, 3.061706543000014 ], [ 43.101074183000037, 3.061706539000056 ], [ 43.100921631000062, 3.06168859100012 ], [ 43.100921631000062, 3.061569690000169 ], [ 43.029264243000057, 3.053140320000125 ], [ 42.931900304000123, 3.041686976000165 ], [ 42.93091964700011, 3.041571617000102 ], [ 42.929651319000129, 3.041686976000165 ], [ 42.871223434000058, 3.047001203000093 ], [ 42.858359284000073, 3.048171244 ], [ 42.783461791000093, 3.054983442000037 ], [ 42.684870348000118, 3.063938402000019 ], [ 42.680174001000069, 3.064365268000188 ], [ 42.678527832000043, 3.064514160000101 ], [ 42.678136164000136, 3.064550494000059 ], [ 42.624904424000192, 3.069388902000185 ], [ 42.600910187000068, 3.071569204000127 ], [ 42.595476303000055, 3.041686976000165 ], [ 42.595455319000109, 3.041571581000085 ], [ 42.581246697000097, 2.963434963999987 ], [ 42.542729726000061, 2.751126838000118 ], [ 42.542724609000061, 2.751098633000026 ], [ 42.541746087000092, 2.746075554000186 ], [ 42.541746081000099, 2.746075518000168 ], [ 42.530396395000025, 2.681896438000024 ], [ 42.530396389000032, 2.681896402 ], [ 42.524056036000047, 2.645775126000046 ], [ 42.516129118000038, 2.600615122000079 ], [ 42.515987396000185, 2.600417852000078 ], [ 42.515986515, 2.600412880000022 ], [ 42.508948056000065, 2.560705607999978 ], [ 42.491821547000086, 2.464086886000075 ], [ 42.485672861000069, 2.429399245000127 ], [ 42.458619672000168, 2.27677943100008 ], [ 42.458460741000067, 2.275884713000096 ], [ 42.414391264000187, 2.027620110000157 ], [ 42.404219890000036, 1.970319857000106 ], [ 42.400914740000132, 1.951700354000081 ], [ 42.411059464000175, 1.948888319 ], [ 42.457107749000045, 1.918888910000021 ], [ 42.516356643999984, 1.88433192399998 ], [ 42.520908356, 1.881676554000023 ], [ 42.567420959000117, 1.837619542000027 ], [ 42.574151280000194, 1.83124422800006 ], [ 42.574707031000059, 1.830688477000024 ], [ 42.575665454000045, 1.829809922000095 ], [ 42.589643764000016, 1.816568930000187 ], [ 42.589904785000044, 1.816284180000025 ], [ 42.590503427000044, 1.815754612000092 ], [ 42.595729828000174, 1.810803889 ], [ 42.597294139000041, 1.8093220720001 ], [ 42.59790039100011, 1.808715820000032 ], [ 42.598079966000114, 1.808577685000046 ], [ 42.601231581000036, 1.805592270000034 ], [ 42.601501465000183, 1.805297852000024 ], [ 42.602768427000171, 1.804136469000071 ], [ 42.609266166, 1.797981387000107 ], [ 42.609497070000089, 1.797729492000144 ], [ 42.610581044000071, 1.796735850000175 ], [ 42.619284690000086, 1.788491189000013 ], [ 42.619689941000161, 1.788085937000062 ], [ 42.620388370000114, 1.787445711000032 ], [ 42.630858664000129, 1.777527567000107 ], [ 42.631286621000072, 1.777099609 ], [ 42.632024182000066, 1.776423512000122 ], [ 42.637803048000194, 1.77094939300008 ], [ 42.637878418000071, 1.770874023000033 ], [ 42.639282227000137, 1.769470215000069 ], [ 42.64061845800012, 1.768282454000143 ], [ 42.64937702200001, 1.759985771000117 ], [ 42.649475098000153, 1.759887695000032 ], [ 42.649644125000179, 1.759732754000083 ], [ 42.66905277800015, 1.741347612000141 ], [ 42.669677734000174, 1.740722656000116 ], [ 42.670023147000052, 1.7404284160001 ], [ 42.677176010000096, 1.733652758000119 ], [ 42.677673340000069, 1.733093262000182 ], [ 42.678599761000044, 1.732304088000092 ], [ 42.684758399000145, 1.726470225000128 ], [ 42.68572998000019, 1.725524902000132 ], [ 42.685870275000127, 1.725416984000105 ], [ 42.688765951999983, 1.722674009000059 ], [ 42.689270020000151, 1.722106934000124 ], [ 42.690887953000185, 1.720663912000134 ], [ 42.696719536000103, 1.715139857 ], [ 42.697326660000101, 1.714477539000086 ], [ 42.698820585000135, 1.713149606000115 ], [ 42.707246893000104, 1.705167658000107 ], [ 42.707519531000116, 1.704895020000095 ], [ 42.707600288000151, 1.704832899000053 ], [ 42.752385392, 1.662409530000104 ], [ 42.752502441000047, 1.66229248000019 ], [ 42.752600966000102, 1.66220532400007 ], [ 42.760487174000161, 1.654734994000137 ], [ 42.760498047000056, 1.654724121000015 ], [ 42.760501267000166, 1.654721644000119 ], [ 42.764047814000037, 1.651362124000116 ], [ 42.764099121000129, 1.651306152000132 ], [ 42.764339981000148, 1.651085364000153 ], [ 42.771657493000077, 1.644153740000036 ], [ 42.772094727000194, 1.643676758000026 ], [ 42.773170607, 1.642720420000103 ], [ 42.777915956000186, 1.63822531600016 ], [ 42.794580661000111, 1.622439259999965 ], [ 42.801000311000166, 1.616358087000151 ], [ 42.801879883000083, 1.61547851600011 ], [ 42.802674175999982, 1.614772477000031 ], [ 42.820014954000044, 1.598345994000113 ], [ 42.824579031000098, 1.594022534000146 ], [ 42.82507324200003, 1.593505859000118 ], [ 42.826658118000068, 1.592053056000054 ], [ 42.827626114000054, 1.591136093000159 ], [ 42.828674316000104, 1.59008789100011 ], [ 42.830479427000171, 1.588433206000047 ], [ 42.86110520200009, 1.55942201300013 ], [ 42.861226840000029, 1.559306788000129 ], [ 42.861292775000038, 1.559251733000053 ], [ 42.862746248000121, 1.558038099000044 ], [ 42.952579377000063, 1.483028396 ], [ 42.953228819000174, 1.482486118999987 ], [ 42.953300477000028, 1.482426286000134 ], [ 42.980722489000186, 1.461861433000081 ], [ 42.980739152000069, 1.46184893700007 ], [ 42.980918884000175, 1.461714149000102 ], [ 42.980952681000076, 1.461731046000182 ], [ 42.980952717000037, 1.461731064 ], [ 43.243409085000167, 1.592947540000182 ], [ 43.310913086000028, 1.626708984000118 ], [ 43.310913121999988, 1.626709002000098 ], [ 43.310928348, 1.62671661100012 ], [ 43.310930501000087, 1.626717688000099 ], [ 43.376055877000056, 1.659262847000036 ], [ 43.584519405000151, 1.763110682000161 ], [ 43.585153722000143, 1.763352724000072 ], [ 43.585380518000079, 1.763465625000094 ], [ 43.585380554000039, 1.763465643000131 ], [ 43.627470393000124, 1.780306176000011 ], [ 43.880920410000158, 1.88171386700003 ], [ 43.90166435500015, 1.890623144000074 ], [ 43.942957986000067, 1.909066543000108 ], [ 43.943256855000186, 1.909199013000034 ], [ 44.097254390999979, 1.977193902000181 ], [ 44.336011472000052, 2.082612869000059 ], [ 44.373132560000158, 2.098995888000104 ], [ 44.457721710000101, 2.136328459000026 ], [ 44.650878906000116, 2.221679688000052 ], [ 44.650155946000154, 2.228594961000113 ], [ 44.64947767700005, 2.235082751000107 ], [ 44.648720955000158, 2.241630691000125 ], [ 44.64836987700005, 2.24466857900012 ], [ 44.64367675800014, 2.285278320000089 ], [ 44.643310547000112, 2.288330078 ], [ 44.642883301000154, 2.292297363000102 ], [ 44.642272949000073, 2.297119141000053 ], [ 44.641906738000046, 2.300109863000102 ], [ 44.641881064000074, 2.30028958000014 ], [ 44.641392556000142, 2.304520548000085 ], [ 44.641296387000125, 2.306091309000067 ], [ 44.640930176000097, 2.309082031000116 ], [ 44.640594943000167, 2.311428658000182 ], [ 44.640480024000169, 2.312423972000147 ], [ 44.640319824000017, 2.314880371000072 ], [ 44.639892578000058, 2.317871094000168 ], [ 44.63952636700003, 2.320922852000081 ], [ 44.639282227000081, 2.323913574000073 ], [ 44.638916016000053, 2.326904297000169 ], [ 44.638488770000038, 2.329895020000095 ], [ 44.638122559000067, 2.332885742000087 ], [ 44.637878418000184, 2.335876465000183 ], [ 44.637512207000157, 2.338684082000043 ], [ 44.637177536000081, 2.341026780000107 ], [ 44.637065754000105, 2.341994923000186 ], [ 44.636901855000133, 2.344726562000119 ], [ 44.636474609000118, 2.347717285000044 ], [ 44.63610839800009, 2.35070800799997 ], [ 44.635854668000093, 2.352484118 ], [ 44.635643588, 2.354312284000116 ], [ 44.635498047000169, 2.356689453000058 ], [ 44.635070801000154, 2.359680175999983 ], [ 44.634704590000126, 2.362487793000071 ], [ 44.634678786000109, 2.362668418000169 ], [ 44.634194054000147, 2.366866678000065 ], [ 44.634094238000102, 2.368530273000147 ], [ 44.633728027000075, 2.371520996000072 ], [ 44.633355919000167, 2.374125756000126 ], [ 44.633288845000152, 2.374706685000092 ], [ 44.633117676000097, 2.377502441000161 ], [ 44.632690430000082, 2.380493164000086 ], [ 44.632324219000111, 2.383483887000182 ], [ 44.632080078000058, 2.386291504000042 ], [ 44.63171386700003, 2.389282227000137 ], [ 44.631286621000015, 2.39227294900013 ], [ 44.630920410000044, 2.395324707000043 ], [ 44.630676270000095, 2.398315430000139 ], [ 44.630310059000067, 2.401306152000132 ], [ 44.629927087000169, 2.403822820000187 ], [ 44.629870754000194, 2.404310721000172 ], [ 44.629699706999986, 2.407104492000087 ], [ 44.629272461000028, 2.410095215000013 ], [ 44.628906250000171, 2.413085938000108 ], [ 44.628652390000127, 2.414862956000093 ], [ 44.628443034000043, 2.416676183000106 ], [ 44.628443030000028, 2.416676219000067 ], [ 44.62829589800009, 2.419128418000014 ], [ 44.621093750000171, 2.481689453000172 ], [ 44.631103516000053, 2.549926758000083 ], [ 44.63270086100016, 2.560655348000125 ], [ 44.632700897000177, 2.560655590000124 ], [ 44.632700902000067, 2.560655626000141 ], [ 44.633264554000164, 2.564441401000124 ], [ 44.640958997999974, 2.616121214000145 ], [ 44.650695801000154, 2.681518555000082 ], [ 44.651123047000112, 2.684509277000132 ], [ 44.651289595000037, 2.686341302000073 ], [ 44.651290826000093, 2.686354843000061 ], [ 44.651294708000194, 2.686381340000025 ], [ 44.653788746000146, 2.703220774000101 ], [ 44.653950984000062, 2.704316184000163 ], [ 44.653980393000097, 2.704514750000101 ], [ 44.660953522, 2.751596451000182 ], [ 44.650996304000046, 2.781464781000068 ], [ 44.648176314000125, 2.789923811000051 ], [ 44.640959034000161, 2.811619793000034 ], [ 44.644294907000074, 2.827626706000046 ], [ 44.654113770000038, 2.874084473000039 ], [ 44.654724121000186, 2.877075195000032 ], [ 44.655273437000176, 2.879882812000119 ], [ 44.655700684000067, 2.881896973000039 ], [ 44.656311035000044, 2.884887695000032 ], [ 44.656921387000068, 2.887878418000128 ], [ 44.65709709500004, 2.889049808000095 ], [ 44.657262593000098, 2.889853677000076 ], [ 44.657672542000171, 2.891821106000066 ], [ 44.657897949000073, 2.892700195000032 ], [ 44.658325195000089, 2.894714355000076 ], [ 44.658695556000055, 2.896730766000189 ], [ 44.659173980000048, 2.899026820000131 ], [ 44.659484863000102, 2.90049505200011 ], [ 44.659698860000105, 2.901521539000044 ], [ 44.659912109000118, 2.902526855000076 ], [ 44.660109706000185, 2.903495077000059 ], [ 44.660503387000176, 2.905388594000158 ], [ 44.660704200000168, 2.906370665000111 ], [ 44.661260962000085, 2.909042681000074 ], [ 44.661315918000184, 2.909301758000083 ], [ 44.661362220000115, 2.909528639000143 ], [ 44.662240004000068, 2.913741304000098 ], [ 44.66254425, 2.915178776000175 ], [ 44.663154602000077, 2.918114424000066 ], [ 44.663379888000065, 2.919198786999971 ], [ 44.663879395000095, 2.921081543000184 ], [ 44.664489746000072, 2.924072266000053 ], [ 44.665100098000096, 2.92687988300014 ], [ 44.665527344000111, 2.928894043000128 ], [ 44.666076660000101, 2.931884766000053 ], [ 44.666687012000125, 2.934875488000102 ], [ 44.66711425800014, 2.936706543000128 ], [ 44.667724609000118, 2.939697266000053 ], [ 44.668261449000113, 2.942620058000159 ], [ 44.668311678000066, 2.942861647000143 ], [ 44.668884277000132, 2.945495605000133 ], [ 44.669494629000155, 2.948486328000058 ], [ 44.670104980000133, 2.951477051000154 ], [ 44.670715331999986, 2.954284668000184 ], [ 44.670914080000102, 2.955377782000028 ], [ 44.670926266000038, 2.955444805000127 ], [ 44.671104431000117, 2.95629191400019 ], [ 44.671714783000027, 2.95922851600011 ], [ 44.671861213000057, 2.959924396000133 ], [ 44.671864465000169, 2.959940010000025 ], [ 44.672485352000081, 2.962280273000147 ], [ 44.672846857000081, 2.964655883000034 ], [ 44.673025507000091, 2.965513471000122 ], [ 44.673706055000082, 2.968078613000102 ], [ 44.673819249000076, 2.969323749000068 ], [ 44.674309482000012, 2.971677063000129 ], [ 44.674682617000087, 2.973083496000015 ], [ 44.675292969000111, 2.975891113000102 ], [ 44.675903320000089, 2.978881836000028 ], [ 44.676513672000169, 2.981689453000058 ], [ 44.67687988299997, 2.983703613000102 ], [ 44.677307129000155, 2.98571777300009 ], [ 44.677917480000133, 2.988708496000015 ], [ 44.690952337000112, 3.050986145000138 ], [ 44.691101074000073, 3.051696777000132 ], [ 44.690952337000112, 3.052683433000084 ], [ 44.673278809000124, 3.169921875000057 ], [ 44.672940005000157, 3.17172883000012 ], [ 44.672904225000025, 3.171967099000028 ], [ 44.67272949200003, 3.173889160000158 ], [ 44.67233955800009, 3.175727423000126 ], [ 44.672089194000193, 3.17739468700006 ], [ 44.671875, 3.178894043000128 ], [ 44.671691895000095, 3.180908203000115 ], [ 44.671325684000067, 3.182678223000039 ], [ 44.671081543000184, 3.184875488000046 ], [ 44.670707402000062, 3.186596535000035 ], [ 44.660955644000182, 3.251537018000022 ], [ 44.640958997999974, 3.259540436 ], [ 44.610954285000105, 3.271549463000042 ], [ 44.567350555000132, 3.269371461000162 ], [ 44.555207252000173, 3.26876406000008 ], [ 44.471923828000115, 3.264709473000039 ], [ 44.43557123700009, 3.262782786000059 ], [ 44.435030411000128, 3.262754122 ], [ 44.421515614000043, 3.26203783700015 ], [ 44.410888672000056, 3.261474609000118 ], [ 44.372979741000051, 3.284913570000128 ], [ 44.33392038500017, 3.308947021999984 ], [ 44.301864114000182, 3.32867143500016 ], [ 44.280944824000187, 3.341543198000181 ], [ 44.286970210000106, 3.351583768000125 ], [ 44.293923145000122, 3.363169986000059 ], [ 44.302928545000043, 3.378015252000012 ], [ 44.310947454000143, 3.391234301000168 ], [ 44.311096191000104, 3.391479492000087 ], [ 44.311096191000104, 3.409426723000138 ], [ 44.311096191000104, 3.451110840000183 ], [ 44.311096191000104, 3.454101562 ], [ 44.311096191000104, 3.457092285000101 ], [ 44.311096191000104, 3.460083008000026 ], [ 44.311096191000104, 3.463073730000019 ], [ 44.311096191000104, 3.465881347999982 ], [ 44.311096191000104, 3.468872070000032 ], [ 44.311096191000104, 3.471923828000115 ], [ 44.311096191000104, 3.474914550999983 ], [ 44.311096191000104, 3.477905273000033 ], [ 44.311096191000104, 3.480895996000129 ], [ 44.311096191000104, 3.483886719000054 ], [ 44.311096191000104, 3.486877441000047 ], [ 44.311096191000104, 3.48992919900013 ], [ 44.311096191000104, 3.492919922000056 ], [ 44.311096191000104, 3.495910645000151 ], [ 44.311096191000104, 3.498901367000144 ], [ 44.311096191000104, 3.501892090000069 ], [ 44.311096191000104, 3.504882812000062 ], [ 44.311096191000104, 3.507873535000158 ], [ 44.311096191000104, 3.510681152000018 ], [ 44.311096191000104, 3.513671875000114 ], [ 44.311096191000104, 3.559569859000078 ], [ 44.311096191000104, 3.571472168000128 ] ] ] } },
{ "type": "Feature", "properties": { "adm1_name": "Galgaduud", "adm1_name1": null, "adm1_name2": null, "adm1_name3": null, "adm1_pcode": "SO19", "adm0_name": "Somalia", "adm0_name1": null, "adm0_name2": null, "adm0_name3": null, "adm0_pcode": "SO", "valid_on": "2025-01-08", "valid_to": null, "area_sqkm": 49279.358921049999, "version": "v03", "lang": "en", "lang1": null, "lang2": null, "lang3": null, "center_lat": 4.98639131, "center_lon": 46.89816075 }, "geometry": { "type": "Polygon", "coordinates": [ [ [ 47.07737804400017, 6.398257880000074 ], [ 46.997456872000157, 6.416105115 ], [ 46.73734156800009, 6.474191588000053 ], [ 46.737341532000073, 6.474191596000082 ], [ 46.684338567000168, 6.485997183000165 ], [ 46.684322881000071, 6.486000677000106 ], [ 46.684201438000059, 6.486027670000112 ], [ 46.541549438000175, 6.517734722000057 ], [ 46.540645379000068, 6.518631253000081 ], [ 46.538274085000182, 6.520982803000095 ], [ 46.515060120000101, 6.497198251000043 ], [ 46.494690115000026, 6.476276656000095 ], [ 46.450599305000026, 6.431008681000151 ], [ 46.310097632000122, 6.28667428100016 ], [ 46.310109941000178, 6.286657151000156 ], [ 45.865582732000121, 5.829248234000033 ], [ 45.859298774000138, 5.822774055000025 ], [ 45.488794358000121, 5.440673759000163 ], [ 45.481148064000195, 5.432947894000165 ], [ 45.655517578000172, 5.178527832000043 ], [ 45.669436526000027, 5.16171770700015 ], [ 45.676086426000154, 5.153686522999976 ], [ 45.710592111000096, 5.112147330000028 ], [ 45.710975647000055, 5.111380577000091 ], [ 45.716843444000119, 5.109958242000062 ], [ 45.72879893400011, 5.107060269000044 ], [ 45.728801286000134, 5.107064344000094 ], [ 45.746374052000135, 5.102807726000151 ], [ 45.820252634999974, 5.084912256000052 ], [ 45.820252784000104, 5.084912220000035 ], [ 46.040544771000043, 5.031494105000093 ], [ 46.04098510700004, 5.031387329000097 ], [ 46.041390646000139, 5.031494105000093 ], [ 46.051555735000136, 5.034170510000081 ], [ 46.230987549000133, 5.081382275000124 ], [ 46.229828419000171, 5.07325787700006 ], [ 46.229915695000102, 5.073277013000052 ], [ 46.210987091000163, 4.94139528200003 ], [ 46.111586147000025, 4.742520806000186 ], [ 46.111083984000174, 4.741516113000102 ], [ 46.126443005000056, 4.622600770000133 ], [ 46.126443041000073, 4.622600491000185 ], [ 46.12644304600019, 4.622600455 ], [ 46.143569992999971, 4.489201331000118 ], [ 46.150976268000193, 4.431515008000076 ], [ 46.15097627300014, 4.431514972000059 ], [ 46.229915731000119, 4.368350202000045 ], [ 46.362636216000112, 4.262151614000061 ], [ 46.396663269000101, 4.23492428000003 ], [ 46.396827698000095, 4.234792709000033 ], [ 46.396639683999979, 4.201268324000125 ], [ 46.394080275000078, 4.05779774399997 ], [ 46.393178322000153, 4.009299030000136 ], [ 46.391964802000075, 3.944047087000172 ], [ 46.391113245000042, 3.891409704000068 ], [ 46.486061894000102, 3.829942949000099 ], [ 46.730365459000097, 3.671681954000064 ], [ 46.914001230000054, 3.552841186000137 ], [ 47.038048305000018, 3.47233394400007 ], [ 47.074885029000029, 3.505823023000119 ], [ 47.104492187000176, 3.539306641 ], [ 47.128080570000122, 3.563628118000054 ], [ 47.129146478000166, 3.564786389 ], [ 47.159627388000104, 3.602492015000166 ], [ 47.160755189999975, 3.603811097000062 ], [ 47.167297363000102, 3.612487793000128 ], [ 47.175923232000173, 3.621551694000061 ], [ 47.199336230000085, 3.648935621000135 ], [ 47.205688477000137, 3.658081055000082 ], [ 47.215881347999982, 3.668884277000132 ], [ 47.218078613000159, 3.670898437000119 ], [ 47.218581601000039, 3.671357732000047 ], [ 47.26135144400007, 3.714277573000061 ], [ 47.261718750000057, 3.714721680000082 ], [ 47.287475586000141, 3.741516113000102 ], [ 47.296875000000114, 3.748901367000087 ], [ 47.305817348000176, 3.757300257000111 ], [ 47.332235817000139, 3.782853769000042 ], [ 47.351881399000092, 3.801741696000079 ], [ 47.377929688000165, 3.826904297000056 ], [ 47.400085449000073, 3.845520020000151 ], [ 47.421992058000114, 3.863994906000187 ], [ 47.428512574000138, 3.869499921000113 ], [ 47.436433443000112, 3.878718954000078 ], [ 47.486511230000133, 3.937072754000155 ], [ 47.524026280000157, 3.98066750400011 ], [ 47.529337061000035, 3.986848676000136 ], [ 47.529776634000029, 3.987349762 ], [ 47.535095215000183, 3.99353027300009 ], [ 47.537168613000176, 3.995776156000034 ], [ 47.607064213000058, 4.075452766000069 ], [ 47.607340722000117, 4.075759177000123 ], [ 47.624084473000039, 4.096130371000015 ], [ 47.640574784000137, 4.112587166000026 ], [ 47.690658569999982, 4.168087006 ], [ 47.710086697000179, 4.188406705000034 ], [ 47.715011596000068, 4.19355726100008 ], [ 47.740535736000027, 4.215352058000121 ], [ 47.741138458000137, 4.215962886 ], [ 47.751007081000182, 4.226005078000128 ], [ 47.751623046000077, 4.226777057000106 ], [ 47.771728516000053, 4.253723145000151 ], [ 47.798095703000058, 4.285095215000126 ], [ 47.819885254000042, 4.314697266000053 ], [ 47.83482460700003, 4.332891012000118 ], [ 47.60546796400007, 4.441878966000161 ], [ 47.501682420000066, 4.495310730000142 ], [ 47.501687275000052, 4.495342291000156 ], [ 47.501708984000118, 4.495483398000033 ], [ 47.603321902000118, 5.141904866000118 ], [ 47.607135625000126, 5.166752589000168 ], [ 47.60802459700011, 5.19950151300003 ], [ 47.59497856500019, 5.235013392999974 ], [ 47.581459049000159, 5.271814130000166 ], [ 47.580893284000126, 5.273354169000129 ], [ 47.580815991000065, 5.273354491000134 ], [ 47.526893708999978, 5.419699827000102 ], [ 47.471012115000178, 5.571335793000117 ], [ 47.39148823000005, 5.692400463000183 ], [ 47.388617245000091, 5.696766356000182 ], [ 47.351749384000072, 5.75283112700015 ], [ 47.351708196000061, 5.752893761000166 ], [ 47.351684570000089, 5.752929687000119 ], [ 47.351749384000072, 5.753067008000187 ], [ 47.382502409000097, 5.818223380000177 ], [ 47.518773586000066, 6.106940849000068 ], [ 47.518773622000026, 6.10694092500006 ], [ 47.565935492000108, 6.206913598000142 ], [ 47.601013184000067, 6.281270503000144 ], [ 47.601013220000084, 6.281270635000169 ], [ 47.601027096000166, 6.281321558 ], [ 47.601013220000084, 6.281324657000027 ], [ 47.533441092000032, 6.296414221000077 ], [ 47.518773586000066, 6.299701385000105 ], [ 47.471058827000149, 6.310394836 ], [ 47.358392153000011, 6.335611378000124 ], [ 47.358040359000029, 6.335690115000148 ], [ 47.316218884000136, 6.345050407000144 ], [ 47.296524243000135, 6.349458372000072 ], [ 47.295815159000085, 6.349617076000072 ], [ 47.295905662000052, 6.349458372000072 ], [ 47.07737804400017, 6.398257880000074 ] ] ] } },
{ "type": "Feature", "properties": { "adm1_name": "Gedo", "adm1_name1": null, "adm1_name2": null, "adm1_name3": null, "adm1_pcode": "SO26", "adm0_name": "Somalia", "adm0_name1": null, "adm0_name2": null, "adm0_name3": null, "adm0_pcode": "SO", "valid_on": "2025-01-08", "valid_to": null, "area_sqkm": 45056.390710530002, "version": "v03", "lang": "en", "lang1": null, "lang2": null, "lang3": null, "center_lat": 2.78642157, "center_lon": 41.77240065 }, "geometry": { "type": "Polygon", "coordinates": [ [ [ 42.885418803000164, 4.307618680000019 ], [ 42.870442184000069, 4.295782979000137 ], [ 42.862420000000157, 4.289380000000165 ], [ 42.858559212000102, 4.286547795000047 ], [ 42.849121094000054, 4.279479980000076 ], [ 42.838875843000153, 4.273783779000155 ], [ 42.833310000000154, 4.270620000000122 ], [ 42.825100000000134, 4.26707 ], [ 42.819736622000107, 4.265577101000076 ], [ 42.817321777000188, 4.264892578000172 ], [ 42.75030517600004, 4.264526367000144 ], [ 42.737670898000033, 4.263916016 ], [ 42.735977462999983, 4.26383369600012 ], [ 42.728900000000181, 4.263370000000123 ], [ 42.7202, 4.262810000000172 ], [ 42.70991, 4.261760000000152 ], [ 42.702360000000169, 4.26006000000018 ], [ 42.699314240000035, 4.259232804000135 ], [ 42.694519043000071, 4.257873534999987 ], [ 42.683471680000025, 4.254272461000141 ], [ 42.671691895000095, 4.250488281 ], [ 42.65975739300012, 4.245208301000162 ], [ 42.638260000000173, 4.23558 ], [ 42.60823196500013, 4.223985476000166 ], [ 42.59949, 4.220610000000136 ], [ 42.58788, 4.215410000000134 ], [ 42.573940000000107, 4.21201 ], [ 42.565720000000169, 4.20984 ], [ 42.554530000000113, 4.206250000000182 ], [ 42.542630000000145, 4.20495000000011 ], [ 42.530457362000163, 4.20339895799998 ], [ 42.526672363000102, 4.202880859000061 ], [ 42.497680664000029, 4.202270508000083 ], [ 42.485900879000098, 4.203308105000019 ], [ 42.484910224000146, 4.203267314000129 ], [ 42.475530000000106, 4.20273 ], [ 42.457874979999985, 4.200751319000062 ], [ 42.445678711000141, 4.199279785000158 ], [ 42.421836599000073, 4.195688505000021 ], [ 42.4165, 4.194860000000119 ], [ 42.40166453400019, 4.193096822000086 ], [ 42.345775931000048, 4.187626052000041 ], [ 42.317077637000182, 4.185485840000069 ], [ 42.31061272200003, 4.185142190000022 ], [ 42.298630000000173, 4.184389999000075 ], [ 42.263942706000194, 4.182534609000015 ], [ 42.252502441000104, 4.181884766000167 ], [ 42.240507347000118, 4.18128107400014 ], [ 42.196740000000148, 4.17894 ], [ 42.14151, 4.179609998999979 ], [ 42.138680449000162, 4.179617831000087 ], [ 42.135288496000101, 4.179627207000181 ], [ 42.113264379999976, 4.179687500000114 ], [ 42.097717285000158, 4.179687500000114 ], [ 42.095329283000069, 4.179643817000112 ], [ 42.08767, 4.179370000000119 ], [ 42.08016, 4.175359999000079 ], [ 42.072683159000064, 4.170628263000083 ], [ 42.069091797000056, 4.16827392600004 ], [ 42.065767803000028, 4.165533534000133 ], [ 42.061090000000149, 4.161540000000116 ], [ 42.05114, 4.15152 ], [ 42.043628483000191, 4.142338800000175 ], [ 42.043626644000085, 4.142336481000086 ], [ 42.035350000000108, 4.132220000000132 ], [ 42.013343417000101, 4.106859561000135 ], [ 42.008728027000132, 4.101501465000183 ], [ 42.003386586000033, 4.096538849000069 ], [ 42.000000000000171, 4.093370000000164 ], [ 41.979451892000156, 4.095155086000091 ], [ 41.979095613000084, 4.095186037000076 ], [ 41.97706762200005, 4.08918540500008 ], [ 41.97469880500006, 4.08201029200012 ], [ 41.974461545000167, 4.081291636000174 ], [ 41.97430419900013, 4.080688477000081 ], [ 41.974245179000036, 4.080636266000113 ], [ 41.974220000000173, 4.08056 ], [ 41.973737441000139, 4.080187113000022 ], [ 41.972717285000101, 4.079284668000014 ], [ 41.966918945000145, 4.080078125000057 ], [ 41.962301507000177, 4.074636652000038 ], [ 41.947111483000128, 4.056700824000188 ], [ 41.946381879000114, 4.055839334000098 ], [ 41.946289062000176, 4.055725098000096 ], [ 41.946105957000043, 4.044677734000118 ], [ 41.946105957000043, 4.044128418000184 ], [ 41.949096680000139, 4.027893066000104 ], [ 41.944091797, 4.017883301000154 ], [ 41.943625627000188, 4.016997577000041 ], [ 41.94346, 4.01666 ], [ 41.931301169000051, 4.006646426000032 ], [ 41.926513672000169, 4.002685547000169 ], [ 41.924267638000117, 3.998974708000162 ], [ 41.922281751000071, 3.995589130000155 ], [ 41.922024182000143, 3.995150020999972 ], [ 41.921508789000029, 3.994079590000126 ], [ 41.916883270000028, 3.992284612000105 ], [ 41.913304009000115, 3.990836580000064 ], [ 41.913160337000136, 3.990778456000044 ], [ 41.913085938000108, 3.990722656000059 ], [ 41.912719727000081, 3.989501953 ], [ 41.910611346000167, 3.983716165000033 ], [ 41.91011899900019, 3.982319000000132 ], [ 41.860764581000069, 3.911662949000117 ], [ 41.679118384000105, 3.65165097 ], [ 41.670945902000142, 3.639948838000066 ], [ 41.333312988000159, 3.156494141000167 ], [ 41.316342061000114, 3.139689731000146 ], [ 41.134977495000044, 2.959852689000172 ], [ 41.131381635000082, 2.956285585000103 ], [ 40.995727539000086, 2.82171630900018 ], [ 40.995430315000192, 2.64431574800011 ], [ 40.994943148000118, 2.353546698 ], [ 40.994875075000095, 2.311706517000175 ], [ 40.99548882400012, 1.747618198999987 ], [ 40.995727539000086, 1.707275391000167 ], [ 40.995727539000086, 1.574130936000074 ], [ 40.995727539000086, 1.232748162000178 ], [ 41.420903370000076, 1.261733990000039 ], [ 41.427678392000189, 1.28272980700001 ], [ 41.451320832000079, 1.355784601000039 ], [ 41.55833433500004, 1.686454765000178 ], [ 41.592631733000132, 1.792448471000057 ], [ 41.640917455000078, 1.941672114000085 ], [ 41.681432696000059, 1.942205125000044 ], [ 41.681432906000111, 1.942205161 ], [ 41.681437802000119, 1.942213732000084 ], [ 41.687726344000168, 1.942296700000043 ], [ 41.698814725000034, 1.942442994999965 ], [ 41.779120209999974, 1.943502508000165 ], [ 42.231871758000125, 1.949475899000106 ], [ 42.231871794000142, 1.949475899000106 ], [ 42.233330205000073, 1.949495098000057 ], [ 42.393147313000043, 1.95159898300011 ], [ 42.393148057000133, 1.951598993000118 ], [ 42.400914740000132, 1.951700354000081 ], [ 42.404219890000036, 1.970319857000106 ], [ 42.414391264000187, 2.027620110000157 ], [ 42.458460741000067, 2.275884713000096 ], [ 42.458619672000168, 2.27677943100008 ], [ 42.485672861000069, 2.429399245000127 ], [ 42.491821547000086, 2.464086886000075 ], [ 42.508948056000065, 2.560705607999978 ], [ 42.515986515, 2.600412880000022 ], [ 42.515987396000185, 2.600417852000078 ], [ 42.516129118000038, 2.600615122000079 ], [ 42.524056036000047, 2.645775126000046 ], [ 42.530396389000032, 2.681896402 ], [ 42.530396395000025, 2.681896438000024 ], [ 42.541746081000099, 2.746075518000168 ], [ 42.541746087000092, 2.746075554000186 ], [ 42.542724609000061, 2.751098633000026 ], [ 42.542729726000061, 2.751126838000118 ], [ 42.581246697000097, 2.963434963999987 ], [ 42.595455319000109, 3.041571581000085 ], [ 42.595476303000055, 3.041686976000165 ], [ 42.600910187000068, 3.071569204000127 ], [ 42.624904424000192, 3.069388902000185 ], [ 42.678136164000136, 3.064550494000059 ], [ 42.678527832000043, 3.064514160000101 ], [ 42.680174001000069, 3.064365268000188 ], [ 42.684870348000118, 3.063938402000019 ], [ 42.783461791000093, 3.054983442000037 ], [ 42.858359284000073, 3.048171244 ], [ 42.871223434000058, 3.047001203000093 ], [ 42.929651319000129, 3.041686976000165 ], [ 42.93091964700011, 3.041571617000102 ], [ 42.931900304000123, 3.041686976000165 ], [ 43.029264243000057, 3.053140320000125 ], [ 43.100921631000062, 3.061569690000169 ], [ 43.100921631000062, 3.06168859100012 ], [ 43.101074183000037, 3.061706539000056 ], [ 43.101074219000054, 3.061706543000014 ], [ 43.101074219000054, 3.074485069000048 ], [ 43.101074219000054, 3.081481934000124 ], [ 43.102092779000145, 3.081481934000124 ], [ 43.102092779000145, 3.081563582000172 ], [ 43.101074219000054, 3.081568001000051 ], [ 43.101074219000054, 3.104472881000049 ], [ 43.101077525000164, 3.104969169000071 ], [ 43.101090593000151, 3.106930751 ], [ 43.101948447000098, 3.235702822000178 ], [ 43.102090105000116, 3.256967068999984 ], [ 43.102090105000116, 3.256967105000172 ], [ 43.102111816000047, 3.257507324000187 ], [ 43.102112024000064, 3.257511898000018 ], [ 43.106980255000053, 3.364723618000028 ], [ 43.109599192000132, 3.422251973000073 ], [ 43.10960271100015, 3.422329441000102 ], [ 43.118997766000064, 3.629152618000091 ], [ 43.120921646000113, 3.671504994000145 ], [ 43.120921648000092, 3.671505030000162 ], [ 43.120922089000032, 3.671514749000153 ], [ 43.129391641000041, 3.747731931000146 ], [ 43.132618333000039, 3.776768814000036 ], [ 43.132875920000117, 3.779086833000065 ], [ 43.138570189000063, 3.830283170000087 ], [ 43.138570193000078, 3.830283206000104 ], [ 43.140922582000144, 3.851433187999987 ], [ 43.14093017600004, 3.851501465000069 ], [ 43.140922582000144, 3.851516711000045 ], [ 43.101074219000054, 3.931518555000025 ], [ 43.091442129000143, 3.947742665000021 ], [ 43.091442108000081, 3.947742701000038 ], [ 43.091442072000063, 3.947742763000065 ], [ 43.088842703000182, 3.952198324 ], [ 43.088842667000165, 3.95219838600002 ], [ 43.05531685800014, 4.009855391000087 ], [ 43.051424819000033, 4.016523735000078 ], [ 42.885418803000164, 4.307618680000019 ] ] ] } },
{ "type": "Feature", "properties": { "adm1_name": "Hiraan", "adm1_name1": null, "adm1_name2": null, "adm1_name3": null, "adm1_pcode": "SO20", "adm0_name": "Somalia", "adm0_name1": null, "adm0_name2": null, "adm0_name3": null, "adm0_pcode": "SO", "valid_on": "2025-01-08", "valid_to": null, "area_sqkm": 33853.514932700004, "version": "v03", "lang": "en", "lang1": null, "lang2": null, "lang3": null, "center_lat": 4.31525091, "center_lon": 45.49857962 }, "geometry": { "type": "Polygon", "coordinates": [ [ [ 45.716843444000119, 5.109958242000062 ], [ 45.710975647000055, 5.111380577000091 ], [ 45.710592111000096, 5.112147330000028 ], [ 45.676086426000154, 5.153686522999976 ], [ 45.669436526000027, 5.16171770700015 ], [ 45.655517578000172, 5.178527832000043 ], [ 45.481148064000195, 5.432947894000165 ], [ 45.187713372000189, 5.129640441000106 ], [ 45.185400809000043, 5.127249651 ], [ 45.150099107000017, 5.090750917000094 ], [ 45.068616987000155, 5.006482609000045 ], [ 45.018703739000159, 4.955221631000143 ], [ 44.981692587000111, 4.917302137000036 ], [ 44.981689453000058, 4.917297362999989 ], [ 44.943152120000093, 4.919025945000044 ], [ 44.943160406000061, 4.919040342000073 ], [ 44.931846446000065, 4.919547390000105 ], [ 44.928283691000104, 4.919677734000061 ], [ 44.853263280000078, 4.92306917999997 ], [ 44.592119643000103, 4.934772617000135 ], [ 44.664390640000192, 4.509718419000023 ], [ 44.676678391, 4.44076838400008 ], [ 44.678339023000092, 4.431450111000117 ], [ 44.678451778000124, 4.430817410000088 ], [ 44.679637015000026, 4.419211831000041 ], [ 44.679637051000043, 4.419211655000026 ], [ 44.680459119000034, 4.415201849000084 ], [ 44.681091309000124, 4.411499023000147 ], [ 44.723161265000044, 4.206913275999966 ], [ 44.744546620000108, 4.102601772000185 ], [ 44.749634212000103, 4.077880823000157 ], [ 44.749656677000075, 4.077771664000068 ], [ 44.749716429000046, 4.077519755000139 ], [ 44.750467829000058, 4.074351923 ], [ 44.751098633000026, 4.071472168000071 ], [ 44.765167978000136, 4.012377483000023 ], [ 44.77569489800004, 3.967996979000077 ], [ 44.800956726000152, 3.861495495000042 ], [ 44.782357019000131, 3.762302129999966 ], [ 44.770874023000033, 3.701477051000154 ], [ 44.772144602000083, 3.650270342000169 ], [ 44.772207108000089, 3.647751229 ], [ 44.77829012300009, 3.386189845000047 ], [ 44.780473254000128, 3.289640369000153 ], [ 44.78088378800004, 3.271484411000188 ], [ 44.780883789000086, 3.271484375000171 ], [ 44.793222983000192, 3.270639954000046 ], [ 44.879882812000119, 3.264709473000039 ], [ 45.005149503000098, 3.256073148000041 ], [ 45.038652454000044, 3.253763337000123 ], [ 45.070964544000162, 3.251535628000113 ], [ 45.070964580000179, 3.251535626000077 ], [ 45.071122400999968, 3.25145681500004 ], [ 45.095022955000104, 3.239521632000105 ], [ 45.150878906000173, 3.211486816000047 ], [ 45.180965388000175, 3.208977059000176 ], [ 45.246545191999985, 3.203506516000061 ], [ 45.266342893000171, 3.201855029000114 ], [ 45.269936996000126, 3.201555216000088 ], [ 45.27087402300009, 3.201477051000097 ], [ 45.271892536999985, 3.201555216000088 ], [ 45.296985662000111, 3.203480967000132 ], [ 45.297119141000053, 3.203491211000085 ], [ 45.297114022000073, 3.203506551000146 ], [ 45.312624579000101, 3.204657220000058 ], [ 45.352149668000038, 3.207629508000139 ], [ 45.358142046000069, 3.208042915000135 ], [ 45.418160259000103, 3.212570644000039 ], [ 45.435828500000127, 3.213891736000107 ], [ 45.514533804000109, 3.219776698000146 ], [ 45.643352740000125, 3.229383866000092 ], [ 45.800470617000144, 3.241101536000087 ], [ 45.800471100000095, 3.241101572000105 ], [ 45.900096393000183, 3.248511951000125 ], [ 45.933792998000172, 3.25101596200011 ], [ 45.940980277000051, 3.251516869000056 ], [ 45.959716797000112, 3.30749511700003 ], [ 45.960831782000071, 3.311133490000088 ], [ 45.960891723000145, 3.311313390000066 ], [ 45.963493548000031, 3.319119711000155 ], [ 45.965340228000059, 3.324659698000119 ], [ 45.985900879000155, 3.386291504000042 ], [ 45.986511230000076, 3.388122559000067 ], [ 45.987299996000161, 3.390538152000033 ], [ 45.987527859000124, 3.391221696000116 ], [ 45.988525391000053, 3.393920898000147 ], [ 45.989638629000126, 3.397553572000163 ], [ 45.98980758800019, 3.398060414000156 ], [ 45.990295410000044, 3.399475098000153 ], [ 45.991554408000127, 3.403300514000136 ], [ 45.993159238000032, 3.408114673000114 ], [ 45.99353027300009, 3.409118652000132 ], [ 45.995117187000119, 3.413879395000095 ], [ 45.996148066000046, 3.417080544000044 ], [ 45.996392515000082, 3.417813841000054 ], [ 45.997314453000172, 3.420471191 ], [ 45.997657097000115, 3.421607325000025 ], [ 45.999352533000035, 3.426693284000123 ], [ 45.999511719000111, 3.427124023000147 ], [ 46.00109863300014, 3.431884766000167 ], [ 46.001708984000061, 3.433715820000145 ], [ 46.002319336000141, 3.435485840000013 ], [ 46.003906250000171, 3.440307617000087 ], [ 46.005310059000067, 3.444091797000056 ], [ 46.006397078000191, 3.447825471000044 ], [ 46.006740570000034, 3.448855877000028 ], [ 46.00689381400008, 3.449314995 ], [ 46.007507324000017, 3.450683594 ], [ 46.008728027000075, 3.454528809000124 ], [ 46.009704590000126, 3.457519531000116 ], [ 46.010314941000104, 3.45928955100004 ], [ 46.011341172000186, 3.462638303000176 ], [ 46.011489868000069, 3.463083744000187 ], [ 46.011598602000163, 3.463409236000075 ], [ 46.01159861400015, 3.463409272000092 ], [ 46.012512207000157, 3.465881347999982 ], [ 46.030883789000029, 3.49969482400013 ], [ 46.06108825299998, 3.531485786000133 ], [ 46.061096191000104, 3.531494141 ], [ 46.075705217000063, 3.550943149000034 ], [ 46.090948075000085, 3.571235978000118 ], [ 46.091125488000102, 3.571472168000128 ], [ 46.225205931000175, 3.798762308000107 ], [ 46.290877291000129, 3.835502432000112 ], [ 46.303342876000102, 3.842474080000159 ], [ 46.303342912000119, 3.842474100000175 ], [ 46.390987360000054, 3.891409186000033 ], [ 46.391055380000182, 3.891447164000169 ], [ 46.391113209000082, 3.891409727 ], [ 46.391113245000042, 3.891409704000068 ], [ 46.391964802000075, 3.944047087000172 ], [ 46.393178322000153, 4.009299030000136 ], [ 46.394080275000078, 4.05779774399997 ], [ 46.396639683999979, 4.201268324000125 ], [ 46.396827698000095, 4.234792709000033 ], [ 46.396663269000101, 4.23492428000003 ], [ 46.362636216000112, 4.262151614000061 ], [ 46.229915731000119, 4.368350202000045 ], [ 46.15097627300014, 4.431514972000059 ], [ 46.150976268000193, 4.431515008000076 ], [ 46.143569992999971, 4.489201331000118 ], [ 46.12644304600019, 4.622600455 ], [ 46.126443041000073, 4.622600491000185 ], [ 46.126443005000056, 4.622600770000133 ], [ 46.111083984000174, 4.741516113000102 ], [ 46.111586147000025, 4.742520806000186 ], [ 46.210987091000163, 4.94139528200003 ], [ 46.229915695000102, 5.073277013000052 ], [ 46.229828419000171, 5.07325787700006 ], [ 46.230987549000133, 5.081382275000124 ], [ 46.051555735000136, 5.034170510000081 ], [ 46.041390646000139, 5.031494105000093 ], [ 46.04098510700004, 5.031387329000097 ], [ 46.040544771000043, 5.031494105000093 ], [ 45.820252784000104, 5.084912220000035 ], [ 45.820252634999974, 5.084912256000052 ], [ 45.746374052000135, 5.102807726000151 ], [ 45.728801286000134, 5.107064344000094 ], [ 45.72879893400011, 5.107060269000044 ], [ 45.716843444000119, 5.109958242000062 ] ] ] } },
{ "type": "Feature", "properties": { "adm1_name": "Lower Juba", "adm1_name1": null, "adm1_name2": null, "adm1_name3": null, "adm1_pcode": "SO28", "adm0_name": "Somalia", "adm0_name1": null, "adm0_name2": null, "adm0_name3": null, "adm0_pcode": "SO", "valid_on": "2025-01-08", "valid_to": null, "area_sqkm": 47883.180843549999, "version": "v03", "lang": "en", "lang1": null, "lang2": null, "lang3": null, "center_lat": -0.1723938, "center_lon": 41.85649011 }, "geometry": { "type": "MultiPolygon", "coordinates": [ [ [ [ 42.72991639900016, 0.315900826000075 ], [ 42.726802826000039, 0.328681052000036 ], [ 42.679283508000026, 0.52348568900004 ], [ 42.678260871000077, 0.527677972000049 ], [ 42.678041369000027, 0.528577816000109 ], [ 42.677912129000163, 0.529445986000155 ], [ 42.677467111000112, 0.531268777000093 ], [ 42.631786541000054, 0.718376159000115 ], [ 42.620943483000133, 0.75179377500001 ], [ 42.620910645000095, 0.751892090000069 ], [ 42.620910609000077, 0.751892198000064 ], [ 42.610700338000186, 0.782513170000072 ], [ 42.56915811600004, 0.907099801000129 ], [ 42.539251253000089, 0.996857116000172 ], [ 42.51458601700017, 1.070846809000159 ], [ 42.484455513000057, 1.161207144000173 ], [ 42.462957440000082, 1.225662739000029 ], [ 42.439245748000133, 1.296739038000169 ], [ 42.435569441000155, 1.307757045000074 ], [ 42.430911731000094, 1.321716345000084 ], [ 42.430908203000115, 1.321726918000024 ], [ 42.430664935999971, 1.321716345000084 ], [ 42.421043807, 1.321298186000035 ], [ 42.386674281000012, 1.319841363000023 ], [ 42.321472168000071, 1.317077637000182 ], [ 42.200927734000061, 1.311706543000014 ], [ 42.166545434999989, 1.309473047000154 ], [ 42.143628306000039, 1.307984336000175 ], [ 42.138955407000026, 1.307757081000091 ], [ 42.035916075000102, 1.301140259000078 ], [ 41.771291933000043, 1.284147031000032 ], [ 41.597048002, 1.273001301000136 ], [ 41.459110513000041, 1.264177958000062 ], [ 41.420903370000076, 1.261733990000039 ], [ 40.995727539000086, 1.232748162000178 ], [ 40.995727539000086, 1.001959452999984 ], [ 40.995875259000059, 0.562294829000166 ], [ 40.995732837000162, 0.132714202999978 ], [ 40.995727539000086, 0.111605596000061 ], [ 40.995727539000086, 0.008728027000132 ], [ 40.995690614000125, -0.197265286999937 ], [ 40.995727539000086, -0.199013862999948 ], [ 40.995727539000086, -0.79139615999992 ], [ 40.995727539000086, -0.8331909179999 ], [ 41.280735291000042, -1.218023254999878 ], [ 41.302989183000136, -1.248068499999931 ], [ 41.358468784000024, -1.322979136999891 ], [ 41.380685396000047, -1.352978888999871 ], [ 41.391938380000113, -1.368174557999964 ], [ 41.396710810000116, -1.374619450999944 ], [ 41.564514160000044, -1.601196288999972 ], [ 41.564514160000044, -1.652434595999978 ], [ 41.564532935000102, -1.664897400999905 ], [ 41.564949817000127, -1.664462393999884 ], [ 41.568786621000129, -1.660302042999888 ], [ 41.573325726000121, -1.650767767999923 ], [ 41.575683594000168, -1.645690917999957 ], [ 41.582218968000177, -1.639505652999958 ], [ 41.58250427300004, -1.639231919999872 ], [ 41.582508777000101, -1.639231369999834 ], [ 41.582519531000059, -1.639221190999876 ], [ 41.586730957000043, -1.638610839999899 ], [ 41.589289466000082, -1.645169925999937 ], [ 41.590133667000032, -1.647200941999927 ], [ 41.591011367000135, -1.647678534999955 ], [ 41.592241502000036, -1.648293602999843 ], [ 41.597862243000179, -1.64297997999995 ], [ 41.598631072999979, -1.641099986999961 ], [ 41.600978851000093, -1.635359048999874 ], [ 41.598865509000063, -1.630092024999897 ], [ 41.594035149000035, -1.629720070999952 ], [ 41.593688965000183, -1.629699706999872 ], [ 41.593684339000163, -1.62969305699994 ], [ 41.59360504100016, -1.629686950999883 ], [ 41.59267425600018, -1.628318071999956 ], [ 41.594048183000041, -1.625478855999972 ], [ 41.598876953000115, -1.615295409999931 ], [ 41.599134949000131, -1.615111127999853 ], [ 41.599240415000168, -1.614970319999941 ], [ 41.609527588000162, -1.601235985999949 ], [ 41.61491404700007, -1.590101009999955 ], [ 41.615341186000137, -1.589218020999908 ], [ 41.616116942000019, -1.588374682999927 ], [ 41.616271973000153, -1.58819580099987 ], [ 41.61648537700006, -1.587973859999977 ], [ 41.619182587000125, -1.585037946999819 ], [ 41.631450653000172, -1.578010082999924 ], [ 41.660240174000023, -1.534936904999938 ], [ 41.674823398000171, -1.511166281999976 ], [ 41.689514160000101, -1.487182616999974 ], [ 41.696073470000158, -1.476523738999902 ], [ 41.697296142000084, -1.47452986299993 ], [ 41.698091459000068, -1.472909530999914 ], [ 41.705078125000114, -1.458496093999884 ], [ 41.719299316000047, -1.436279296999942 ], [ 41.721671790000073, -1.431938395999964 ], [ 41.733169555000075, -1.410689949999892 ], [ 41.74735260000017, -1.39122497999989 ], [ 41.747672702000045, -1.390062418999889 ], [ 41.747680664000143, -1.390014647999919 ], [ 41.747837506000167, -1.389463876999912 ], [ 41.750209808000136, -1.380848049999884 ], [ 41.750498308000033, -1.380540829999973 ], [ 41.750671387000068, -1.380310058999896 ], [ 41.751387443000169, -1.379594001999976 ], [ 41.752357483000139, -1.37856101999995 ], [ 41.775283814000034, -1.354139923999924 ], [ 41.78910502400015, -1.331910663999906 ], [ 41.794273122000163, -1.32357619499993 ], [ 41.801330566000047, -1.31219482399996 ], [ 41.808719225000061, -1.2993013009999 ], [ 41.832158618000108, -1.258232923999969 ], [ 41.834716797000112, -1.253723144999981 ], [ 41.835395800000072, -1.252300470999955 ], [ 41.837813064000045, -1.247116251999898 ], [ 41.840980530000138, -1.240322946999868 ], [ 41.841006097000047, -1.24023361199994 ], [ 41.843620300000055, -1.23109900999998 ], [ 41.842367840000179, -1.223185755999907 ], [ 41.841418062000116, -1.217185253999901 ], [ 41.839443206000112, -1.204708098999959 ], [ 41.831005096000069, -1.185489057999973 ], [ 41.832767487000126, -1.179722904999892 ], [ 41.832708137000168, -1.17435934699995 ], [ 41.83270289100011, -1.174201962999973 ], [ 41.831085205000193, -1.171925901999941 ], [ 41.816276550000168, -1.166556000999833 ], [ 41.805850982000152, -1.162773013999924 ], [ 41.798667908000027, -1.153885006999928 ], [ 41.780113220000089, -1.149487017999832 ], [ 41.772869540999977, -1.150705934999962 ], [ 41.769577532000028, -1.152495485999964 ], [ 41.75192260700004, -1.162202953999895 ], [ 41.74459905000009, -1.167330075999928 ], [ 41.740722656000173, -1.170104979999849 ], [ 41.711486816000047, -1.196289061999948 ], [ 41.71112060500019, -1.196716308999953 ], [ 41.710327148000033, -1.197387694999918 ], [ 41.704284668000128, -1.208801269999981 ], [ 41.70147705100004, -1.213928222999812 ], [ 41.700683594000054, -1.215393065999933 ], [ 41.699585010000078, -1.22048927599991 ], [ 41.698520282000118, -1.225625659999878 ], [ 41.698405218000175, -1.226180742999929 ], [ 41.698303222999982, -1.226928710999971 ], [ 41.687683105000076, -1.238281249999943 ], [ 41.687697752000133, -1.238223178999931 ], [ 41.687637329000154, -1.238287925999884 ], [ 41.690332193000017, -1.227778395999849 ], [ 41.692871094000054, -1.217712401999904 ], [ 41.697082520000151, -1.207580565999933 ], [ 41.697275605000073, -1.207359897999822 ], [ 41.697411055000089, -1.20712706899991 ], [ 41.701138837000144, -1.200719280999976 ], [ 41.702514648000033, -1.198303222999925 ], [ 41.72076454300003, -1.177327693999871 ], [ 41.721237183000085, -1.176783084999954 ], [ 41.721241015000032, -1.176780060999874 ], [ 41.721313477000137, -1.176696776999904 ], [ 41.725655405000055, -1.173296663999963 ], [ 41.737773895000146, -1.163733958999842 ], [ 41.746833157000083, -1.159157126999958 ], [ 41.748013903000128, -1.158556148999878 ], [ 41.764801025000168, -1.144235968999965 ], [ 41.765517147000082, -1.14362552699987 ], [ 41.76647949200003, -1.142700194999975 ], [ 41.784024300000056, -1.144725987999891 ], [ 41.796070099000076, -1.14609789799988 ], [ 41.796884293000119, -1.145120807999945 ], [ 41.800109863000046, -1.141113280999946 ], [ 41.804025619000186, -1.149345267999934 ], [ 41.80550766000016, -1.152432918999864 ], [ 41.805852849000019, -1.152849163999917 ], [ 41.812683105000133, -1.161010741999917 ], [ 41.821472168000184, -1.164184569999975 ], [ 41.83227539100011, -1.164978026999904 ], [ 41.841491699000073, -1.171508788999915 ], [ 41.846313477000024, -1.179321288999972 ], [ 41.845703125000171, -1.187622069999975 ], [ 41.847106934000067, -1.193908690999933 ], [ 41.85046874700015, -1.200497845999962 ], [ 41.851750277000122, -1.202944688999878 ], [ 41.858093262000125, -1.209106444999975 ], [ 41.86328125, -1.211486815999933 ], [ 41.865767419000122, -1.211757051999939 ], [ 41.8660278320001, -1.211776017999966 ], [ 41.868729253000026, -1.21050453099997 ], [ 41.873474121000072, -1.2081909179999 ], [ 41.873518243000149, -1.208250481999869 ], [ 41.873527527000192, -1.20824611199987 ], [ 41.87501518900018, -1.210271358999933 ], [ 41.875915527000075, -1.211486815999933 ], [ 41.876281738000102, -1.211914062999938 ], [ 41.876525879000155, -1.212280272999976 ], [ 41.876513538000097, -1.212309362999974 ], [ 41.876544952000188, -1.212352037999949 ], [ 41.87580411800019, -1.213981565999973 ], [ 41.875671387000125, -1.214294433999896 ], [ 41.874877930000139, -1.216308593999941 ], [ 41.875302791000195, -1.21946470599994 ], [ 41.876796871000181, -1.218663148999894 ], [ 41.887084961000028, -1.213012694999975 ], [ 41.891612440000074, -1.209476948999907 ], [ 41.893402100000174, -1.208029984999939 ], [ 41.898803709999981, -1.200616001999947 ], [ 41.908313751000037, -1.192695975999925 ], [ 41.908571863000077, -1.191920578999941 ], [ 41.908874512000125, -1.190979003999928 ], [ 41.909020403000056, -1.190548624999906 ], [ 41.909472891000178, -1.189213783999946 ], [ 41.910079956000061, -1.187390089999951 ], [ 41.909520407000059, -1.185033770999951 ], [ 41.908882141000163, -1.182345986999962 ], [ 41.906139374000134, -1.182376027999965 ], [ 41.903901328000074, -1.183473716999913 ], [ 41.901916504000155, -1.184509276999904 ], [ 41.885925293000184, -1.201599120999958 ], [ 41.885883523000075, -1.201578629999915 ], [ 41.885791778000055, -1.201676964999876 ], [ 41.882575989000145, -1.200103044999878 ], [ 41.880483164999987, -1.196741777999932 ], [ 41.880016327000078, -1.195991992999893 ], [ 41.88041687000009, -1.190701006999973 ], [ 41.881278830000042, -1.188720779999926 ], [ 41.883483887000125, -1.183410644999867 ], [ 41.883684912000149, -1.183410644999867 ], [ 41.891799927000022, -1.176421999999889 ], [ 41.893102013000146, -1.175300263999929 ], [ 41.893274639000026, -1.175142648999952 ], [ 41.896533067000178, -1.1693972139999 ], [ 41.898654763000025, -1.165636024999912 ], [ 41.898786836, -1.165167598999972 ], [ 41.898925781000059, -1.16461181599982 ], [ 41.899964431, -1.160990966999975 ], [ 41.903259277000132, -1.149304985999947 ], [ 41.903483617000063, -1.149074252999981 ], [ 41.903686523000147, -1.148803710999971 ], [ 41.909885214000099, -1.142490229999908 ], [ 41.91681289700017, -1.135365128999979 ], [ 41.923393250000061, -1.131615996999926 ], [ 41.926780701000155, -1.12790095899993 ], [ 41.92760621400015, -1.12603388399998 ], [ 41.941486358000191, -1.094640969999887 ], [ 41.941526571000054, -1.094608453999967 ], [ 41.941528320000089, -1.094604491999974 ], [ 41.941733152000154, -1.094441409999831 ], [ 41.950996399000189, -1.086951016999933 ], [ 41.958251953000115, -1.07307088399989 ], [ 41.959941864000086, -1.069844006999972 ], [ 41.95994639900016, -1.069603506999954 ], [ 41.960227967000037, -1.0546699759999 ], [ 41.96222686800013, -1.049821018999978 ], [ 41.962470320000193, -1.049472105999882 ], [ 41.962524414000029, -1.049377440999876 ], [ 41.977722168000014, -1.027587890999939 ], [ 41.978271484000174, -1.026000976999967 ], [ 41.979459842000097, -1.02327096599987 ], [ 41.980407715000126, -1.020891070999937 ], [ 41.979394082000169, -1.018908064999948 ], [ 41.977603912000177, -1.015405892999979 ], [ 41.96888351500013, -1.011824011999977 ], [ 41.968368418000068, -1.010569394999834 ], [ 41.965087891000167, -1.002685546999885 ], [ 41.966402691000042, -0.994248909999953 ], [ 41.967254639000032, -0.988627969999925 ], [ 41.966964418000089, -0.985934558999816 ], [ 41.966487885000163, -0.981512068999905 ], [ 41.962884947000134, -0.974634447999904 ], [ 41.962703675000057, -0.974132327999939 ], [ 41.961914063000108, -0.972595214999956 ], [ 41.961515224000038, -0.970840323999937 ], [ 41.961181188000126, -0.969915046999972 ], [ 41.95942306500001, -0.962512969999977 ], [ 41.959449768000184, -0.961937963999958 ], [ 41.960716247999983, -0.935379027999886 ], [ 41.9621453580001, -0.929489947999969 ], [ 41.965301514000146, -0.91648405799998 ], [ 41.964801787999988, -0.91258197999997 ], [ 41.961528778000115, -0.905953049999937 ], [ 41.951381684000182, -0.897560059999876 ], [ 41.944389343000125, -0.884996950999835 ], [ 41.938632965000068, -0.880694030999962 ], [ 41.933657292000078, -0.880293215999927 ], [ 41.927358414000082, -0.883036274999938 ], [ 41.926101684000173, -0.883588969999948 ], [ 41.920619964000139, -0.883418976999906 ], [ 41.915115357000047, -0.881410002999871 ], [ 41.911636352000073, -0.876622080999937 ], [ 41.912971496000011, -0.873390017999952 ], [ 41.913080609000076, -0.873379128999943 ], [ 41.913300225000114, -0.873357211999974 ], [ 41.913330078000058, -0.873291015999939 ], [ 41.913330078000058, -0.873107909999874 ], [ 41.920898437000176, -0.872497558999896 ], [ 41.926879883000026, -0.875183104999962 ], [ 41.937316895000095, -0.875488280999832 ], [ 41.948730469000111, -0.880187987999932 ], [ 41.968322753999985, -0.898986815999876 ], [ 41.969116211000028, -0.900390624999943 ], [ 41.972717285000101, -0.906188964999899 ], [ 41.975280762000182, -0.915588378999928 ], [ 41.966918945000145, -0.950012206999872 ], [ 41.968872070000145, -0.958007812999938 ], [ 41.977294922000056, -0.969482421999942 ], [ 41.979675293000071, -0.976196288999915 ], [ 41.979309082000043, -0.980285644999981 ], [ 41.97290039100011, -0.995483397999919 ], [ 41.973510742000087, -1.001281737999818 ], [ 41.975891113000159, -1.005676269999981 ], [ 41.979125977000081, -1.007385253999871 ], [ 41.982900632000053, -1.005984978999948 ], [ 41.986240387000066, -1.002097010999933 ], [ 41.990168181000172, -0.997521587999927 ], [ 41.991516113000102, -0.995910644999924 ], [ 41.998245726000164, -0.989810222999949 ], [ 42.006244659000174, -0.98245400199994 ], [ 42.006443842000067, -0.982378597999912 ], [ 42.006530762000125, -0.982299804999968 ], [ 42.016479492000144, -0.978393554999968 ], [ 42.018708620000041, -0.976072186999943 ], [ 42.025054932000046, -0.96937507399997 ], [ 42.025861680000162, -0.967535145999932 ], [ 42.030624390000071, -0.956672965999871 ], [ 42.037193298000034, -0.931780039999978 ], [ 42.037725544000182, -0.931232193999961 ], [ 42.042385102000082, -0.926436065999951 ], [ 42.051136016000044, -0.912548899999877 ], [ 42.051222324000094, -0.912467509999885 ], [ 42.051330566000161, -0.912292479999905 ], [ 42.059326172000056, -0.904785155999946 ], [ 42.060220085000026, -0.903982457999973 ], [ 42.061985016000108, -0.902318000999969 ], [ 42.062095790000058, -0.902298152999947 ], [ 42.062316895000151, -0.902099608999947 ], [ 42.071591578000039, -0.900413302999937 ], [ 42.071897223, -0.898778965999895 ], [ 42.073925018000011, -0.887935995999896 ], [ 42.074723782000035, -0.886575590999882 ], [ 42.078407288000164, -0.88030207099996 ], [ 42.078899176, -0.879081410999959 ], [ 42.084854236000183, -0.86430362699997 ], [ 42.084854359000076, -0.864303064999945 ], [ 42.086681768, -0.859768179999946 ], [ 42.089290619000167, -0.853294074999951 ], [ 42.088542937999989, -0.84755700799991 ], [ 42.085983277000025, -0.843448996999939 ], [ 42.081161499000075, -0.841203987999961 ], [ 42.072643024000172, -0.842975608999836 ], [ 42.062691775000076, -0.84809929599993 ], [ 42.062500000000114, -0.848205565999933 ], [ 42.062475465000091, -0.848210669999901 ], [ 42.062286377000078, -0.848308026999973 ], [ 42.054767608000191, -0.849999964999881 ], [ 42.046695709000119, -0.842965066999852 ], [ 42.043201446000126, -0.837157070999979 ], [ 42.041339875000176, -0.834061979999944 ], [ 42.040584564000142, -0.827866076999953 ], [ 42.044963837000182, -0.811272084999928 ], [ 42.042835235000098, -0.804861068999969 ], [ 42.038242340000124, -0.802614032999941 ], [ 42.023654938, -0.80507296299993 ], [ 42.012443374000156, -0.809730601999888 ], [ 42.008117675999983, -0.811584472999925 ], [ 42.007988504000139, -0.811581295999929 ], [ 42.007743836000145, -0.811682938999979 ], [ 42.000434875000167, -0.811533092999923 ], [ 41.99309158300008, -0.808397054999944 ], [ 41.990390368000135, -0.805845389999945 ], [ 41.98731994700006, -0.802944958999944 ], [ 41.98219680700015, -0.794270038999912 ], [ 41.98074340800008, -0.786702036999941 ], [ 41.98172760000017, -0.772674083999902 ], [ 41.988586425, -0.732845961999942 ], [ 41.99103164700017, -0.726844012999891 ], [ 41.991355257000123, -0.726342976999945 ], [ 41.992824554000094, -0.724068105999891 ], [ 41.993008245000112, -0.724015480999981 ], [ 41.993103027000132, -0.723876952999888 ], [ 41.995483398000033, -0.723205565999933 ], [ 41.999328613000102, -0.725585937999824 ], [ 42.002319336000028, -0.737792968999884 ], [ 41.992309570000145, -0.780883788999915 ], [ 41.993286133000026, -0.788208007999913 ], [ 41.999511719000168, -0.795593261999898 ], [ 42.0046997070001, -0.797607421999942 ], [ 42.017517090000183, -0.796691894999924 ], [ 42.023681641000167, -0.799804687999938 ], [ 42.029296875000114, -0.799499511999898 ], [ 42.035705566, -0.794799804999968 ], [ 42.038696289000086, -0.795104979999905 ], [ 42.045695495000132, -0.795409293999967 ], [ 42.048858643000187, -0.792155980999894 ], [ 42.060249329000158, -0.769510089999869 ], [ 42.072204590000126, -0.756509065999921 ], [ 42.072443264000185, -0.755312547999949 ], [ 42.074363709000181, -0.745684980999954 ], [ 42.074522502000093, -0.74549094199989 ], [ 42.07452392600004, -0.745483397999976 ], [ 42.07455007700014, -0.745457246999877 ], [ 42.075044922000131, -0.744852567999942 ], [ 42.077968597000051, -0.741279958999939 ], [ 42.07797680200008, -0.741278947999945 ], [ 42.078125000000114, -0.741088866999917 ], [ 42.082275391000053, -0.740600585999914 ], [ 42.082702637000011, -0.748596190999876 ], [ 42.082702637000011, -0.749084472999868 ], [ 42.069091797000056, -0.770080565999933 ], [ 42.068481445000032, -0.770996093999884 ], [ 42.065490723000039, -0.781799315999876 ], [ 42.065490723000039, -0.781982421999942 ], [ 42.063476563000165, -0.785888671999942 ], [ 42.05609130900018, -0.801391601999967 ], [ 42.055114746000129, -0.803100585999971 ], [ 42.04852294900013, -0.826904296999942 ], [ 42.049316406000173, -0.832702636999898 ], [ 42.054870605000076, -0.843200683999896 ], [ 42.05905341100015, -0.843503784999939 ], [ 42.066936493000071, -0.835616946999892 ], [ 42.067130833000192, -0.835576298999911 ], [ 42.067321777000188, -0.835388183999896 ], [ 42.079895020000151, -0.832702636999898 ], [ 42.094482422000112, -0.832397460999971 ], [ 42.106872559000067, -0.834777831999929 ], [ 42.113525391000167, -0.834411620999902 ], [ 42.115109000000189, -0.833592512999928 ], [ 42.117480660000126, -0.832224209999936 ], [ 42.130920410000158, -0.824401854999849 ], [ 42.133215921000101, -0.82221565499998 ], [ 42.137084961000141, -0.818520068999931 ], [ 42.137095405000139, -0.818520907999869 ], [ 42.137329102000194, -0.818298339999956 ], [ 42.139892578000172, -0.818603515999882 ], [ 42.145324707000157, -0.823303222999812 ], [ 42.147996472000102, -0.822887614999956 ], [ 42.157584515000053, -0.814726653999912 ], [ 42.165084761000116, -0.808301711999889 ], [ 42.180183411000087, -0.792988955999874 ], [ 42.187583924000194, -0.78118604399998 ], [ 42.198169708000137, -0.768428980999943 ], [ 42.19975828500003, -0.767148565999946 ], [ 42.207519531000059, -0.760803222999868 ], [ 42.210710766000034, -0.758321150999848 ], [ 42.213783264000085, -0.755845069999964 ], [ 42.221435547000056, -0.746106922999957 ], [ 42.222326410000107, -0.744217770999967 ], [ 42.22633743200015, -0.73571205099995 ], [ 42.226349398000082, -0.73570148899995 ], [ 42.234249115000125, -0.728728890999889 ], [ 42.234710718000031, -0.727209578999975 ], [ 42.237331390000122, -0.718583941999896 ], [ 42.237448827000151, -0.718514601999971 ], [ 42.237487793000184, -0.718383788999972 ], [ 42.237915039000029, -0.718200683999896 ], [ 42.242309570000089, -0.715576171999942 ], [ 42.253609075000043, -0.715213620999862 ], [ 42.255294800000172, -0.711947023999926 ], [ 42.25527962200016, -0.711820029999899 ], [ 42.254478511, -0.705117177999966 ], [ 42.254280090000066, -0.703456997999922 ], [ 42.25513839700011, -0.6986219879999 ], [ 42.255891993000091, -0.697562597999934 ], [ 42.260082245000035, -0.691672026999868 ], [ 42.260241154000141, -0.691511049999974 ], [ 42.260314941000104, -0.691406249999829 ], [ 42.264487570000142, -0.687209361999919 ], [ 42.281032562, -0.670449018999875 ], [ 42.287746300000038, -0.663647842999922 ], [ 42.28856106600017, -0.662632211999892 ], [ 42.296875, -0.646301269999867 ], [ 42.313846259000172, -0.631113430999903 ], [ 42.313915089000147, -0.631027632999974 ], [ 42.315142212000183, -0.629327652999848 ], [ 42.315307617000087, -0.628784179999911 ], [ 42.317871094, -0.619995116999917 ], [ 42.318725586000028, -0.618713378999928 ], [ 42.324279785000101, -0.608886718999827 ], [ 42.337280273000033, -0.593811034999817 ], [ 42.342285156000173, -0.585998534999931 ], [ 42.352821838000125, -0.577128672999834 ], [ 42.353653907000137, -0.575975976999928 ], [ 42.356323242000087, -0.571594237999932 ], [ 42.359313965000183, -0.566284179999968 ], [ 42.36749267600004, -0.556579589999899 ], [ 42.367878324000117, -0.556270365999978 ], [ 42.368028571000025, -0.556062222999913 ], [ 42.373168167000017, -0.551925968999967 ], [ 42.38025643800006, -0.546221454999966 ], [ 42.391309226000089, -0.537562080999976 ], [ 42.399970464000148, -0.522904600999937 ], [ 42.401588498000081, -0.522143173999893 ], [ 42.403492067000116, -0.519002284999829 ], [ 42.405395635000048, -0.517479429999923 ], [ 42.408941908000145, -0.51089079999997 ], [ 42.408942118000141, -0.510890477999851 ], [ 42.408942084000159, -0.510890477999851 ], [ 42.413589477000187, -0.502672016999952 ], [ 42.417480469000054, -0.498785899999916 ], [ 42.417480469000054, -0.498779296999885 ], [ 42.418701172000056, -0.496887206999929 ], [ 42.42132568400018, -0.494995116999974 ], [ 42.42352294900013, -0.491821288999972 ], [ 42.423889160000158, -0.4913940429999 ], [ 42.424682616999974, -0.490417479999905 ], [ 42.426330566, -0.489196776999904 ], [ 42.427307129000098, -0.488281249999943 ], [ 42.42907714800009, -0.486083983999947 ], [ 42.431884766000053, -0.482727050999927 ], [ 42.434082031, -0.480590819999975 ], [ 42.435485840000069, -0.479125976999853 ], [ 42.437683105000076, -0.477416991999917 ], [ 42.439086914000143, -0.476013183999953 ], [ 42.439514160000158, -0.476501464999956 ], [ 42.441284180000025, -0.475708007999913 ], [ 42.442871094000054, -0.474792479999962 ], [ 42.443481445000032, -0.474487304999911 ], [ 42.443725586000085, -0.474792479999962 ], [ 42.443908691000047, -0.474609374999886 ], [ 42.444274902000075, -0.474182128999871 ], [ 42.4461059570001, -0.473205565999933 ], [ 42.447082520000038, -0.47241210899989 ], [ 42.447692871000129, -0.471496581999929 ], [ 42.448486328000172, -0.470581054999911 ], [ 42.449279784999987, -0.470092772999919 ], [ 42.450317383000083, -0.468200683999953 ], [ 42.450927734, -0.467407226999967 ], [ 42.451110840000069, -0.466979979999962 ], [ 42.451110840000069, -0.466796874999886 ], [ 42.451721191000047, -0.466186522999919 ], [ 42.452087402000075, -0.465393065999933 ], [ 42.452270508000083, -0.464721679999968 ], [ 42.452697754000098, -0.464294433999953 ], [ 42.452880859000061, -0.463378905999889 ], [ 42.453308105000076, -0.462707519999924 ], [ 42.453308105000076, -0.46258544899996 ], [ 42.453674316000104, -0.461425780999946 ], [ 42.45452880900018, -0.461425780999946 ], [ 42.455322266000167, -0.46069335899989 ], [ 42.455688477000194, -0.459594726999967 ], [ 42.456115723000039, -0.458618163999972 ], [ 42.457092285000158, -0.457885741999974 ], [ 42.458129883000026, -0.456726073999903 ], [ 42.458312987999989, -0.455993651999904 ], [ 42.458923340000069, -0.455505370999902 ], [ 42.460327148000033, -0.454895019999924 ], [ 42.461486816000047, -0.454406737999875 ], [ 42.462890625000114, -0.454101562999938 ], [ 42.46429443400001, -0.453796386999898 ], [ 42.466125487999989, -0.453796386999898 ], [ 42.466446954000162, -0.453903541999978 ], [ 42.469818115000066, -0.450794040999938 ], [ 42.472328186000027, -0.450765043999979 ], [ 42.473522186000082, -0.455115913999919 ], [ 42.472042084000179, -0.465010940999946 ], [ 42.472778317000063, -0.466308593999827 ], [ 42.472900391000053, -0.466308593999827 ], [ 42.473083496000186, -0.466186522999919 ], [ 42.474487305000082, -0.46569824199986 ], [ 42.476684570000032, -0.464782714999956 ], [ 42.476928711000085, -0.463806151999961 ], [ 42.476928711000085, -0.463195800999927 ], [ 42.476928711000085, -0.462402343999827 ], [ 42.476501465000069, -0.461791991999974 ], [ 42.475524902000188, -0.461486815999933 ], [ 42.475097656, -0.460998534999931 ], [ 42.475280762000068, -0.459777831999929 ], [ 42.475891113000046, -0.458923339999899 ], [ 42.477294922000112, -0.457580565999933 ], [ 42.478698730000076, -0.456604003999928 ], [ 42.480529785000158, -0.455078124999886 ], [ 42.480712891000053, -0.454895019999924 ], [ 42.482299805000082, -0.453125 ], [ 42.482910156, -0.452514647999976 ], [ 42.484497070000032, -0.450622558999953 ], [ 42.485675896000089, -0.448677495999959 ], [ 42.485367917000076, -0.447840737999968 ], [ 42.485290527000075, -0.447814940999876 ], [ 42.483886719000111, -0.447326659999817 ], [ 42.483520508000083, -0.447082519999867 ], [ 42.482910156, -0.446777343999941 ], [ 42.480102539000143, -0.446411132999913 ], [ 42.478271484000061, -0.445800780999946 ], [ 42.47790527300009, -0.445678710999971 ], [ 42.476501465000069, -0.444580077999944 ], [ 42.474670410000044, -0.442199706999872 ], [ 42.473693848000039, -0.439880370999902 ], [ 42.473693848000039, -0.438781737999875 ], [ 42.473693848000039, -0.438415526999961 ], [ 42.473693848000039, -0.437927245999958 ], [ 42.474304199000187, -0.436401366999917 ], [ 42.474487305000082, -0.436218261999954 ], [ 42.474487305000082, -0.435791015999882 ], [ 42.47491455100004, -0.434997558999953 ], [ 42.475280762000068, -0.434020995999958 ], [ 42.475524902000188, -0.433776854999849 ], [ 42.475708008000083, -0.43328857399996 ], [ 42.475891113000046, -0.432800292999957 ], [ 42.476318359000061, -0.431701659999931 ], [ 42.476501465000069, -0.431518554999968 ], [ 42.476501465000069, -0.43139648399989 ], [ 42.476684570000032, -0.431091308999953 ], [ 42.476928711000085, -0.430297851999853 ], [ 42.477294922000112, -0.429504394999924 ], [ 42.477478027000075, -0.429199218999884 ], [ 42.47790527300009, -0.428283690999933 ], [ 42.478271484000061, -0.42749023399989 ], [ 42.478271484000061, -0.427429198999903 ], [ 42.478515625000114, -0.427001952999888 ], [ 42.478881836000141, -0.426086425999927 ], [ 42.479125977000194, -0.426025390999939 ], [ 42.480285645000038, -0.425781249999886 ], [ 42.481323241999974, -0.424987792999957 ], [ 42.482482910000044, -0.422912597999925 ], [ 42.484924316000047, -0.42077636699986 ], [ 42.485107422000112, -0.420593261999898 ], [ 42.486083984000061, -0.420898437999938 ], [ 42.486328125000114, -0.420715331999872 ], [ 42.486328125000114, -0.42077636699986 ], [ 42.487915039000143, -0.419311522999976 ], [ 42.489318848000039, -0.418395995999902 ], [ 42.490017284000089, -0.41850344799991 ], [ 42.490502863000017, -0.418036532999906 ], [ 42.49108886700003, -0.416503905999946 ], [ 42.491699219000054, -0.415405272999976 ], [ 42.491699219000054, -0.415100097999868 ], [ 42.491882324000017, -0.414611815999876 ], [ 42.492309570000032, -0.414184569999975 ], [ 42.492492676000097, -0.413818358999947 ], [ 42.49548339800009, -0.40850830099987 ], [ 42.497070312000119, -0.406311034999874 ], [ 42.497924805000025, -0.406311034999874 ], [ 42.498474121000186, -0.406311034999874 ], [ 42.499084473000096, -0.405700683999953 ], [ 42.499511719000054, -0.405578612999875 ], [ 42.499822497000025, -0.40542322399989 ], [ 42.499901050000062, -0.405291463999902 ], [ 42.500122070000032, -0.404296874999943 ], [ 42.500122070000032, -0.403686522999976 ], [ 42.503041294000184, -0.400024223999935 ], [ 42.50329589800009, -0.399597167999957 ], [ 42.504625044000136, -0.397637778999922 ], [ 42.506706253000118, -0.394301249999899 ], [ 42.50671386700003, -0.394287108999947 ], [ 42.507690430000082, -0.392700194999918 ], [ 42.509256999000115, -0.390991210999914 ], [ 42.509932979000098, -0.390180033999968 ], [ 42.511474609000118, -0.388000487999932 ], [ 42.511901855000076, -0.387695312999881 ], [ 42.511901855000076, -0.387512206999929 ], [ 42.512084961000141, -0.387390136999954 ], [ 42.512329102000194, -0.387084960999857 ], [ 42.513671875000171, -0.385803222999925 ], [ 42.515020197000183, -0.385054154999978 ], [ 42.515075684000067, -0.385009765999939 ], [ 42.515425249000145, -0.384815562999847 ], [ 42.51647949200003, -0.384094237999932 ], [ 42.516723633000083, -0.38391113299997 ], [ 42.516906738000046, -0.382995604999962 ], [ 42.517265266000038, -0.382529518999945 ], [ 42.517272949000073, -0.382507323999903 ], [ 42.517326355000023, -0.382450103999872 ], [ 42.518127441000047, -0.381408690999933 ], [ 42.518169697000189, -0.381197415999964 ], [ 42.518310547000112, -0.379882811999892 ], [ 42.518488997000134, -0.379719879999925 ], [ 42.518493652000075, -0.379699706999929 ], [ 42.519714355000076, -0.378479003999928 ], [ 42.520507812000119, -0.377380370999958 ], [ 42.520690918000184, -0.377380370999958 ], [ 42.520874023000147, -0.376892089999899 ], [ 42.521728516000053, -0.375976562999938 ], [ 42.522521973000039, -0.375183104999905 ], [ 42.525329590000069, -0.373596190999876 ], [ 42.528503418000128, -0.37170410199991 ], [ 42.529907227000024, -0.370788573999903 ], [ 42.530883789000029, -0.370300292999843 ], [ 42.53210449200003, -0.368713378999814 ], [ 42.532897949000073, -0.368103026999847 ], [ 42.533325195000032, -0.367919921999885 ], [ 42.53430175800014, -0.36749267599987 ], [ 42.535278320000089, -0.367187499999943 ], [ 42.537719727000194, -0.366516112999818 ], [ 42.540527344000054, -0.366394042999843 ], [ 42.542114258000083, -0.366577147999976 ], [ 42.542297363000046, -0.366577147999976 ], [ 42.542724609000061, -0.366699218999941 ], [ 42.545898437000119, -0.367187499999943 ], [ 42.548706055000082, -0.36828613299997 ], [ 42.550109863000046, -0.368896483999947 ], [ 42.551513672000112, -0.369812011999954 ], [ 42.55199398600007, -0.370292327999891 ], [ 42.55212402300009, -0.370422363999978 ], [ 42.552673340000183, -0.370910644999867 ], [ 42.553894043000184, -0.37219238299997 ], [ 42.554504395000038, -0.372619628999871 ], [ 42.555114746000186, -0.373229979999962 ], [ 42.555187995000097, -0.373364270999957 ], [ 42.555480957000043, -0.373901366999974 ], [ 42.555480957000043, -0.374023436999948 ], [ 42.555480957000043, -0.374877929999968 ], [ 42.555480957000043, -0.375 ], [ 42.555480957000043, -0.375122069999918 ], [ 42.555480957000043, -0.375183104999905 ], [ 42.555725098000039, -0.375793456999929 ], [ 42.555908203, -0.376403808999896 ], [ 42.555235301000153, -0.377682317999927 ], [ 42.554687500000171, -0.378723144999867 ], [ 42.55401080900009, -0.37913956999995 ], [ 42.553283691000104, -0.380187987999932 ], [ 42.553095828000096, -0.380642811999905 ], [ 42.552389080000069, -0.382353885999976 ], [ 42.55212402300009, -0.382995604999962 ], [ 42.550720215000126, -0.384094237999932 ], [ 42.550476074000073, -0.384269381999957 ], [ 42.550476074000073, -0.384277343999884 ], [ 42.54907226600011, -0.385314940999933 ], [ 42.547912598000096, -0.386108397999976 ], [ 42.546691895000038, -0.386291503999928 ], [ 42.546325684000067, -0.386108397999976 ], [ 42.545610877000115, -0.386823202999949 ], [ 42.54431152300009, -0.388122558999896 ], [ 42.542297363000046, -0.38647460899989 ], [ 42.541523848000111, -0.386813021999899 ], [ 42.541503906000059, -0.386779784999931 ], [ 42.541320801000097, -0.386901854999962 ], [ 42.542724609000061, -0.388122558999896 ], [ 42.542907715000126, -0.388183593999884 ], [ 42.543701172000112, -0.389099120999958 ], [ 42.543884277000075, -0.389099120999958 ], [ 42.544128418000128, -0.389404296999885 ], [ 42.545104980000133, -0.388610839999899 ], [ 42.546508789000029, -0.387512206999929 ], [ 42.546638240000163, -0.387447481999914 ], [ 42.546726651000085, -0.387378550999813 ], [ 42.546875, -0.387329101999967 ], [ 42.54772949200003, -0.386596679999968 ], [ 42.550476074000073, -0.384582519999924 ], [ 42.550497489000179, -0.384570740999948 ], [ 42.550505319000081, -0.384564717999979 ], [ 42.550720215000126, -0.384399413999972 ], [ 42.550935262000053, -0.384303012999965 ], [ 42.551200221000045, -0.384184238999921 ], [ 42.551696777000075, -0.38391113299997 ], [ 42.55187988300014, -0.383789062999824 ], [ 42.55187988300014, -0.383728026999904 ], [ 42.552490234000118, -0.383605956999929 ], [ 42.552673340000183, -0.383605956999929 ], [ 42.553527832000157, -0.383178710999857 ], [ 42.554077148000147, -0.382812499999943 ], [ 42.554504395000038, -0.382385253999928 ], [ 42.555480957000043, -0.381713866999974 ], [ 42.555502893000039, -0.381699560999948 ], [ 42.55688476600011, -0.380798339999899 ], [ 42.557352144000049, -0.380223103999924 ], [ 42.557678223000096, -0.379516601999967 ], [ 42.557957914000042, -0.379180971999915 ], [ 42.558288574000073, -0.378784179999968 ], [ 42.55834588800019, -0.378718677999871 ], [ 42.559082031000059, -0.377502440999933 ], [ 42.559082031000059, -0.377453608999929 ], [ 42.559129282000185, -0.377344932999961 ], [ 42.559269832000098, -0.377239520999979 ], [ 42.560302734000118, -0.375793456999929 ], [ 42.559326172000112, -0.375183104999905 ], [ 42.559509277000075, -0.375 ], [ 42.560302734000118, -0.3742065429999 ], [ 42.560485840000126, -0.374084472999925 ], [ 42.560119629000155, -0.373901366999974 ], [ 42.559875488000102, -0.373901366999974 ], [ 42.559082031000059, -0.3742065429999 ], [ 42.558898926000097, -0.373901366999974 ], [ 42.558715820000089, -0.373901366999974 ], [ 42.55812307500014, -0.374019915999952 ], [ 42.558105469000111, -0.374023436999948 ], [ 42.558105469000111, -0.374084472999925 ], [ 42.557922363000046, -0.374511718999941 ], [ 42.557678223000096, -0.375122069999918 ], [ 42.556518555000082, -0.374816894999867 ], [ 42.556091309000067, -0.374389647999976 ], [ 42.555725098000039, -0.373901366999974 ], [ 42.555480957000043, -0.373413085999914 ], [ 42.555480957000043, -0.372680663999972 ], [ 42.555297852000081, -0.371887206999872 ], [ 42.555480957000043, -0.371276854999905 ], [ 42.555587099000093, -0.370984964999934 ], [ 42.555657567000083, -0.370385994999936 ], [ 42.555480957000043, -0.369812011999954 ], [ 42.555480957000043, -0.369506835999914 ], [ 42.555480957000043, -0.368103026999847 ], [ 42.556091309000067, -0.366882323999903 ], [ 42.556701660000044, -0.366088866999974 ], [ 42.557678223000096, -0.365478515999939 ], [ 42.559082031000059, -0.365295409999874 ], [ 42.55969238300014, -0.365417479999962 ], [ 42.560485840000126, -0.365600585999914 ], [ 42.560913086000141, -0.366210936999948 ], [ 42.560670377000065, -0.366661681999972 ], [ 42.560485840000126, -0.36700439499981 ], [ 42.560729980000076, -0.367675780999946 ], [ 42.560897827000019, -0.367619831999946 ], [ 42.561279297000169, -0.36749267599987 ], [ 42.561523437000119, -0.367187499999943 ], [ 42.561706543000184, -0.366577147999976 ], [ 42.562316895000038, -0.365722655999889 ], [ 42.562500000000171, -0.364685058999839 ], [ 42.562927246000186, -0.363403319999918 ], [ 42.562927246000186, -0.363281249999943 ], [ 42.562927246000186, -0.362915038999915 ], [ 42.562927246000186, -0.362792968999941 ], [ 42.562927246000186, -0.362609862999932 ], [ 42.562927246000186, -0.362121581999929 ], [ 42.563476562000176, -0.361206054999911 ], [ 42.563110352000081, -0.35998535199991 ], [ 42.562927246000186, -0.35998535199991 ], [ 42.562683105000133, -0.35998535199991 ], [ 42.561706543000184, -0.361511229999962 ], [ 42.561279297000169, -0.363220214999956 ], [ 42.561096191000104, -0.363403319999918 ], [ 42.560926137000081, -0.363590379999948 ], [ 42.56059069000014, -0.36395937199984 ], [ 42.560485840000126, -0.364074706999872 ], [ 42.559950608000122, -0.364556414999925 ], [ 42.559875488000102, -0.364624022999919 ], [ 42.559326172000112, -0.36437988299997 ], [ 42.558898926000097, -0.364074706999872 ], [ 42.557922363000046, -0.363525390999882 ], [ 42.55749511700003, -0.36309814499981 ], [ 42.55688476600011, -0.36242675799997 ], [ 42.556731193000076, -0.362131425999848 ], [ 42.556701660000044, -0.362121581999929 ], [ 42.556091309000067, -0.360900878999928 ], [ 42.555891665000104, -0.35910412699991 ], [ 42.555805797000062, -0.358648633999962 ], [ 42.555832432000045, -0.358571016999974 ], [ 42.555725098000039, -0.357604979999962 ], [ 42.556518555000082, -0.355895995999958 ], [ 42.556701660000044, -0.355590819999918 ], [ 42.55688476600011, -0.355285644999924 ], [ 42.557678223000096, -0.354492187999881 ], [ 42.558105469000111, -0.353881835999914 ], [ 42.558288574000073, -0.353790282999967 ], [ 42.558288574000073, -0.353698729999962 ], [ 42.558898926000097, -0.353393554999855 ], [ 42.559082031000059, -0.35321044899996 ], [ 42.559326172000112, -0.353088378999928 ], [ 42.561096191000104, -0.3527221679999 ], [ 42.561253890000103, -0.352727424999955 ], [ 42.562176175000104, -0.352758166999934 ], [ 42.562927246000186, -0.352783202999888 ], [ 42.563293457000043, -0.353027343999941 ], [ 42.564270020000095, -0.353698729999962 ], [ 42.563476563000052, -0.355712890999882 ], [ 42.563110352000081, -0.356811522999863 ], [ 42.563110352000081, -0.357299804999911 ], [ 42.563720703, -0.357604979999962 ], [ 42.56379235300011, -0.357549252999945 ], [ 42.563799177000135, -0.357552664999901 ], [ 42.563903809000067, -0.357482909999874 ], [ 42.564270020000095, -0.357177733999947 ], [ 42.564880371000072, -0.356689452999888 ], [ 42.56530761700003, -0.355712890999882 ], [ 42.565917969000111, -0.355102538999859 ], [ 42.566101074000073, -0.354003905999889 ], [ 42.566284180000139, -0.353027343999941 ], [ 42.566711426000097, -0.350585937999881 ], [ 42.566711426000097, -0.350524901999904 ], [ 42.566528320000089, -0.350524901999904 ], [ 42.566284180000139, -0.350524901999904 ], [ 42.566284180000139, -0.349426269999867 ], [ 42.566711426000097, -0.347900390999826 ], [ 42.567077637000125, -0.346923827999944 ], [ 42.567871094000168, -0.346374511999954 ], [ 42.568115234000118, -0.346191405999889 ], [ 42.568298340000126, -0.346008300999927 ], [ 42.568481445000089, -0.345703124999943 ], [ 42.568725586000141, -0.345275878999928 ], [ 42.568908691000104, -0.345092772999976 ], [ 42.569091797000169, -0.3449096679999 ], [ 42.570129395000038, -0.343994140999939 ], [ 42.570312500000171, -0.343811034999931 ], [ 42.571289062000176, -0.34289550799997 ], [ 42.571289062000176, -0.342712401999904 ], [ 42.571472168000184, -0.342712401999904 ], [ 42.572692871000015, -0.341186522999976 ], [ 42.572224935000065, -0.340952554999944 ], [ 42.572082520000095, -0.340881347999925 ], [ 42.57165301200007, -0.341182002999858 ], [ 42.571649724000167, -0.34117542599995 ], [ 42.571472168000184, -0.341308593999941 ], [ 42.570922852000024, -0.340087890999939 ], [ 42.570922852000024, -0.339111327999944 ], [ 42.570922852000024, -0.338684081999929 ], [ 42.571289062000176, -0.338012694999975 ], [ 42.571472168000184, -0.337402343999941 ], [ 42.571899414000029, -0.335876464999899 ], [ 42.572082520000095, -0.335205077999944 ], [ 42.572509766000053, -0.333496093999941 ], [ 42.572692871000015, -0.330993651999904 ], [ 42.572777360000032, -0.330627535999895 ], [ 42.572793512000089, -0.330522533999954 ], [ 42.571914681000123, -0.328530581999871 ], [ 42.573486328000058, -0.325308498999902 ], [ 42.573730469000111, -0.324808007999877 ], [ 42.573730469000111, -0.324707030999889 ], [ 42.574096680000082, -0.323791503999871 ], [ 42.574523926000097, -0.322509765999882 ], [ 42.576721191000104, -0.317687987999818 ], [ 42.578918456999986, -0.31359863299997 ], [ 42.579528809000067, -0.312011718999941 ], [ 42.580505371000015, -0.310180663999915 ], [ 42.581726074000073, -0.308105468999941 ], [ 42.583496094000111, -0.305480956999929 ], [ 42.584106445000089, -0.304809569999975 ], [ 42.584289551000154, -0.304504394999867 ], [ 42.58532714800009, -0.303405761999898 ], [ 42.586730957000157, -0.301208495999902 ], [ 42.58807373000019, -0.2999877929999 ], [ 42.589721680000082, -0.298278808999896 ], [ 42.590515137000125, -0.297302245999902 ], [ 42.591125488000046, -0.296386718999941 ], [ 42.591918945000089, -0.295776366999974 ], [ 42.592102051000154, -0.295593261999898 ], [ 42.59218706300004, -0.295410155999946 ], [ 42.59289550800014, -0.293884276999904 ], [ 42.594482422000169, -0.292907714999956 ], [ 42.596496582000043, -0.290588378999871 ], [ 42.597717285000044, -0.289001464999956 ], [ 42.599487305000139, -0.287109374999886 ], [ 42.599670410000101, -0.286987304999911 ], [ 42.600524902000075, -0.286499022999919 ], [ 42.60070800800014, -0.286376952999944 ], [ 42.60070800800014, -0.286315917999957 ], [ 42.601074219000168, -0.286193847999812 ], [ 42.602294922000169, -0.286376952999944 ], [ 42.603088378999985, -0.285827636999954 ], [ 42.602905273000147, -0.285400390999882 ], [ 42.603271484000174, -0.284179687999938 ], [ 42.602905273000147, -0.282775878999871 ], [ 42.603271484000174, -0.282104491999917 ], [ 42.603515625000171, -0.281311034999931 ], [ 42.603698730000133, -0.280883788999915 ], [ 42.605102539000029, -0.278808593999884 ], [ 42.605285645000095, -0.278503417999957 ], [ 42.605311541000106, -0.278477521999946 ], [ 42.60571289100011, -0.278076171999942 ], [ 42.606506348000096, -0.277404784999931 ], [ 42.607482910000101, -0.276306151999961 ], [ 42.60852050800014, -0.275512694999975 ], [ 42.608886719000168, -0.275024413999972 ], [ 42.609497070000089, -0.27429199199986 ], [ 42.610290527000132, -0.273620604999905 ], [ 42.611083984000118, -0.272888183999953 ], [ 42.612304688000052, -0.272277831999929 ], [ 42.612487793000014, -0.271911620999902 ], [ 42.612121582000043, -0.271301269999924 ], [ 42.61209107500008, -0.27128601599992 ], [ 42.611877441000161, -0.27117919899996 ], [ 42.611694336000028, -0.270812987999932 ], [ 42.612121582000043, -0.270019530999946 ], [ 42.612487793000014, -0.269409179999968 ], [ 42.613281250000057, -0.268676757999856 ], [ 42.614074707000043, -0.268127440999876 ], [ 42.614685059000124, -0.267211913999972 ], [ 42.614929199000073, -0.267089843999827 ], [ 42.615112305000139, -0.266784667999957 ], [ 42.61547851600011, -0.266296386999898 ], [ 42.616088867000087, -0.265808104999905 ], [ 42.616699219000168, -0.26538085899989 ], [ 42.617309570000089, -0.264709472999868 ], [ 42.617919922000169, -0.264099120999902 ], [ 42.619079590000183, -0.263183593999941 ], [ 42.619689941000161, -0.262695312999938 ], [ 42.620300293000184, -0.261901854999905 ], [ 42.621093750000057, -0.261413573999903 ], [ 42.621887207000043, -0.260803222999868 ], [ 42.623474121000072, -0.259521483999947 ], [ 42.624511719000111, -0.258605956999872 ], [ 42.625305176000154, -0.25811767599987 ], [ 42.62609863299997, -0.257324218999884 ], [ 42.627685547, -0.256103515999939 ], [ 42.629882813000108, -0.255004882999913 ], [ 42.631683020000082, -0.253604719999885 ], [ 42.631494662000136, -0.253769130999899 ], [ 42.631647589000124, -0.253651886999876 ], [ 42.631758046000073, -0.253556894999917 ], [ 42.631896973000153, -0.253417968999884 ], [ 42.632080078000115, -0.253295897999976 ], [ 42.63391113300014, -0.251586913999972 ], [ 42.635681152000132, -0.250183104999905 ], [ 42.635925293000184, -0.249816894999924 ], [ 42.635693003000142, -0.249153212999886 ], [ 42.635697428000071, -0.249133299999926 ], [ 42.635681152000132, -0.249084472999868 ], [ 42.635778807000122, -0.248767094999891 ], [ 42.635882773000048, -0.248299244999941 ], [ 42.63590822000009, -0.248346502999937 ], [ 42.635925293000184, -0.248291015999939 ], [ 42.636108398000147, -0.248718261999954 ], [ 42.637329102000081, -0.246215819999918 ], [ 42.638305664000029, -0.244628905999889 ], [ 42.639511358000163, -0.243392290999907 ], [ 42.641457737000167, -0.243257125999833 ], [ 42.643676758000026, -0.243103026999961 ], [ 42.645690918000071, -0.241577147999919 ], [ 42.645874023000033, -0.241210937999881 ], [ 42.647705078000058, -0.23999023399989 ], [ 42.649620509000044, -0.23839944499997 ], [ 42.650521792000063, -0.237650925999958 ], [ 42.650695801000154, -0.237487792999957 ], [ 42.651306152000132, -0.236999511999954 ], [ 42.653686522999976, -0.235107421999828 ], [ 42.656921387000125, -0.232299804999968 ], [ 42.660705566000161, -0.22882080099987 ], [ 42.662109375000057, -0.227294921999942 ], [ 42.663513184000124, -0.226013183999896 ], [ 42.666076660000101, -0.223388671999942 ], [ 42.669494629000042, -0.219909667999843 ], [ 42.671875, -0.21710205099987 ], [ 42.674682617000144, -0.214782714999899 ], [ 42.67547607400013, -0.213806151999961 ], [ 42.675903320000145, -0.21350097699991 ], [ 42.676330566000161, -0.21319580099987 ], [ 42.676879883000026, -0.212402343999941 ], [ 42.678527832000043, -0.210876464999899 ], [ 42.680297852000137, -0.208923339999956 ], [ 42.681884766000167, -0.207580565999876 ], [ 42.682678223000153, -0.206787108999947 ], [ 42.686889648000033, -0.202575683999953 ], [ 42.691284180000025, -0.198120116999974 ], [ 42.6961059570001, -0.193420409999874 ], [ 42.69891357400013, -0.1906127929999 ], [ 42.703674316000047, -0.185607909999874 ], [ 42.70928955100004, -0.180175780999946 ], [ 42.712524414000086, -0.177001952999944 ], [ 42.71429443400018, -0.175415038999915 ], [ 42.71649169900013, -0.173278808999839 ], [ 42.718078613000159, -0.171508788999915 ], [ 42.719299316, -0.170776366999974 ], [ 42.720275879000098, -0.169799804999911 ], [ 42.720886230000019, -0.169006347999925 ], [ 42.721313477000137, -0.16857910199991 ], [ 42.721421991000057, -0.168473049999932 ], [ 42.726684570000032, -0.163391112999932 ], [ 42.731079102000194, -0.15930175799997 ], [ 42.735900879000042, -0.154479979999962 ], [ 42.739318848000153, -0.151184081999929 ], [ 42.741699219000054, -0.149291991999974 ], [ 42.742675781000173, -0.148376464999956 ], [ 42.745117188000108, -0.145996093999941 ], [ 42.749511719, -0.142211913999915 ], [ 42.752075195000032, -0.140075683999896 ], [ 42.752685547000056, -0.139282226999967 ], [ 42.754516602000137, -0.137084960999971 ], [ 42.759521484000174, -0.132080077999944 ], [ 42.761291504000098, -0.130310058999953 ], [ 42.7625122070001, -0.128417968999884 ], [ 42.763671875000114, -0.12780761699986 ], [ 42.764282227000194, -0.127197265999882 ], [ 42.764892578000172, -0.126586913999915 ], [ 42.76507568400018, -0.125976561999948 ], [ 42.765502930000025, -0.125793456999929 ], [ 42.765686035000158, -0.125488280999889 ], [ 42.766296387000011, -0.124999999999886 ], [ 42.767272949000187, -0.123596190999933 ], [ 42.770080566000047, -0.121093749999886 ], [ 42.771728516000167, -0.119201659999931 ], [ 42.773315430000025, -0.117797851999967 ], [ 42.774108887000011, -0.117126464999899 ], [ 42.775878906, -0.115600585999971 ], [ 42.778930664000086, -0.112609862999875 ], [ 42.785445769000148, -0.106630901999949 ], [ 42.787209968000184, -0.108053646999906 ], [ 42.79561896600012, -0.10043755799984 ], [ 42.804653169000062, -0.0922339789999 ], [ 42.805043030000093, -0.091853354999955 ], [ 42.830322266, -0.065490722999868 ], [ 42.843688965000126, -0.051574706999872 ], [ 42.851266282000097, -0.046725223999943 ], [ 42.851325989000145, -0.04666693199988 ], [ 42.856870594000156, -0.040987795999854 ], [ 42.857314803000065, -0.040532798999948 ], [ 42.885070801000154, -0.012023925999927 ], [ 42.896118163999972, 0.000000000000171 ], [ 42.971679687000176, 0.085693359000061 ], [ 42.980102539000029, 0.093688965000069 ], [ 42.993236028000013, 0.10606698700002 ], [ 42.993885040000066, 0.106776051000054 ], [ 43.06117740600007, 0.182028251000133 ], [ 43.064880371000129, 0.186523437000119 ], [ 43.081298828000115, 0.206115723000096 ], [ 43.08929443400018, 0.21508789100011 ], [ 43.093194064000045, 0.21783207500016 ], [ 43.104550085000085, 0.230531370000051 ], [ 43.122314453000115, 0.252685547 ], [ 43.148681641000053, 0.280090332000043 ], [ 43.150381925000033, 0.281824119000078 ], [ 43.188804246000075, 0.325723446000097 ], [ 43.191284180000082, 0.328674316000047 ], [ 43.052883197000085, 0.323561879000067 ], [ 42.928401620000045, 0.319099796999978 ], [ 42.766400059000091, 0.313107616000082 ], [ 42.732901186000106, 0.311889612000186 ], [ 42.730911255000024, 0.311817259000122 ], [ 42.72991639900016, 0.315900826000075 ] ] ], [ [ [ 41.926698239000075, -1.161923427999966 ], [ 41.931091309000124, -1.153381347999925 ], [ 41.940821256000049, -1.144860089999895 ], [ 41.945606231000113, -1.136201023999945 ], [ 41.945678711000028, -1.135681151999904 ], [ 41.946258545000035, -1.133204102999855 ], [ 41.945095062000178, -1.131377934999932 ], [ 41.942606768000132, -1.130573704999904 ], [ 41.942333693000194, -1.130496530999892 ], [ 41.93969726600011, -1.132385253999871 ], [ 41.933471680000139, -1.140808104999905 ], [ 41.917480469000168, -1.155395507999913 ], [ 41.916870117000087, -1.15600585899989 ], [ 41.916503906000116, -1.158386229999962 ], [ 41.918734111000163, -1.16130265299995 ], [ 41.918893663, -1.161502449999944 ], [ 41.922652466000102, -1.162874710999972 ], [ 41.926698239000075, -1.161923427999966 ] ] ], [ [ [ 41.982219696000186, -1.080402969999909 ], [ 41.989685059000124, -1.079406737999932 ], [ 41.99246215900007, -1.077071904999912 ], [ 41.993568420000031, -1.073841094999921 ], [ 41.990776062000066, -1.069504976999895 ], [ 41.987121582000043, -1.068176269999924 ], [ 41.983093262000182, -1.070495604999962 ], [ 41.971130371000072, -1.082580565999876 ], [ 41.97430419900013, -1.085693358999947 ], [ 41.982219696000186, -1.080402969999909 ] ] ], [ [ [ 42.03201741100014, -1.019622218999928 ], [ 42.035404206000123, -1.015918135999812 ], [ 42.035609003000104, -1.015575676999958 ], [ 42.035278320000032, -1.015197753999871 ], [ 42.031921387000182, -1.011596679999911 ], [ 42.032470703000172, -1.009399413999915 ], [ 42.03289794900013, -1.009277343999941 ], [ 42.039123535000101, -1.007690429999911 ], [ 42.041870116999974, -1.004699706999929 ], [ 42.041870116999974, -1.00360107399996 ], [ 42.042114258000026, -0.999511718999827 ], [ 42.042907715000069, -0.999084472999925 ], [ 42.046627909, -0.997138524999912 ], [ 42.047160435000194, -0.995867535999935 ], [ 42.047302246000129, -0.995300292999957 ], [ 42.049072266, -0.987792968999941 ], [ 42.049682617000144, -0.986694335999971 ], [ 42.053086637000092, -0.981723385999885 ], [ 42.053287507000164, -0.981243967999944 ], [ 42.049524177000194, -0.981286711999928 ], [ 42.047912598000153, -0.983398437999938 ], [ 42.041944533000105, -0.985036729999933 ], [ 42.04148471700006, -0.985267799999974 ], [ 42.034912109000174, -0.990478515999882 ], [ 42.034301758000026, -0.990905761999898 ], [ 42.032470703000172, -1.000488280999889 ], [ 42.032287597999982, -1.001892089999956 ], [ 42.027709961000085, -1.005187987999818 ], [ 42.018920897999976, -1.008300780999889 ], [ 42.016723633000026, -1.010375976999967 ], [ 42.015930176000154, -1.011108397999919 ], [ 42.015686035000158, -1.014404296999942 ], [ 42.021484375000114, -1.016296386999841 ], [ 42.02288818400018, -1.019287108999947 ], [ 42.024291992000144, -1.022277831999929 ], [ 42.03201741100014, -1.019622218999928 ] ] ], [ [ [ 42.105991364000033, -0.93584209699992 ], [ 42.106155305000186, -0.935327861999895 ], [ 42.107315064000147, -0.931690037999942 ], [ 42.106361389000028, -0.928252936999911 ], [ 42.104083908000121, -0.928696374999959 ], [ 42.101928711000085, -0.93420410199991 ], [ 42.101318359, -0.935913085999914 ], [ 42.098327637000182, -0.938903808999953 ], [ 42.098112929000195, -0.939105886999869 ], [ 42.097480754, -0.941678536999916 ], [ 42.097717285000158, -0.943908690999876 ], [ 42.097900391, -0.944580077999944 ], [ 42.097900391, -0.944702147999976 ], [ 42.096496582000157, -0.946289062999938 ], [ 42.099836711000194, -0.947660900999949 ], [ 42.105991364000033, -0.93584209699992 ] ] ], [ [ [ 42.115047883000045, -0.91400384099984 ], [ 42.117996216000165, -0.906979977999924 ], [ 42.117057800000168, -0.904923080999879 ], [ 42.112257554000166, -0.906297371999926 ], [ 42.111694336000141, -0.907592772999976 ], [ 42.110717773000033, -0.909484862999932 ], [ 42.111328125000114, -0.913391112999932 ], [ 42.114316151000082, -0.915747056999919 ], [ 42.115047883000045, -0.91400384099984 ] ] ], [ [ [ 42.186103822000121, -0.831298946999937 ], [ 42.192070837000074, -0.827071590999935 ], [ 42.196979523000152, -0.823593973999948 ], [ 42.207141876000151, -0.813597024999979 ], [ 42.219779968000068, -0.800586997999915 ], [ 42.222236635000058, -0.795733033999909 ], [ 42.222186930000134, -0.795706503999952 ], [ 42.219707489000029, -0.794383049999965 ], [ 42.219539283000188, -0.794528180999976 ], [ 42.198486328000058, -0.813781737999875 ], [ 42.190917969000111, -0.822998046999942 ], [ 42.184427266000114, -0.824823556999945 ], [ 42.179641604000096, -0.828952724999965 ], [ 42.179504395000038, -0.829101562999938 ], [ 42.174926758000083, -0.83898925799997 ], [ 42.170342301000119, -0.838276807999875 ], [ 42.163216654, -0.845467622999877 ], [ 42.162292480000133, -0.848388671999885 ], [ 42.161926269999981, -0.849487304999911 ], [ 42.158325195000032, -0.854797362999818 ], [ 42.145086548000052, -0.863763537999944 ], [ 42.144687653000176, -0.864166080999951 ], [ 42.13987806300014, -0.869424347999939 ], [ 42.139526366999974, -0.869812011999841 ], [ 42.137695312000119, -0.871887206999929 ], [ 42.134704590000069, -0.877197265999939 ], [ 42.133911133000083, -0.878601073999903 ], [ 42.13311767600004, -0.882690429999968 ], [ 42.137695312000119, -0.888488769999981 ], [ 42.141448248000131, -0.887701863999894 ], [ 42.14148907800012, -0.887652861999925 ], [ 42.141906738000046, -0.885803222999925 ], [ 42.144287109000061, -0.873107909999874 ], [ 42.145080566000104, -0.87219238299997 ], [ 42.147705078000172, -0.868591308999896 ], [ 42.155273437000119, -0.865783690999933 ], [ 42.160522461000141, -0.860900878999871 ], [ 42.164672852000081, -0.853698729999962 ], [ 42.175476074000073, -0.84680175799997 ], [ 42.175524617000065, -0.846753214999922 ], [ 42.186103822000121, -0.831298946999937 ] ] ], [ [ [ 42.237827301000038, -0.781308948999936 ], [ 42.239387512000064, -0.778075039999862 ], [ 42.239379032000102, -0.778060479999965 ], [ 42.238456727000084, -0.776476918999947 ], [ 42.235706330000141, -0.775588928999866 ], [ 42.232999117000077, -0.777161191999937 ], [ 42.232299805000082, -0.777587890999882 ], [ 42.22570800800014, -0.786193847999868 ], [ 42.224487305000139, -0.787780761999898 ], [ 42.225891113000102, -0.789794921999942 ], [ 42.229192581000063, -0.78997178599991 ], [ 42.237827301000038, -0.781308948999936 ] ] ], [ [ [ 42.255115025000123, -0.750033360999964 ], [ 42.257308959999989, -0.747999071999971 ], [ 42.258647919000055, -0.745227038999928 ], [ 42.258638765000171, -0.745209151999973 ], [ 42.256309510000108, -0.740658043999872 ], [ 42.250488281000116, -0.744000887999903 ], [ 42.250488281000116, -0.744079589999842 ], [ 42.248474121000072, -0.748291015999939 ], [ 42.250671387000125, -0.750793456999872 ], [ 42.255115025000123, -0.750033360999964 ] ] ], [ [ [ 42.268493652000132, -0.739501952999888 ], [ 42.271609293000097, -0.737246600999867 ], [ 42.278434699000115, -0.730782539999893 ], [ 42.282897949000073, -0.723693847999925 ], [ 42.293809077000162, -0.7162220969999 ], [ 42.293933870000103, -0.716103910999891 ], [ 42.298431396000069, -0.710309029999962 ], [ 42.296123504000036, -0.708267032999913 ], [ 42.292840929000135, -0.709854157999871 ], [ 42.286071777000132, -0.717590331999929 ], [ 42.278503418000184, -0.721679687999824 ], [ 42.273071289000086, -0.726501464999899 ], [ 42.265075684000124, -0.73797607399996 ], [ 42.26452636700003, -0.738708495999958 ], [ 42.262512207000043, -0.745788573999846 ], [ 42.268493652000132, -0.739501952999888 ] ] ], [ [ [ 42.33612060500019, -0.648376464999956 ], [ 42.336730957000043, -0.64758300799997 ], [ 42.345009474000165, -0.63710046999995 ], [ 42.345741272000112, -0.635783016999881 ], [ 42.347293855000032, -0.63185995799995 ], [ 42.348621369000114, -0.628168047999907 ], [ 42.346733093000182, -0.622906028999921 ], [ 42.343426194000074, -0.622499965999964 ], [ 42.334716797, -0.636108397999919 ], [ 42.321899414000086, -0.639099120999902 ], [ 42.321716309000124, -0.639404296999942 ], [ 42.32049560500019, -0.640991210999971 ], [ 42.32531738299997, -0.64617919899996 ], [ 42.32531738299997, -0.647277831999929 ], [ 42.324890137000182, -0.649108886999898 ], [ 42.32049560500019, -0.648803710999971 ], [ 42.319091797000056, -0.6495971679999 ], [ 42.318115234000118, -0.650390624999886 ], [ 42.318725586000028, -0.654785155999889 ], [ 42.321899414000086, -0.659301757999856 ], [ 42.333783209000046, -0.657311070999924 ], [ 42.334003163000148, -0.656915089999927 ], [ 42.33428955100004, -0.655578612999932 ], [ 42.33612060500019, -0.648376464999956 ] ] ] ] } },
{ "type": "Feature", "properties": { "adm1_name": "Lower Shabelle", "adm1_name1": null, "adm1_name2": null, "adm1_name3": null, "adm1_pcode": "SO23", "adm0_name": "Somalia", "adm0_name1": null, "adm0_name2": null, "adm0_name3": null, "adm0_pcode": "SO", "valid_on": "2025-01-08", "valid_to": null, "area_sqkm": 25611.803619449998, "version": "v03", "lang": "en", "lang1": null, "lang2": null, "lang3": null, "center_lat": 1.97396483, "center_lon": 44.65990887 }, "geometry": { "type": "Polygon", "coordinates": [ [ [ 45.331115723000096, 2.181701660000158 ], [ 45.331144560000041, 2.183504714000151 ], [ 45.331226093000168, 2.188602692000075 ], [ 45.332066207000025, 2.241131715000051 ], [ 45.33215713400017, 2.246816996000121 ], [ 45.337085992000141, 2.509807865000028 ], [ 45.337085993000073, 2.509807900999988 ], [ 45.339721680000082, 2.650878906000116 ], [ 45.339721680000082, 2.653686523000147 ], [ 45.339904785000044, 2.656677246000072 ], [ 45.339904785000044, 2.659729004000155 ], [ 45.339904785000044, 2.662719727000081 ], [ 45.340152881000165, 2.677698508000162 ], [ 45.340881384000113, 2.716881729000079 ], [ 45.340969080999969, 2.721598589000052 ], [ 45.340969086000086, 2.721598863999986 ], [ 45.340888274000122, 2.721679651000045 ], [ 45.340609217000065, 2.721958622000102 ], [ 45.331115723000096, 2.731689453000115 ], [ 45.333617623000123, 2.732285144000116 ], [ 45.325801054000067, 2.743672356000104 ], [ 45.307128906, 2.770874023000033 ], [ 45.273903045000111, 2.819277131000149 ], [ 45.273903019999977, 2.819277167000109 ], [ 45.203308105000076, 2.922119141000053 ], [ 45.201477051000097, 2.924499512000068 ], [ 45.199890137000068, 2.92687988300014 ], [ 45.198120117000144, 2.929504395000038 ], [ 45.196472168000128, 2.931884766000053 ], [ 45.194702148000033, 2.934326172000112 ], [ 45.193115234000174, 2.93688964800009 ], [ 45.191370518000099, 2.939157779000084 ], [ 45.191125299000134, 2.939514452000026 ], [ 45.189697266000167, 2.941711426000097 ], [ 45.187927246000129, 2.944274902000075 ], [ 45.186279297000112, 2.946716309000067 ], [ 45.184881210000128, 2.948596495000174 ], [ 45.183612709000101, 2.95044153300006 ], [ 45.182922363000159, 2.951477051000154 ], [ 45.181274414000143, 2.954101563000052 ], [ 45.179504395000151, 2.956481934000067 ], [ 45.17791748000019, 2.958923340000126 ], [ 45.17608642600004, 2.961486816000104 ], [ 45.174499512000182, 2.963928223000039 ], [ 45.172912598000153, 2.966125488000046 ], [ 45.171691895000151, 2.968078613000102 ], [ 45.169921875000057, 2.970520020000038 ], [ 45.16827392600004, 2.972900391000053 ], [ 45.166687012000011, 2.975280762000125 ], [ 45.164916992000144, 2.977722168000128 ], [ 45.163330078000115, 2.980285645000095 ], [ 45.161499023000033, 2.982727051000097 ], [ 45.159912109000174, 2.985107422000169 ], [ 45.158660941000051, 2.986733941000182 ], [ 45.157013940000127, 2.989129507000143 ], [ 45.156494141000167, 2.989929199000017 ], [ 45.154907227000137, 2.992309570000089 ], [ 45.153076172000056, 2.994873047000169 ], [ 45.121093750000057, 3.041687012000125 ], [ 45.114211451000017, 3.07053610100013 ], [ 45.107727051000154, 3.097717285000101 ], [ 45.097106934000124, 3.142089844000054 ], [ 45.096313477000081, 3.145080566000047 ], [ 45.095703125000057, 3.14788818400018 ], [ 45.095092772999976, 3.150878906000173 ], [ 45.094299316000161, 3.153686523000033 ], [ 45.093688965000183, 3.156677246000129 ], [ 45.082956400000114, 3.20147701500008 ], [ 45.071055026000181, 3.251155614000083 ], [ 45.070964580000179, 3.251535626000077 ], [ 45.070964544000162, 3.251535628000113 ], [ 45.038652454000044, 3.253763337000123 ], [ 45.005149503000098, 3.256073148000041 ], [ 44.879882812000119, 3.264709473000039 ], [ 44.793222983000192, 3.270639954000046 ], [ 44.780883789000086, 3.271484375000171 ], [ 44.660955644000182, 3.251537018000022 ], [ 44.670707402000062, 3.186596535000035 ], [ 44.671081543000184, 3.184875488000046 ], [ 44.671325684000067, 3.182678223000039 ], [ 44.671691895000095, 3.180908203000115 ], [ 44.671875, 3.178894043000128 ], [ 44.672089194000193, 3.17739468700006 ], [ 44.67233955800009, 3.175727423000126 ], [ 44.67272949200003, 3.173889160000158 ], [ 44.672904225000025, 3.171967099000028 ], [ 44.672940005000157, 3.17172883000012 ], [ 44.673278809000124, 3.169921875000057 ], [ 44.690952337000112, 3.052683433000084 ], [ 44.691101074000073, 3.051696777000132 ], [ 44.690952337000112, 3.050986145000138 ], [ 44.677917480000133, 2.988708496000015 ], [ 44.677307129000155, 2.98571777300009 ], [ 44.67687988299997, 2.983703613000102 ], [ 44.676513672000169, 2.981689453000058 ], [ 44.675903320000089, 2.978881836000028 ], [ 44.675292969000111, 2.975891113000102 ], [ 44.674682617000087, 2.973083496000015 ], [ 44.674309482000012, 2.971677063000129 ], [ 44.673819249000076, 2.969323749000068 ], [ 44.673706055000082, 2.968078613000102 ], [ 44.673025507000091, 2.965513471000122 ], [ 44.672846857000081, 2.964655883000034 ], [ 44.672485352000081, 2.962280273000147 ], [ 44.671864465000169, 2.959940010000025 ], [ 44.671861213000057, 2.959924396000133 ], [ 44.671714783000027, 2.95922851600011 ], [ 44.671104431000117, 2.95629191400019 ], [ 44.670926266000038, 2.955444805000127 ], [ 44.670914080000102, 2.955377782000028 ], [ 44.670715331999986, 2.954284668000184 ], [ 44.670104980000133, 2.951477051000154 ], [ 44.669494629000155, 2.948486328000058 ], [ 44.668884277000132, 2.945495605000133 ], [ 44.668311678000066, 2.942861647000143 ], [ 44.668261449000113, 2.942620058000159 ], [ 44.667724609000118, 2.939697266000053 ], [ 44.66711425800014, 2.936706543000128 ], [ 44.666687012000125, 2.934875488000102 ], [ 44.666076660000101, 2.931884766000053 ], [ 44.665527344000111, 2.928894043000128 ], [ 44.665100098000096, 2.92687988300014 ], [ 44.664489746000072, 2.924072266000053 ], [ 44.663879395000095, 2.921081543000184 ], [ 44.663379888000065, 2.919198786999971 ], [ 44.663154602000077, 2.918114424000066 ], [ 44.66254425, 2.915178776000175 ], [ 44.662240004000068, 2.913741304000098 ], [ 44.661362220000115, 2.909528639000143 ], [ 44.661315918000184, 2.909301758000083 ], [ 44.661260962000085, 2.909042681000074 ], [ 44.660704200000168, 2.906370665000111 ], [ 44.660503387000176, 2.905388594000158 ], [ 44.660109706000185, 2.903495077000059 ], [ 44.659912109000118, 2.902526855000076 ], [ 44.659698860000105, 2.901521539000044 ], [ 44.659484863000102, 2.90049505200011 ], [ 44.659173980000048, 2.899026820000131 ], [ 44.658695556000055, 2.896730766000189 ], [ 44.658325195000089, 2.894714355000076 ], [ 44.657897949000073, 2.892700195000032 ], [ 44.657672542000171, 2.891821106000066 ], [ 44.657262593000098, 2.889853677000076 ], [ 44.65709709500004, 2.889049808000095 ], [ 44.656921387000068, 2.887878418000128 ], [ 44.656311035000044, 2.884887695000032 ], [ 44.655700684000067, 2.881896973000039 ], [ 44.655273437000176, 2.879882812000119 ], [ 44.654724121000186, 2.877075195000032 ], [ 44.654113770000038, 2.874084473000039 ], [ 44.644294907000074, 2.827626706000046 ], [ 44.640959034000161, 2.811619793000034 ], [ 44.648176314000125, 2.789923811000051 ], [ 44.650996304000046, 2.781464781000068 ], [ 44.660953522, 2.751596451000182 ], [ 44.653980393000097, 2.704514750000101 ], [ 44.653950984000062, 2.704316184000163 ], [ 44.653788746000146, 2.703220774000101 ], [ 44.651294708000194, 2.686381340000025 ], [ 44.651290826000093, 2.686354843000061 ], [ 44.651289595000037, 2.686341302000073 ], [ 44.651123047000112, 2.684509277000132 ], [ 44.650695801000154, 2.681518555000082 ], [ 44.640958997999974, 2.616121214000145 ], [ 44.633264554000164, 2.564441401000124 ], [ 44.632700902000067, 2.560655626000141 ], [ 44.632700897000177, 2.560655590000124 ], [ 44.63270086100016, 2.560655348000125 ], [ 44.631103516000053, 2.549926758000083 ], [ 44.621093750000171, 2.481689453000172 ], [ 44.62829589800009, 2.419128418000014 ], [ 44.628443030000028, 2.416676219000067 ], [ 44.628443034000043, 2.416676183000106 ], [ 44.628652390000127, 2.414862956000093 ], [ 44.628906250000171, 2.413085938000108 ], [ 44.629272461000028, 2.410095215000013 ], [ 44.629699706999986, 2.407104492000087 ], [ 44.629870754000194, 2.404310721000172 ], [ 44.629927087000169, 2.403822820000187 ], [ 44.630310059000067, 2.401306152000132 ], [ 44.630676270000095, 2.398315430000139 ], [ 44.630920410000044, 2.395324707000043 ], [ 44.631286621000015, 2.39227294900013 ], [ 44.63171386700003, 2.389282227000137 ], [ 44.632080078000058, 2.386291504000042 ], [ 44.632324219000111, 2.383483887000182 ], [ 44.632690430000082, 2.380493164000086 ], [ 44.633117676000097, 2.377502441000161 ], [ 44.633288845000152, 2.374706685000092 ], [ 44.633355919000167, 2.374125756000126 ], [ 44.633728027000075, 2.371520996000072 ], [ 44.634094238000102, 2.368530273000147 ], [ 44.634194054000147, 2.366866678000065 ], [ 44.634678786000109, 2.362668418000169 ], [ 44.634704590000126, 2.362487793000071 ], [ 44.635070801000154, 2.359680175999983 ], [ 44.635498047000169, 2.356689453000058 ], [ 44.635643588, 2.354312284000116 ], [ 44.635854668000093, 2.352484118 ], [ 44.63610839800009, 2.35070800799997 ], [ 44.636474609000118, 2.347717285000044 ], [ 44.636901855000133, 2.344726562000119 ], [ 44.637065754000105, 2.341994923000186 ], [ 44.637177536000081, 2.341026780000107 ], [ 44.637512207000157, 2.338684082000043 ], [ 44.637878418000184, 2.335876465000183 ], [ 44.638122559000067, 2.332885742000087 ], [ 44.638488770000038, 2.329895020000095 ], [ 44.638916016000053, 2.326904297000169 ], [ 44.639282227000081, 2.323913574000073 ], [ 44.63952636700003, 2.320922852000081 ], [ 44.639892578000058, 2.317871094000168 ], [ 44.640319824000017, 2.314880371000072 ], [ 44.640480024000169, 2.312423972000147 ], [ 44.640594943000167, 2.311428658000182 ], [ 44.640930176000097, 2.309082031000116 ], [ 44.641296387000125, 2.306091309000067 ], [ 44.641392556000142, 2.304520548000085 ], [ 44.641881064000074, 2.30028958000014 ], [ 44.641906738000046, 2.300109863000102 ], [ 44.642272949000073, 2.297119141000053 ], [ 44.642883301000154, 2.292297363000102 ], [ 44.643310547000112, 2.288330078 ], [ 44.64367675800014, 2.285278320000089 ], [ 44.64836987700005, 2.24466857900012 ], [ 44.648720955000158, 2.241630691000125 ], [ 44.64947767700005, 2.235082751000107 ], [ 44.650155946000154, 2.228594961000113 ], [ 44.650878906000116, 2.221679688000052 ], [ 44.457721710000101, 2.136328459000026 ], [ 44.373132560000158, 2.098995888000104 ], [ 44.336011472000052, 2.082612869000059 ], [ 44.097254390999979, 1.977193902000181 ], [ 43.943256855000186, 1.909199013000034 ], [ 43.942957986000067, 1.909066543000108 ], [ 43.90166435500015, 1.890623144000074 ], [ 43.880920410000158, 1.88171386700003 ], [ 43.627470393000124, 1.780306176000011 ], [ 43.585380554000039, 1.763465643000131 ], [ 43.585380518000079, 1.763465625000094 ], [ 43.585153722000143, 1.763352724000072 ], [ 43.584519405000151, 1.763110682000161 ], [ 43.376055877000056, 1.659262847000036 ], [ 43.310930501000087, 1.626717688000099 ], [ 43.310928348, 1.62671661100012 ], [ 43.310913121999988, 1.626709002000098 ], [ 43.310913086000028, 1.626708984000118 ], [ 43.243409085000167, 1.592947540000182 ], [ 42.980952717000037, 1.461731064 ], [ 42.980952681000076, 1.461731046000182 ], [ 42.980918884000175, 1.461714149000102 ], [ 42.980952681000076, 1.461664042000166 ], [ 43.003244764000044, 1.428614279000044 ], [ 43.028652335, 1.390945561000137 ], [ 43.243166500000086, 1.072911469000076 ], [ 43.261006692000024, 1.046461984000018 ], [ 43.309043504000044, 0.979854820000071 ], [ 43.339721680000139, 0.937316895000038 ], [ 43.393788257000097, 0.85963011500013 ], [ 43.482581116000119, 0.730898341000056 ], [ 43.520594291000066, 0.675786888000118 ], [ 43.520795364000094, 0.675563474000114 ], [ 43.526116486000149, 0.680194290000088 ], [ 43.532470703, 0.685913086000028 ], [ 43.547485352000024, 0.697082520000151 ], [ 43.556653435000044, 0.70676857400008 ], [ 43.55665897800003, 0.706774528000039 ], [ 43.556659509000156, 0.706774990999975 ], [ 43.558288574000073, 0.708496094 ], [ 43.585510254000155, 0.731506347999982 ], [ 43.588317871000186, 0.733886719000054 ], [ 43.622314453000058, 0.768310547000056 ], [ 43.651423538000074, 0.795317309000154 ], [ 43.655258178000054, 0.798888922000174 ], [ 43.662731315000144, 0.804879585000151 ], [ 43.677917480000133, 0.817077637000068 ], [ 43.689880371000072, 0.826721191000047 ], [ 43.707206866999968, 0.837151146000167 ], [ 43.714572906000058, 0.841619074 ], [ 43.746025085000156, 0.865875959 ], [ 43.751659394000171, 0.871914924000066 ], [ 43.756593995000173, 0.880772133000107 ], [ 43.760162354000101, 0.887177050000048 ], [ 43.760313160000123, 0.887325906000115 ], [ 43.760314941000161, 0.887329102000024 ], [ 43.760484953000059, 0.88749547600014 ], [ 43.77159118700007, 0.898458064000181 ], [ 43.779005521000158, 0.905775541000139 ], [ 43.781921387000182, 0.908691406000059 ], [ 43.787972785000136, 0.913381847000153 ], [ 43.796989441000107, 0.920455039000046 ], [ 43.805134212000155, 0.92419500800014 ], [ 43.81090241600009, 0.926874925000106 ], [ 43.811804672000108, 0.927775199000166 ], [ 43.819971673000055, 0.935976372000084 ], [ 43.825500487999989, 0.941528320000089 ], [ 43.831909180000025, 0.945129395000038 ], [ 43.838333983000041, 0.951633844000071 ], [ 43.846538544000055, 0.960081995 ], [ 43.867815105000034, 0.971866003000173 ], [ 43.871093750000171, 0.973693848000153 ], [ 43.871887207000157, 0.974304199000073 ], [ 43.898438765000037, 0.992818851000095 ], [ 43.899131775000171, 0.99330705400007 ], [ 43.917221069000163, 1.008906960000104 ], [ 43.923222593000048, 1.01228998300013 ], [ 43.92468261700003, 1.013122559000124 ], [ 43.924698342, 1.01312185300003 ], [ 43.924709320000034, 1.013128042000119 ], [ 43.92525933700017, 1.013096697000094 ], [ 43.938293456999986, 1.012512207000043 ], [ 43.939243102000148, 1.013447462999977 ], [ 43.942249298000036, 1.016541958000175 ], [ 43.941866113, 1.016934064999987 ], [ 43.936473846000183, 1.022451877000037 ], [ 43.936830986000075, 1.025324078000097 ], [ 43.937072754000155, 1.02752685500019 ], [ 43.937927246000186, 1.028320312000176 ], [ 43.946080898000162, 1.035600359000114 ], [ 43.956657410000048, 1.045127035000178 ], [ 43.960613250000165, 1.048689961999969 ], [ 43.978523254000038, 1.05992102600004 ], [ 43.985958892999975, 1.065665277000051 ], [ 43.992030425000166, 1.070355715 ], [ 44.004882813000108, 1.080322266000167 ], [ 44.01171875, 1.084106444999975 ], [ 44.01750245400018, 1.083390367999982 ], [ 44.017993927000077, 1.083342910000169 ], [ 44.019658742000104, 1.083955147000097 ], [ 44.021911621000072, 1.084899902000188 ], [ 44.037109375000057, 1.111694336000085 ], [ 44.048706055000139, 1.124328613000159 ], [ 44.049226877000081, 1.124889499000062 ], [ 44.051074981000056, 1.126915097000108 ], [ 44.062219253000194, 1.135554820999971 ], [ 44.10968017600004, 1.172485352000024 ], [ 44.119421392000106, 1.177713688000097 ], [ 44.120384216, 1.178243041000087 ], [ 44.12040585, 1.178242070000124 ], [ 44.120483398000033, 1.178283691000104 ], [ 44.130824448000169, 1.177774280000108 ], [ 44.13272476200018, 1.1776889570001 ], [ 44.133611313000074, 1.179430429000092 ], [ 44.134247712000104, 1.180680522000102 ], [ 44.134887695000032, 1.182128906 ], [ 44.134242739000115, 1.185228281000036 ], [ 44.132556916000169, 1.192625998999972 ], [ 44.134316470000101, 1.197732882000025 ], [ 44.13507080100004, 1.20007324200003 ], [ 44.135681152000188, 1.201721191000047 ], [ 44.143920898000033, 1.209899902000075 ], [ 44.145690918000128, 1.211730957000157 ], [ 44.152461104000167, 1.218427354000085 ], [ 44.153051430000176, 1.21901773400009 ], [ 44.167957305000073, 1.233924985000101 ], [ 44.174627359000056, 1.238579561000108 ], [ 44.17468261700003, 1.238708496000186 ], [ 44.185485840000069, 1.246276855000133 ], [ 44.186118204000195, 1.246617359000084 ], [ 44.18183074000018, 1.249653227000067 ], [ 44.182128906000173, 1.249877930000139 ], [ 44.18688964800009, 1.252929687000119 ], [ 44.190490723000039, 1.255493164000029 ], [ 44.192504883000083, 1.25671386700003 ], [ 44.19470214800009, 1.258483887000125 ], [ 44.196472168000128, 1.259704590000126 ], [ 44.197875977000194, 1.260498047000169 ], [ 44.199707031000173, 1.261474609000118 ], [ 44.201293945000032, 1.262329102000024 ], [ 44.202270508000083, 1.262878418000014 ], [ 44.203674316000104, 1.263305664000029 ], [ 44.20452880900018, 1.263488770000095 ], [ 44.206115723000039, 1.263122559000067 ], [ 44.207092284999987, 1.265075684000124 ], [ 44.208129883000083, 1.266296387000125 ], [ 44.208679199000017, 1.267700195000089 ], [ 44.209716797000112, 1.268493652000132 ], [ 44.210693359000061, 1.269470215000183 ], [ 44.212707519999981, 1.270324706999986 ], [ 44.213073730000133, 1.271301270000095 ], [ 44.214904785000158, 1.274108887000125 ], [ 44.215881348000039, 1.27368164100011 ], [ 44.216918945000032, 1.274719238000102 ], [ 44.216308594000054, 1.275085449000073 ], [ 44.215270996000186, 1.275878906000116 ], [ 44.215270996000186, 1.277526855000133 ], [ 44.21569824200003, 1.278686523000147 ], [ 44.216308594000054, 1.279724121000015 ], [ 44.217102051000097, 1.280700684000067 ], [ 44.217712402000018, 1.28149414100011 ], [ 44.218322754000098, 1.282104492000087 ], [ 44.218872070000089, 1.282287598000096 ], [ 44.219482422000112, 1.283874512000125 ], [ 44.221130371000129, 1.285888672000169 ], [ 44.222290038999972, 1.286682129000042 ], [ 44.223693848000039, 1.288879395000095 ], [ 44.225280762000068, 1.290710449000073 ], [ 44.226318359000061, 1.291320801000154 ], [ 44.227111816000047, 1.292480469000168 ], [ 44.228088379000155, 1.293518066000104 ], [ 44.228881836000141, 1.293701172000169 ], [ 44.230102539000143, 1.294494628999985 ], [ 44.231079102000024, 1.295104980000133 ], [ 44.232910156, 1.296875 ], [ 44.234130859000061, 1.29772949200003 ], [ 44.235290527000075, 1.298889160000101 ], [ 44.235900879000098, 1.299316406000059 ], [ 44.236511230000076, 1.299499512000125 ], [ 44.237915039000143, 1.30047607400013 ], [ 44.239685059000067, 1.302124023000147 ], [ 44.240905762000068, 1.303710938000052 ], [ 44.241882324000073, 1.304077147999976 ], [ 44.242675781000059, 1.305114746000072 ], [ 44.244506836000141, 1.30688476600011 ], [ 44.24548339800009, 1.307495117000087 ], [ 44.247924805000025, 1.309509277000132 ], [ 44.251281738000046, 1.3125 ], [ 44.252502441000104, 1.313476563000108 ], [ 44.253906250000171, 1.31469726600011 ], [ 44.256286621000186, 1.316894531000116 ], [ 44.259094238000046, 1.319091797 ], [ 44.261474609000118, 1.321289063000108 ], [ 44.264709473000039, 1.324279785000101 ], [ 44.267700195000089, 1.326904297 ], [ 44.269470215000126, 1.327880859000174 ], [ 44.271118163999972, 1.329528809000067 ], [ 44.27368164100011, 1.331726074000073 ], [ 44.276123047000112, 1.334106445000145 ], [ 44.279113770000038, 1.336730957000043 ], [ 44.281921387000068, 1.339111328000058 ], [ 44.284118652000075, 1.340881348000153 ], [ 44.285522461000141, 1.342102050999983 ], [ 44.288696289000029, 1.344909668000014 ], [ 44.29211425800014, 1.34790039100011 ], [ 44.294128418000128, 1.34930419900013 ], [ 44.295898438000052, 1.350891113000159 ], [ 44.296875, 1.351501465000183 ], [ 44.298095703000058, 1.351501465000183 ], [ 44.298278809000067, 1.350524902000132 ], [ 44.299316406000059, 1.349914551000154 ], [ 44.300720215000126, 1.350280762000182 ], [ 44.301330566000104, 1.350097656000116 ], [ 44.301513672000112, 1.350280762000182 ], [ 44.30212402300009, 1.351684570000145 ], [ 44.302307129000155, 1.352111816000161 ], [ 44.302490234000118, 1.352478027000188 ], [ 44.302673340000183, 1.352722168000014 ], [ 44.303100585999971, 1.353088379000042 ], [ 44.303527832000157, 1.353515625000057 ], [ 44.304077148000147, 1.353515625000057 ], [ 44.304321289000029, 1.353515625000057 ], [ 44.304870605000133, 1.353881836000085 ], [ 44.304870605000133, 1.354919434000124 ], [ 44.305297852000081, 1.355529785000101 ], [ 44.305725098000096, 1.355895996000072 ], [ 44.306701660000044, 1.357299804999968 ], [ 44.306274414000029, 1.357910156000116 ], [ 44.306091309000067, 1.358886719 ], [ 44.308288574000073, 1.361877441 ], [ 44.308471680000139, 1.363098145000095 ], [ 44.310302734000118, 1.365112305000139 ], [ 44.312178958000118, 1.366988536000065 ], [ 44.312316891000023, 1.367126468000095 ], [ 44.314086914000029, 1.368896484000174 ], [ 44.316711426000097, 1.3718872070001 ], [ 44.318481445000089, 1.373718262000182 ], [ 44.320312500000171, 1.375305175999983 ], [ 44.323730469000111, 1.377929688000108 ], [ 44.324707031000059, 1.378723145000095 ], [ 44.325500488000102, 1.379516602000137 ], [ 44.327087402000132, 1.380676270000151 ], [ 44.330505371000015, 1.383483887000182 ], [ 44.345217305000176, 1.394846762000043 ], [ 44.346130371000186, 1.395690918000071 ], [ 44.348327637000125, 1.397521973000153 ], [ 44.350097656000116, 1.398681641000167 ], [ 44.354125977000081, 1.401306152000188 ], [ 44.355102539000029, 1.402282715000069 ], [ 44.356689453000058, 1.40252685500019 ], [ 44.358276367000087, 1.403076172000056 ], [ 44.358886719000168, 1.403930664000086 ], [ 44.359680176000154, 1.404907227000137 ], [ 44.360717773000147, 1.404479980000076 ], [ 44.360855551000157, 1.404273315000069 ], [ 44.360900878999985, 1.404296875000114 ], [ 44.362670897999976, 1.4050903320001 ], [ 44.363281250000057, 1.406127929999968 ], [ 44.363708496000072, 1.407287597999982 ], [ 44.36547851600011, 1.409118652000188 ], [ 44.36688232400013, 1.411499023000033 ], [ 44.367675781000116, 1.411682129000098 ], [ 44.369873047000056, 1.413330078000115 ], [ 44.370483397999976, 1.413696289000086 ], [ 44.371093750000057, 1.414672852000024 ], [ 44.370910645000095, 1.41571044900013 ], [ 44.37127685500019, 1.415893555000025 ], [ 44.371887207000043, 1.41571044900013 ], [ 44.372924805000139, 1.416503906000173 ], [ 44.374877930000139, 1.41827392600004 ], [ 44.375671387000182, 1.419128418000071 ], [ 44.377075195000145, 1.419677734000061 ], [ 44.380126953000058, 1.421875000000114 ], [ 44.394287109000174, 1.432495117000144 ], [ 44.394470215000013, 1.432678223000039 ], [ 44.396118164000029, 1.434082031000173 ], [ 44.397521973000096, 1.434875488000046 ], [ 44.40008544900013, 1.436889648000033 ], [ 44.402099609000174, 1.438110351999967 ], [ 44.404724121000072, 1.439514160000158 ], [ 44.409118652000132, 1.442871094000054 ], [ 44.413330078000058, 1.4461059570001 ], [ 44.417114258000026, 1.448486328000172 ], [ 44.418701172000056, 1.449279785000158 ], [ 44.420288086000085, 1.450683594000054 ], [ 44.42211914100011, 1.452087402000018 ], [ 44.426330566000161, 1.455322266000167 ], [ 44.429321289000086, 1.457885741999974 ], [ 44.433471680000025, 1.460693359000061 ], [ 44.435913086000028, 1.463317871000129 ], [ 44.440673828000115, 1.466491699000187 ], [ 44.443908691000161, 1.468688965000069 ], [ 44.447082520000151, 1.471130371000129 ], [ 44.448730469000168, 1.472473145000038 ], [ 44.452880859, 1.476074219000054 ], [ 44.455078125000114, 1.477905273000033 ], [ 44.457519531000116, 1.480285645000038 ], [ 44.46112060500019, 1.48327636700003 ], [ 44.462280273000033, 1.484924316000047 ], [ 44.464477539000143, 1.486328125000114 ], [ 44.466308594, 1.4871215820001 ], [ 44.471679688000165, 1.491271973000039 ], [ 44.479492187000062, 1.497314453000172 ], [ 44.485717773000033, 1.502075195000089 ], [ 44.489318848000153, 1.505920410000158 ], [ 44.49249267600004, 1.509521484000061 ], [ 44.49432373000019, 1.511474609000061 ], [ 44.494394301999989, 1.51152165700006 ], [ 44.495300293000071, 1.512512207000157 ], [ 44.495727539000086, 1.512512207000157 ], [ 44.496093750000114, 1.512878418000128 ], [ 44.497924805000025, 1.514709473000039 ], [ 44.499877930000025, 1.515686035000044 ], [ 44.501525879000042, 1.51647949200003 ], [ 44.504516602000137, 1.519104004000098 ], [ 44.506103516000167, 1.520080566000104 ], [ 44.509094237999989, 1.522094727000024 ], [ 44.511291504000098, 1.523071289000029 ], [ 44.513671875000114, 1.524475098000096 ], [ 44.514099121000129, 1.524902344000054 ], [ 44.516723633000026, 1.527282715000126 ], [ 44.519897461000085, 1.530273438000052 ], [ 44.523681641000053, 1.533508301000097 ], [ 44.524902344000054, 1.534484863000046 ], [ 44.526306152000188, 1.534484863000046 ], [ 44.526123047000056, 1.533691406000059 ], [ 44.527099609000061, 1.534484863000046 ], [ 44.527893066000047, 1.535278320000089 ], [ 44.528076172000112, 1.53649902300009 ], [ 44.529296875000114, 1.537109375000171 ], [ 44.530517578000115, 1.53851318400001 ], [ 44.531127930000025, 1.53851318400001 ], [ 44.531921387000011, 1.539489746000186 ], [ 44.532104491999974, 1.53991699200003 ], [ 44.533081055000082, 1.541320801000097 ], [ 44.534484863000046, 1.543273926000097 ], [ 44.536315918000128, 1.545104980000076 ], [ 44.538330078000115, 1.546691895000038 ], [ 44.539672852000194, 1.547485352000081 ], [ 44.54187011700003, 1.547912598000039 ], [ 44.544677734000061, 1.550109863000046 ], [ 44.54632568400018, 1.551513672000112 ], [ 44.548889159999987, 1.553527832000157 ], [ 44.551330566000047, 1.554077148000147 ], [ 44.553283691000104, 1.555480956999986 ], [ 44.555725098000039, 1.557922363000046 ], [ 44.55749511700003, 1.560119629000098 ], [ 44.560302734000061, 1.56188964800009 ], [ 44.562072754000155, 1.562927246000186 ], [ 44.564880371000186, 1.565124512000068 ], [ 44.565673828, 1.566101074000073 ], [ 44.565917969000054, 1.566101074000073 ], [ 44.566101074000187, 1.566284180000082 ], [ 44.566528320000032, 1.566528320000032 ], [ 44.567321777000018, 1.567321777000075 ], [ 44.567871094000111, 1.567687988000102 ], [ 44.568481445000089, 1.567871094000111 ], [ 44.568725586000085, 1.568298340000126 ], [ 44.569091797000112, 1.568481445000089 ], [ 44.569885254000155, 1.569091797000169 ], [ 44.571105957000157, 1.570129395000038 ], [ 44.572875977000024, 1.571716309000067 ], [ 44.57452392600004, 1.572875977000081 ], [ 44.575317383000083, 1.573486328000058 ], [ 44.575500488000046, 1.573730469000054 ], [ 44.575927734000061, 1.574096680000082 ], [ 44.576293945000032, 1.574523926000097 ], [ 44.576721191000047, 1.574890137000125 ], [ 44.577087402000075, 1.575073242000087 ], [ 44.57727050800014, 1.575317383000083 ], [ 44.577697754000098, 1.575683594000111 ], [ 44.577880859000061, 1.575683594000111 ], [ 44.578308105000076, 1.576110840000126 ], [ 44.578918457000157, 1.576477051000154 ], [ 44.57952880900018, 1.576904297000112 ], [ 44.580322266000053, 1.576904297000112 ], [ 44.581115723000039, 1.576904297000112 ], [ 44.581909180000082, 1.57727050800014 ], [ 44.582519531, 1.577697754000155 ], [ 44.58288574200003, 1.577880859000118 ], [ 44.583129883000083, 1.578125000000171 ], [ 44.583496094000111, 1.578491210999971 ], [ 44.583923340000069, 1.578918457000157 ], [ 44.584289551000097, 1.579284668000184 ], [ 44.584899902000075, 1.579528809000067 ], [ 44.58532714800009, 1.579895020000038 ], [ 44.585876465000126, 1.580322266000053 ], [ 44.586730957000157, 1.580871582000043 ], [ 44.58728027300009, 1.581481934000067 ], [ 44.588073730000133, 1.582092285000044 ], [ 44.588684082000157, 1.582519531000059 ], [ 44.589111328000172, 1.582885742000087 ], [ 44.589477539000029, 1.583129883000083 ], [ 44.589904784999987, 1.583496094000111 ], [ 44.590087891000053, 1.583679199000073 ], [ 44.590515137000068, 1.583923340000126 ], [ 44.59069824200003, 1.584289551000154 ], [ 44.590881348000096, 1.584472656000116 ], [ 44.591125488000046, 1.584899902000075 ], [ 44.591491699000017, 1.585693359000118 ], [ 44.591918945000032, 1.586120605000133 ], [ 44.592529297000112, 1.586486816000104 ], [ 44.592895508000083, 1.586730957000157 ], [ 44.593322754000098, 1.587280273000147 ], [ 44.594299316000104, 1.589721680000082 ], [ 44.594726563000165, 1.59069824200003 ], [ 44.595275879000155, 1.591491699000073 ], [ 44.595703125000171, 1.591674805000139 ], [ 44.595886230000133, 1.592102051000097 ], [ 44.596679688000052, 1.592712402000075 ], [ 44.596679688000052, 1.59289550800014 ], [ 44.596923828000172, 1.59289550800014 ], [ 44.597290039000029, 1.593505859000118 ], [ 44.597473145000038, 1.593688965000126 ], [ 44.597290039000029, 1.593872070000089 ], [ 44.597290039000029, 1.594299316000104 ], [ 44.597900391000053, 1.594909668000184 ], [ 44.598083496000186, 1.595703125000171 ], [ 44.59851074200003, 1.596313477000081 ], [ 44.598693848000096, 1.596923828 ], [ 44.598876953000058, 1.597290039000029 ], [ 44.599487305000082, 1.597717285000044 ], [ 44.599914551000097, 1.598083496000072 ], [ 44.600524902000075, 1.598693848000096 ], [ 44.600708008000083, 1.598693848000096 ], [ 44.601501465000126, 1.599121094000111 ], [ 44.601501465000126, 1.599304199000073 ], [ 44.601928711000141, 1.599121094000111 ], [ 44.602111816000104, 1.599304199000073 ], [ 44.602722168000128, 1.599487305000139 ], [ 44.603515625000171, 1.599487305000139 ], [ 44.604492188000052, 1.599487305000139 ], [ 44.605285645000038, 1.599487305000139 ], [ 44.606079102000081, 1.599487305000139 ], [ 44.60632324200003, 1.599487305000139 ], [ 44.607299805000082, 1.599487305000139 ], [ 44.607482910000044, 1.599487305000139 ], [ 44.607910156000059, 1.599487305000139 ], [ 44.60827636700003, 1.599487305000139 ], [ 44.608520508000083, 1.599670410000101 ], [ 44.608886719000111, 1.599914551000097 ], [ 44.609313965000126, 1.599670410000101 ], [ 44.609497070000089, 1.599304199000073 ], [ 44.609680176000097, 1.598876953000058 ], [ 44.610290527000075, 1.59851074200003 ], [ 44.61071777300009, 1.598327637000068 ], [ 44.611328125000114, 1.598327637000068 ], [ 44.611511230000076, 1.59851074200003 ], [ 44.611694336000141, 1.598693848000096 ], [ 44.612487793000184, 1.598876953000058 ], [ 44.612915038999972, 1.599121094000111 ], [ 44.613708496000186, 1.599487305000139 ], [ 44.614929199000187, 1.600097656000059 ], [ 44.61547851600011, 1.600280762000125 ], [ 44.615905762000068, 1.600524902000075 ], [ 44.616271973000096, 1.600280762000125 ], [ 44.616516113000046, 1.600280762000125 ], [ 44.616699219000111, 1.600280762000125 ], [ 44.616882324000073, 1.600280762000125 ], [ 44.617309570000089, 1.600524902000075 ], [ 44.617675781000059, 1.600524902000075 ], [ 44.617675781000059, 1.60070800800014 ], [ 44.618103027000075, 1.600891113000102 ], [ 44.61828613300014, 1.601074219000168 ], [ 44.618713379000155, 1.601318359000118 ], [ 44.619323730000076, 1.601928711000141 ], [ 44.620483398000147, 1.602478027000132 ], [ 44.622070313000052, 1.603271484000118 ], [ 44.623474121000015, 1.603698730000133 ], [ 44.62390136700003, 1.604492188000052 ], [ 44.624511719000111, 1.605285645000095 ], [ 44.62609863300014, 1.606506348000096 ], [ 44.627502441000104, 1.607116699000073 ], [ 44.628906250000171, 1.608276367000087 ], [ 44.630126953000172, 1.609130859000061 ], [ 44.630920410000044, 1.609497070000089 ], [ 44.63171386700003, 1.610107422000169 ], [ 44.633117676000097, 1.611328125000171 ], [ 44.633117676000097, 1.611511230000133 ], [ 44.633483887000125, 1.611694336000028 ], [ 44.633483887000125, 1.611877441000161 ], [ 44.633728027000075, 1.612304688000052 ], [ 44.63391113300014, 1.612670898000147 ], [ 44.63391113300014, 1.613098145000095 ], [ 44.634277344000111, 1.613708496000015 ], [ 44.634521484000061, 1.614074707000043 ], [ 44.634704590000126, 1.614074707000043 ], [ 44.634887695000089, 1.614318848000096 ], [ 44.635070801000154, 1.614501953000058 ], [ 44.635314941000104, 1.614501953000058 ], [ 44.635681152000132, 1.614929199000073 ], [ 44.635681152000132, 1.615112305000082 ], [ 44.635681152000132, 1.615295410000044 ], [ 44.635925293000128, 1.61547851600011 ], [ 44.63610839800009, 1.615905762000125 ], [ 44.636291504000155, 1.616088867000087 ], [ 44.636474609000118, 1.616516113000102 ], [ 44.636291504000155, 1.616882324000073 ], [ 44.636291504000155, 1.617492676000154 ], [ 44.636291504000155, 1.617919922000169 ], [ 44.636474609000118, 1.61828613299997 ], [ 44.636718750000171, 1.61853027300009 ], [ 44.636718750000171, 1.618896484000118 ], [ 44.636718750000171, 1.619079590000183 ], [ 44.636474609000118, 1.619323730000133 ], [ 44.636474609000118, 1.619506835999971 ], [ 44.636291504000155, 1.619689941000161 ], [ 44.636474609000118, 1.620117188000052 ], [ 44.636474609000118, 1.620300293000184 ], [ 44.636718750000171, 1.620483398000147 ], [ 44.636901855000133, 1.620483398000147 ], [ 44.637329102000194, 1.620727539000029 ], [ 44.637329102000194, 1.620910645000038 ], [ 44.637695313000052, 1.62109375 ], [ 44.638122559000067, 1.621887207000043 ], [ 44.638671875, 1.622070313000108 ], [ 44.640075684000067, 1.623107910000044 ], [ 44.643127441000104, 1.625305176000154 ], [ 44.645507813000052, 1.627075195000145 ], [ 44.648071289000029, 1.629089355000133 ], [ 44.650329590000126, 1.630920410000044 ], [ 44.650878906000116, 1.631286621000072 ], [ 44.651123047000112, 1.631530762000125 ], [ 44.65148925800014, 1.631530762000125 ], [ 44.651916504000155, 1.631713867000087 ], [ 44.652099609000118, 1.631896973000096 ], [ 44.652526855000133, 1.631896973000096 ], [ 44.652893066000104, 1.632080078000058 ], [ 44.653076172000169, 1.632507324000073 ], [ 44.653320313000052, 1.632690430000139 ], [ 44.653686523000147, 1.632873535000101 ], [ 44.653930663999972, 1.633117676000154 ], [ 44.654113770000038, 1.633300781000116 ], [ 44.654296875000171, 1.633483887000125 ], [ 44.656921387000068, 1.635498047000169 ], [ 44.658508301000097, 1.636474609000174 ], [ 44.663085938000052, 1.640319824000073 ], [ 44.66711425800014, 1.642700195000089 ], [ 44.668273926000154, 1.643310547000169 ], [ 44.669128418000184, 1.644104003999985 ], [ 44.670104980000133, 1.644287109000118 ], [ 44.670288086000028, 1.644714355000133 ], [ 44.670471191000161, 1.644714355000133 ], [ 44.670715331999986, 1.644714355000133 ], [ 44.671081543000184, 1.644470215000183 ], [ 44.671325684000067, 1.644287109000118 ], [ 44.671508789000029, 1.644104003999985 ], [ 44.671691895000095, 1.644104003999985 ], [ 44.671875, 1.644287109000118 ], [ 44.672119141000053, 1.644470215000183 ], [ 44.672302246000015, 1.644470215000183 ], [ 44.67272949200003, 1.644470215000183 ], [ 44.672912598000096, 1.644470215000183 ], [ 44.673095703000058, 1.644470215000183 ], [ 44.673278809000124, 1.644287109000118 ], [ 44.673706055000082, 1.644287109000118 ], [ 44.67407226600011, 1.644470215000183 ], [ 44.674499512000125, 1.644470215000183 ], [ 44.67492675800014, 1.644470215000183 ], [ 44.675292969000111, 1.644287109000118 ], [ 44.675720215000126, 1.644287109000118 ], [ 44.676330566000104, 1.643493652000132 ], [ 44.67687988299997, 1.643676758000026 ], [ 44.677307129000155, 1.643920898000147 ], [ 44.677673340000183, 1.644104003999985 ], [ 44.678283691000161, 1.644287109000118 ], [ 44.679321289000029, 1.644897461000028 ], [ 44.680480957000043, 1.645690918000014 ], [ 44.681518555000082, 1.646301270000095 ], [ 44.682312012000125, 1.646911621000072 ], [ 44.682678223000153, 1.647277832000043 ], [ 44.683288574000073, 1.648315430000139 ], [ 44.685119629000155, 1.64868164100011 ], [ 44.687316895000038, 1.650329590000126 ], [ 44.690490723000096, 1.652282715000183 ], [ 44.695495605000133, 1.655517578000058 ], [ 44.696899414000029, 1.656677246000072 ], [ 44.697326660000044, 1.657287598000153 ], [ 44.697082520000095, 1.658874512000182 ], [ 44.698120117000087, 1.659729004000155 ], [ 44.699096680000139, 1.660705566000161 ], [ 44.699279785000101, 1.660888672 ], [ 44.701293945000145, 1.662902832000043 ], [ 44.702514648000147, 1.663879395000095 ], [ 44.704101563000052, 1.665283203000115 ], [ 44.70812988300014, 1.668273925999983 ], [ 44.710327148000147, 1.67010498000019 ], [ 44.712707520000095, 1.671875 ], [ 44.713684082000043, 1.673278809000124 ], [ 44.715515137000125, 1.67492675800014 ], [ 44.715881348000153, 1.674682617000087 ], [ 44.716308594000168, 1.675109863000102 ], [ 44.716674805000139, 1.675292969000168 ], [ 44.717102051000154, 1.675292969000168 ], [ 44.717529297000169, 1.67547607400013 ], [ 44.718078613000159, 1.675720215000183 ], [ 44.718505859000118, 1.675720215000183 ], [ 44.718872070000145, 1.675720215000183 ], [ 44.719116211000028, 1.675720215000183 ], [ 44.721130371000015, 1.675292969000168 ], [ 44.721679687000176, 1.67547607400013 ], [ 44.722717285000044, 1.676330566000104 ], [ 44.723693848000153, 1.676879883000026 ], [ 44.724487305000139, 1.677124023000147 ], [ 44.725273795000192, 1.677124023000147 ], [ 44.725280762000182, 1.677124023000147 ], [ 44.726074219000168, 1.677124023000147 ], [ 44.727111816000161, 1.677307129000042 ], [ 44.727722168000184, 1.677917480000133 ], [ 44.728088379000042, 1.678100586000028 ], [ 44.728881836000028, 1.678100586000028 ], [ 44.729492188000108, 1.678710938000108 ], [ 44.729675293000071, 1.679504395000095 ], [ 44.730102539000086, 1.67987060500019 ], [ 44.730285645000095, 1.6804809570001 ], [ 44.731506348000153, 1.681518555000139 ], [ 44.732482910000101, 1.682128906000116 ], [ 44.734680175999983, 1.682678223000153 ], [ 44.736083984000174, 1.683898925999983 ], [ 44.737121582000043, 1.684692383000026 ], [ 44.73852539100011, 1.685913086000028 ], [ 44.739318848000096, 1.686889647999976 ], [ 44.740478516000167, 1.687927246000072 ], [ 44.741516113000102, 1.688476563000108 ], [ 44.742126465000183, 1.688903809000124 ], [ 44.743286133000026, 1.689270020000151 ], [ 44.743530273000147, 1.689270020000151 ], [ 44.743713379000042, 1.689514160000101 ], [ 44.743713379000042, 1.68969726600011 ], [ 44.744079590000013, 1.68969726600011 ], [ 44.744689941000161, 1.689880371000072 ], [ 44.745117188000108, 1.689880371000072 ], [ 44.745727539000029, 1.689514160000101 ], [ 44.745910645000095, 1.689270020000151 ], [ 44.746093750000057, 1.689514160000101 ], [ 44.74627685500019, 1.68969726600011 ], [ 44.746520996000072, 1.68969726600011 ], [ 44.7468872070001, 1.68969726600011 ], [ 44.747314453000058, 1.689880371000072 ], [ 44.747680664000086, 1.689880371000072 ], [ 44.747680664000086, 1.690124512000125 ], [ 44.748107910000101, 1.690490723000153 ], [ 44.748474121000129, 1.690673828000115 ], [ 44.748718262000125, 1.690917969000168 ], [ 44.749084473000153, 1.691284179999968 ], [ 44.749084473000153, 1.691528320000089 ], [ 44.749328613000102, 1.691528320000089 ], [ 44.749084473000153, 1.691894531000116 ], [ 44.748718262000125, 1.692077637000182 ], [ 44.748474121000129, 1.692321777000132 ], [ 44.748291016000167, 1.692504883000026 ], [ 44.748291016000167, 1.692871094 ], [ 44.748107910000101, 1.693481445000145 ], [ 44.748107910000101, 1.694091797000056 ], [ 44.748291016000167, 1.694519043000014 ], [ 44.748474121000129, 1.694885254000042 ], [ 44.748901367000087, 1.695312500000057 ], [ 44.749084473000153, 1.695678711000085 ], [ 44.749328613000102, 1.696289063000108 ], [ 44.749511719000168, 1.696289063000108 ], [ 44.749877929999968, 1.696716309000124 ], [ 44.752929688000052, 1.699523926000154 ], [ 44.753723145000095, 1.700683594 ], [ 44.754699707000043, 1.701721191000161 ], [ 44.756286621000072, 1.702880859000174 ], [ 44.756713867000087, 1.703674316 ], [ 44.756896973000153, 1.703918457000043 ], [ 44.75750732400013, 1.704528809000124 ], [ 44.758300781000116, 1.70532226600011 ], [ 44.759887695000145, 1.706726074000073 ], [ 44.761474609000174, 1.70867919900013 ], [ 44.763122559000124, 1.710327148000147 ], [ 44.764099121000072, 1.710876465000069 ], [ 44.764709473000153, 1.711486816 ], [ 44.765502930000139, 1.711730957000043 ], [ 44.766296387000182, 1.711914063000108 ], [ 44.766906738000159, 1.711730957000043 ], [ 44.767517090000183, 1.712280273000033 ], [ 44.768127441000161, 1.712707520000095 ], [ 44.768676758000026, 1.712890625000057 ], [ 44.769104004000042, 1.712524414000086 ], [ 44.769470215000069, 1.712280273000033 ], [ 44.76971435500019, 1.712280273000033 ], [ 44.770324707000043, 1.712097168000071 ], [ 44.770507812000176, 1.712280273000033 ], [ 44.770874023000033, 1.712524414000086 ], [ 44.772094727000137, 1.712890625000057 ], [ 44.772705078000115, 1.712890625000057 ], [ 44.773315430000139, 1.713073730000019 ], [ 44.774108887000182, 1.713500977000137 ], [ 44.774902344000168, 1.714294434000124 ], [ 44.77569580100004, 1.714721680000139 ], [ 44.776123047, 1.715087891000167 ], [ 44.776916504000042, 1.715515137000182 ], [ 44.777282715000069, 1.716125488000102 ], [ 44.777709961000028, 1.71649169900013 ], [ 44.778076172000056, 1.716674805000025 ], [ 44.778686523000033, 1.716918945000145 ], [ 44.779113770000095, 1.717102050999983 ], [ 44.779724121000072, 1.717285156000173 ], [ 44.780273437000062, 1.717285156000173 ], [ 44.780883789000086, 1.717529297 ], [ 44.781311035000101, 1.718078613000159 ], [ 44.78289794900013, 1.718688965000013 ], [ 44.783508300999983, 1.719116211000028 ], [ 44.783874512000182, 1.719482422000056 ], [ 44.784484863000159, 1.719726563000108 ], [ 44.785095215000013, 1.719909668000071 ], [ 44.785522461000028, 1.720275879000042 ], [ 44.786071777000188, 1.720886230000019 ], [ 44.787475586000085, 1.721679688000108 ], [ 44.788085938000108, 1.722106934000124 ], [ 44.789123535000101, 1.722290039000086 ], [ 44.789916992000087, 1.723083496000129 ], [ 44.791076660000158, 1.724121094000168 ], [ 44.792297363000159, 1.725097656000116 ], [ 44.793884277000188, 1.726074219000054 ], [ 44.795288086000085, 1.726928711000028 ], [ 44.796691895000151, 1.727478027000188 ], [ 44.797485352000137, 1.728271484 ], [ 44.79852294900013, 1.729125977000137 ], [ 44.799499512000182, 1.7293090820001 ], [ 44.800292969, 1.729492188000108 ], [ 44.801330566000161, 1.730529785000101 ], [ 44.801879883000026, 1.731323242000087 ], [ 44.804687500000114, 1.733276367000144 ], [ 44.806701660000101, 1.734497069999975 ], [ 44.807922363000159, 1.735717772999976 ], [ 44.810913086000085, 1.737487793000071 ], [ 44.815490722999982, 1.740295410000101 ], [ 44.817077637000011, 1.741271973000039 ], [ 44.820312500000057, 1.743103027000188 ], [ 44.821289062000062, 1.743530272999976 ], [ 44.822082520000151, 1.744079590000069 ], [ 44.823486328000115, 1.744873047000056 ], [ 44.824707031000173, 1.745483398000033 ], [ 44.825073241999974, 1.745910645000151 ], [ 44.82647705100004, 1.746704102000137 ], [ 44.828674316000047, 1.747924804999968 ], [ 44.832885742000144, 1.750488281000173 ], [ 44.837280273000033, 1.753479004000098 ], [ 44.840270996000129, 1.755310059000124 ], [ 44.841308594000054, 1.756286621000129 ], [ 44.841491699000187, 1.756713867000144 ], [ 44.84210205100004, 1.75750732400013 ], [ 44.842895508000083, 1.75811767600004 ], [ 44.843688965000069, 1.75811767600004 ], [ 44.845092773000033, 1.758911133000026 ], [ 44.845703125000114, 1.759521484000174 ], [ 44.846923828000115, 1.759887695000032 ], [ 44.848876953000172, 1.760925293000071 ], [ 44.850708008000026, 1.761718750000057 ], [ 44.85772705100004, 1.766296387000011 ], [ 44.859497070000032, 1.767517090000013 ], [ 44.863098145000151, 1.769897461000085 ], [ 44.864074707000157, 1.770690918000071 ], [ 44.865478516000053, 1.772094726999967 ], [ 44.866271973000039, 1.772521973000153 ], [ 44.867675781, 1.773681641 ], [ 44.869689941000047, 1.774475098000039 ], [ 44.873107910000158, 1.776489258000083 ], [ 44.875671387000068, 1.778686523000033 ], [ 44.879272461000141, 1.780883789000143 ], [ 44.881896973000039, 1.782287598000039 ], [ 44.883483887000068, 1.78350830100004 ], [ 44.885498047000112, 1.784912109 ], [ 44.888488770000038, 1.786926270000151 ], [ 44.891723633000083, 1.789489746000129 ], [ 44.8953247070001, 1.790527344 ], [ 44.898071288999972, 1.792724609000174 ], [ 44.904296875000114, 1.7957153320001 ], [ 44.904907227000194, 1.796081543000128 ], [ 44.90570068400001, 1.79632568400018 ], [ 44.906311035000158, 1.796081543000128 ], [ 44.906921387000068, 1.796875000000114 ], [ 44.908081055000082, 1.797485352000024 ], [ 44.909118652000018, 1.798095703000172 ], [ 44.909301758000083, 1.798889160000158 ], [ 44.909912109000061, 1.800292969000054 ], [ 44.910705566000047, 1.801513672000056 ], [ 44.913330078000172, 1.803894043000128 ], [ 44.916687012000068, 1.805480957000157 ], [ 44.919921875000114, 1.806518555000025 ], [ 44.921875000000171, 1.80609130900018 ], [ 44.925109863000046, 1.807312012000011 ], [ 44.928894043000128, 1.809326172000056 ], [ 44.932678223000096, 1.811523438000165 ], [ 44.937683105000133, 1.814086914000143 ], [ 44.94030761700003, 1.815917969000054 ], [ 44.942871094000111, 1.817504883000083 ], [ 44.945129394999981, 1.819274902000075 ], [ 44.949096680000082, 1.821289063000165 ], [ 44.95227050800014, 1.823303223000039 ], [ 44.956909180000082, 1.825927734 ], [ 44.95788574200003, 1.826477051000097 ], [ 44.961486816000104, 1.8289184570001 ], [ 44.963928223000039, 1.830078125000171 ], [ 44.968872070000089, 1.832519531000173 ], [ 44.972290039000029, 1.835327148000033 ], [ 44.976074219000111, 1.837097168000128 ], [ 44.981079102000081, 1.839904785000158 ], [ 44.981872559000067, 1.841308594000054 ], [ 44.983520508000083, 1.842895508000083 ], [ 44.984924316000104, 1.843322754000098 ], [ 44.989685059000067, 1.846313477000024 ], [ 44.990722656000059, 1.84710693400001 ], [ 44.99353027300009, 1.850280762000068 ], [ 44.999328613000046, 1.853698730000076 ], [ 45.002685547000169, 1.855712891000053 ], [ 45.004272461000028, 1.856689453000172 ], [ 45.005493164000029, 1.856872559000067 ], [ 45.006530762000068, 1.856079102000024 ], [ 45.00610351600011, 1.855102539000143 ], [ 45.006530762000068, 1.854675293000128 ], [ 45.007080078000058, 1.855285645000038 ], [ 45.007507324000073, 1.855285645000038 ], [ 45.007873535000101, 1.85491943400018 ], [ 45.008483887000125, 1.85491943400018 ], [ 45.009094238000102, 1.855285645000038 ], [ 45.010925293000184, 1.856506348000039 ], [ 45.012695313000052, 1.857482910000044 ], [ 45.013305664000029, 1.858703613000046 ], [ 45.014282227000081, 1.859130859000061 ], [ 45.015502930000082, 1.860107422000112 ], [ 45.016479492000087, 1.860290527000075 ], [ 45.018310547000169, 1.861511230000076 ], [ 45.019104004000155, 1.863525391 ], [ 45.020080566000161, 1.865112305000025 ], [ 45.021118164000029, 1.865112305000025 ], [ 45.023315430000082, 1.866516113000046 ], [ 45.024719238000102, 1.867919922000112 ], [ 45.027893066000161, 1.871276855000133 ], [ 45.02947998000019, 1.871887207000157 ], [ 45.030090332000043, 1.872314453000172 ], [ 45.030517578000058, 1.873474121000186 ], [ 45.031677246000072, 1.875122070000032 ], [ 45.03430175800014, 1.876525879000098 ], [ 45.035888672000169, 1.877685547000112 ], [ 45.037475586000028, 1.87829589800009 ], [ 45.041320801000154, 1.881103516000053 ], [ 45.043090820000145, 1.882690430000082 ], [ 45.044494628999985, 1.883911133000083 ], [ 45.045898438000052, 1.884887695000089 ], [ 45.047485352000081, 1.885498047000112 ], [ 45.048278809000124, 1.88610839800009 ], [ 45.05047607400013, 1.887329102000024 ], [ 45.052673340000183, 1.888305663999972 ], [ 45.055297852000081, 1.889282227000081 ], [ 45.057128906000059, 1.890319824000187 ], [ 45.059875488000159, 1.891906738000046 ], [ 45.062072754000042, 1.892517090000126 ], [ 45.063476563000108, 1.892883301000097 ], [ 45.063720703000058, 1.89367675800014 ], [ 45.065490723000153, 1.895080566000104 ], [ 45.069091797, 1.897705078 ], [ 45.071289063000108, 1.899475098000096 ], [ 45.073486328000115, 1.900878906000059 ], [ 45.074523926000154, 1.900695801000097 ], [ 45.075073242000144, 1.901123047000112 ], [ 45.075683594000168, 1.901123047000112 ], [ 45.076293945000145, 1.900878906000059 ], [ 45.076721191000161, 1.900329590000069 ], [ 45.076293945000145, 1.899719238000046 ], [ 45.077270508000026, 1.89929199200003 ], [ 45.077880859000174, 1.89929199200003 ], [ 45.079284668000071, 1.900085449000073 ], [ 45.080078125000057, 1.900878906000059 ], [ 45.081298828000058, 1.901672363000102 ], [ 45.082275391000167, 1.902282715000126 ], [ 45.08312988300014, 1.903076172000169 ], [ 45.08367919900013, 1.903503418000128 ], [ 45.083496094000168, 1.903930664000143 ], [ 45.082885742000087, 1.90368652300009 ], [ 45.082702637000125, 1.904724121000186 ], [ 45.083312988000102, 1.905273438000052 ], [ 45.083312988000102, 1.905883789000029 ], [ 45.084472656000116, 1.906311035000044 ], [ 45.084472656000116, 1.906921387000068 ], [ 45.084716797000169, 1.907287598000096 ], [ 45.085876465000013, 1.907897949000073 ], [ 45.086486816000161, 1.908081055000082 ], [ 45.087707520000095, 1.908325195000032 ], [ 45.08807373000019, 1.908081055000082 ], [ 45.0886840820001, 1.908081055000082 ], [ 45.0886840820001, 1.908874512000125 ], [ 45.089721680000139, 1.909729004000098 ], [ 45.090881348000153, 1.910705566000104 ], [ 45.092285156000116, 1.911071777000132 ], [ 45.095275879000042, 1.910888672000169 ], [ 45.096679688000108, 1.910888672000169 ], [ 45.096923828000058, 1.911682129000155 ], [ 45.09790039100011, 1.912719727000024 ], [ 45.099121094000168, 1.913330078000172 ], [ 45.100097656000116, 1.912902831999986 ], [ 45.101684570000145, 1.913696289000029 ], [ 45.103088379000042, 1.914123534999987 ], [ 45.103881836000085, 1.914489746000015 ], [ 45.104675293000071, 1.914672852000081 ], [ 45.104675293000071, 1.915100098000096 ], [ 45.105285645000151, 1.915100098000096 ], [ 45.105285645000151, 1.915527344000054 ], [ 45.107299805000139, 1.916076660000044 ], [ 45.108276367000144, 1.916503906000059 ], [ 45.108886719000168, 1.916870117000087 ], [ 45.109497070000145, 1.917480469000111 ], [ 45.109924316000161, 1.918090820000089 ], [ 45.110290527000188, 1.918884277000075 ], [ 45.111083984000174, 1.918884277000075 ], [ 45.111328125000057, 1.919494629000155 ], [ 45.111877441, 1.919921875000171 ], [ 45.111877441, 1.920288085999971 ], [ 45.112487793000071, 1.920898438000052 ], [ 45.11352539100011, 1.921081543000184 ], [ 45.1140747070001, 1.921691895000038 ], [ 45.114685059000124, 1.921875 ], [ 45.115478516000167, 1.922302246000186 ], [ 45.115905762000182, 1.922485352000081 ], [ 45.116271972999982, 1.92272949200003 ], [ 45.11688232400013, 1.923095703000058 ], [ 45.117309570000145, 1.923278809000067 ], [ 45.11749267600004, 1.923522949000017 ], [ 45.117919922, 1.923522949000017 ], [ 45.118286133000026, 1.923706055000082 ], [ 45.118713379000042, 1.924682617000087 ], [ 45.118896484000174, 1.924682617000087 ], [ 45.11932373000019, 1.924316406000059 ], [ 45.119689941, 1.92407226600011 ], [ 45.120117188000108, 1.92407226600011 ], [ 45.120483398000033, 1.92407226600011 ], [ 45.120910645000095, 1.924316406000059 ], [ 45.121276855000019, 1.924682617000087 ], [ 45.121704102000137, 1.925109863000046 ], [ 45.121704102000137, 1.924926758000083 ], [ 45.1218872070001, 1.924682617000087 ], [ 45.122314453000115, 1.924682617000087 ], [ 45.122680664000086, 1.924682617000087 ], [ 45.122924805000139, 1.924926758000083 ], [ 45.123291016000167, 1.925109863000046 ], [ 45.123718262000182, 1.925476074000073 ], [ 45.124084473000153, 1.925476074000073 ], [ 45.124511719000168, 1.925292969000111 ], [ 45.124877930000025, 1.925292969000111 ], [ 45.125305175999983, 1.925476074000073 ], [ 45.125488281000173, 1.925720215000126 ], [ 45.126098633000026, 1.926330566000104 ], [ 45.126708984000174, 1.925903320000089 ], [ 45.128112793000071, 1.926696777000075 ], [ 45.128112793000071, 1.92712402300009 ], [ 45.126281738000159, 1.92687988300014 ], [ 45.126525879000042, 1.929077148000147 ], [ 45.127502441000161, 1.930297852000081 ], [ 45.128295898000033, 1.930908203 ], [ 45.129516602000137, 1.931274414000029 ], [ 45.130920410000101, 1.93188476600011 ], [ 45.132324219000168, 1.932678223000096 ], [ 45.13507080100004, 1.934509277000075 ], [ 45.138305664000086, 1.935729980000076 ], [ 45.14007568400018, 1.936279297000169 ], [ 45.141296387000182, 1.936523438000052 ], [ 45.14288330100004, 1.936706543000184 ], [ 45.144470215000069, 1.936889648000147 ], [ 45.145507813000108, 1.936889648000147 ], [ 45.146118164000086, 1.936523438000052 ], [ 45.14672851600011, 1.936279297000169 ], [ 45.147521973000153, 1.935913086000141 ], [ 45.148071289000143, 1.935485840000126 ], [ 45.148071289000143, 1.934326172000112 ], [ 45.148498535000101, 1.934082031000059 ], [ 45.149291992000144, 1.934509277000075 ], [ 45.149719238000159, 1.934326172000112 ], [ 45.15069580100004, 1.935119629000155 ], [ 45.152099609000174, 1.935119629000155 ], [ 45.155273437000062, 1.937683105000133 ], [ 45.15570068400018, 1.938476563000052 ], [ 45.155883789000143, 1.939514160000044 ], [ 45.157287597999982, 1.940124512000068 ], [ 45.159301758000026, 1.941528320000089 ], [ 45.160522461000028, 1.941894531000059 ], [ 45.162719727000137, 1.942687988000102 ], [ 45.164672852000194, 1.94250488300014 ], [ 45.16632080100004, 1.942687988000102 ], [ 45.167480469000054, 1.943481445000089 ], [ 45.169128418000071, 1.946289063000052 ], [ 45.170471191000047, 1.947326660000044 ], [ 45.172119141000167, 1.94812011700003 ], [ 45.175292969000054, 1.94812011700003 ], [ 45.176513672000056, 1.948730469000111 ], [ 45.177673340000069, 1.949523926000097 ], [ 45.179504395000151, 1.949707031000059 ], [ 45.179870605000076, 1.949096680000082 ], [ 45.179504395000151, 1.948486328000058 ], [ 45.180908203000115, 1.948303223000096 ], [ 45.181274414000143, 1.948486328000058 ], [ 45.182128906000116, 1.949523926000097 ], [ 45.183288574000187, 1.949707031000059 ], [ 45.18389892600004, 1.95031738300014 ], [ 45.183715819999975, 1.951110840000126 ], [ 45.184082031000173, 1.952087402000132 ], [ 45.184692383000083, 1.952087402000132 ], [ 45.185913086000085, 1.953125000000171 ], [ 45.186889648000033, 1.953674316000161 ], [ 45.186889648000033, 1.954528809000067 ], [ 45.187683105000076, 1.955505371000015 ], [ 45.187927246000129, 1.955322266000053 ], [ 45.188476563000165, 1.955871582000043 ], [ 45.189086914000143, 1.956481934000124 ], [ 45.190673828000172, 1.956909180000082 ], [ 45.190490723000039, 1.95727539100011 ], [ 45.194091797000056, 1.958496094000111 ], [ 45.194885254000098, 1.958496094000111 ], [ 45.195678711000085, 1.959106445000089 ], [ 45.196289062000062, 1.959472656000116 ], [ 45.197875977000194, 1.959899902000132 ], [ 45.200317383000026, 1.959899902000132 ], [ 45.201110840000069, 1.959472656000116 ], [ 45.202697754000098, 1.95812988300014 ], [ 45.200927734000174, 1.956298828000058 ], [ 45.201721191000047, 1.956115723000096 ], [ 45.201904297000056, 1.956481934000124 ], [ 45.202880859000061, 1.956726074000073 ], [ 45.203674316000047, 1.957092285000044 ], [ 45.204101563000165, 1.957885742000087 ], [ 45.204711914000143, 1.957885742000087 ], [ 45.203674316000047, 1.958312988000102 ], [ 45.203125000000114, 1.958312988000102 ], [ 45.203125000000114, 1.959472656000116 ], [ 45.203674316000047, 1.96008300799997 ], [ 45.204284668000128, 1.960876465000183 ], [ 45.206298828000172, 1.962097168000184 ], [ 45.207702637000011, 1.962524414000029 ], [ 45.211120605000019, 1.963500977000081 ], [ 45.213500977000194, 1.964111328000058 ], [ 45.215881348000039, 1.964111328000058 ], [ 45.218688965000069, 1.964111328000058 ], [ 45.219299316000047, 1.96307373000019 ], [ 45.219726562000062, 1.962707520000038 ], [ 45.221313477000194, 1.963684082000043 ], [ 45.223693848000039, 1.964477539000029 ], [ 45.226684570000032, 1.966125488000046 ], [ 45.228881836000141, 1.967285156000116 ], [ 45.230102481000131, 1.968322705000048 ], [ 45.230102482000063, 1.968334666000089 ], [ 45.230054467000059, 1.968381319000116 ], [ 45.229999015000089, 1.96843519600003 ], [ 45.229991550000079, 1.968772981000029 ], [ 45.229964308000149, 1.970005736000132 ], [ 45.229933721, 1.971387042 ], [ 45.22991943400018, 1.971496582000043 ], [ 45.22991943400018, 1.972032503000037 ], [ 45.229833964000193, 1.975897149000048 ], [ 45.229640000000131, 1.976230000000157 ], [ 45.22962982700011, 1.979862519000051 ], [ 45.229626308999968, 1.981118941000091 ], [ 45.229625313000099, 1.981474030000072 ], [ 45.229624643000193, 1.981712845000061 ], [ 45.229612958000018, 1.985886378000146 ], [ 45.229608803000133, 1.987369952000165 ], [ 45.229603725000061, 1.98918322600008 ], [ 45.229542037000101, 2.011211244000151 ], [ 45.229559984000105, 2.018834740000102 ], [ 45.22952000000015, 2.01908 ], [ 45.22929279900012, 2.019597396000165 ], [ 45.228063649000035, 2.022638954000115 ], [ 45.22754615000008, 2.023919517000081 ], [ 45.227291161000039, 2.024550493999982 ], [ 45.215616041000033, 2.053206064000051 ], [ 45.208359078000058, 2.071017651000034 ], [ 45.208302559000117, 2.071156372000075 ], [ 45.208359078000058, 2.071175796999967 ], [ 45.208359114000075, 2.071175809000181 ], [ 45.208518574000152, 2.071230613000068 ], [ 45.208496094000054, 2.071289063000108 ], [ 45.208359078000058, 2.071289063000108 ], [ 45.208312988000159, 2.071289063000108 ], [ 45.208359078000058, 2.07130442600004 ], [ 45.213073730000076, 2.072875976999967 ], [ 45.21428510100003, 2.073212467000133 ], [ 45.214285173000064, 2.07321249 ], [ 45.215323334000061, 2.073569287000169 ], [ 45.215616041000033, 2.073669885000129 ], [ 45.215686622000078, 2.073694142000079 ], [ 45.216125488000159, 2.07391357400013 ], [ 45.216674805000082, 2.074096679999968 ], [ 45.218889456000056, 2.074920736000138 ], [ 45.219299316000047, 2.075073242000144 ], [ 45.219451823000156, 2.074920736000138 ], [ 45.219482422000112, 2.074890137000182 ], [ 45.219482422000112, 2.074783427000057 ], [ 45.219567600000062, 2.074731900000131 ], [ 45.219609169000194, 2.074707031000116 ], [ 45.219750800000099, 2.074622300000158 ], [ 45.220117504000086, 2.074402965000047 ], [ 45.220275879000098, 2.074279785000158 ], [ 45.220457203000194, 2.074215789000164 ], [ 45.221314400000153, 2.073787400000185 ], [ 45.222161, 2.073360199999968 ], [ 45.222483200000056, 2.073192800000186 ], [ 45.224264100000141, 2.072335 ], [ 45.224378978000061, 2.072276808000026 ], [ 45.225049966000142, 2.071936913000059 ], [ 45.225485464000144, 2.071716309000124 ], [ 45.225511239000014, 2.07170325200002 ], [ 45.225524902000188, 2.071716309000124 ], [ 45.225469568000051, 2.071964240000113 ], [ 45.226042165000081, 2.074920736000138 ], [ 45.22607170800012, 2.075073278000161 ], [ 45.227206666000086, 2.080933420000065 ], [ 45.227419846000146, 2.082034133000093 ], [ 45.227474637000114, 2.082074908000038 ], [ 45.227478027000075, 2.082092285000101 ], [ 45.227478027000075, 2.082519531000116 ], [ 45.227905273000033, 2.082519531000116 ], [ 45.23225118300013, 2.082188864000045 ], [ 45.233385169000144, 2.082092285000101 ], [ 45.245870943000114, 2.081118533000051 ], [ 45.245870960000161, 2.081118817000061 ], [ 45.246186475000059, 2.086617805000117 ], [ 45.243129985000166, 2.088535465000177 ], [ 45.243184928000176, 2.088633682000022 ], [ 45.243213121999986, 2.0886840820001 ], [ 45.243103027000018, 2.0886840820001 ], [ 45.245904673000041, 2.093495604000111 ], [ 45.245905524000193, 2.093497066000054 ], [ 45.246782817000053, 2.095065328000146 ], [ 45.247866552000119, 2.097002496000016 ], [ 45.248104064000188, 2.097427047000053 ], [ 45.248539189000041, 2.098204778000024 ], [ 45.250347962000035, 2.101437733000125 ], [ 45.251414950000083, 2.103344840999966 ], [ 45.252640278000172, 2.102928592000069 ], [ 45.25290207900008, 2.102839658 ], [ 45.254699707000157, 2.102294922000056 ], [ 45.261291504000098, 2.100097656000173 ], [ 45.262695312000119, 2.0964965820001 ], [ 45.263488770000038, 2.094482422000056 ], [ 45.263916016000053, 2.093322754000042 ], [ 45.264099121000186, 2.093078612999989 ], [ 45.264681642000141, 2.093078612999989 ], [ 45.264709473000039, 2.093078612999989 ], [ 45.264892578000172, 2.093078612999989 ], [ 45.265548578000107, 2.093297280000058 ], [ 45.266723633000083, 2.093688965000069 ], [ 45.26867675800014, 2.094116211000028 ], [ 45.273498534999987, 2.095275879000098 ], [ 45.277709961000141, 2.096313477000137 ], [ 45.280506637000087, 2.096921450000082 ], [ 45.281954143000121, 2.098940831000107 ], [ 45.284403330000146, 2.104576009000084 ], [ 45.284407236000106, 2.104584997000075 ], [ 45.284443942000166, 2.104576009000084 ], [ 45.28444408900009, 2.104575973000067 ], [ 45.28445282399997, 2.104573835000053 ], [ 45.284453511000152, 2.104576009000084 ], [ 45.284484863000046, 2.104675293000128 ], [ 45.284859087000143, 2.104576009000084 ], [ 45.287475586000141, 2.103881836000085 ], [ 45.288302456000167, 2.103631269000061 ], [ 45.289044506000096, 2.10344958100012 ], [ 45.29273054700019, 2.102547070000128 ], [ 45.293953946000101, 2.102247527000145 ], [ 45.294677734000118, 2.102111816 ], [ 45.295715332000157, 2.102294922000056 ], [ 45.301330566000047, 2.103271484000061 ], [ 45.301513672000112, 2.103271484000061 ], [ 45.326517317000082, 2.095342087000063 ], [ 45.327774012000077, 2.094943552000018 ], [ 45.327880859000118, 2.094909668000071 ], [ 45.331298828000058, 2.093872070000032 ], [ 45.341770497000027, 2.090519073000166 ], [ 45.342088889000081, 2.090417125000045 ], [ 45.343688965000126, 2.089904785000101 ], [ 45.390968323000152, 2.151650667000183 ], [ 45.345046765000063, 2.174608947000138 ], [ 45.342141366000078, 2.17606148800013 ], [ 45.342141183000138, 2.17606132700007 ], [ 45.331115723000096, 2.181701660000158 ] ] ] } },
{ "type": "Feature", "properties": { "adm1_name": "Middle Juba", "adm1_name1": null, "adm1_name2": null, "adm1_name3": null, "adm1_pcode": "SO27", "adm0_name": "Somalia", "adm0_name1": null, "adm0_name2": null, "adm0_name3": null, "adm0_pcode": "SO", "valid_on": "2025-01-08", "valid_to": null, "area_sqkm": 18790.987626350001, "version": "v03", "lang": "en", "lang1": null, "lang2": null, "lang3": null, "center_lat": 1.11705931, "center_lon": 42.85628265 }, "geometry": { "type": "Polygon", "coordinates": [ [ [ 43.028652335, 1.390945561000137 ], [ 43.003244764000044, 1.428614279000044 ], [ 42.980952681000076, 1.461664042000166 ], [ 42.980918884000175, 1.461714149000102 ], [ 42.980739152000069, 1.46184893700007 ], [ 42.980722489000186, 1.461861433000081 ], [ 42.953300477000028, 1.482426286000134 ], [ 42.953228819000174, 1.482486118999987 ], [ 42.952579377000063, 1.483028396 ], [ 42.862746248000121, 1.558038099000044 ], [ 42.861292775000038, 1.559251733000053 ], [ 42.861226840000029, 1.559306788000129 ], [ 42.86110520200009, 1.55942201300013 ], [ 42.830479427000171, 1.588433206000047 ], [ 42.828674316000104, 1.59008789100011 ], [ 42.827626114000054, 1.591136093000159 ], [ 42.826658118000068, 1.592053056000054 ], [ 42.82507324200003, 1.593505859000118 ], [ 42.824579031000098, 1.594022534000146 ], [ 42.820014954000044, 1.598345994000113 ], [ 42.802674175999982, 1.614772477000031 ], [ 42.801879883000083, 1.61547851600011 ], [ 42.801000311000166, 1.616358087000151 ], [ 42.794580661000111, 1.622439259999965 ], [ 42.777915956000186, 1.63822531600016 ], [ 42.773170607, 1.642720420000103 ], [ 42.772094727000194, 1.643676758000026 ], [ 42.771657493000077, 1.644153740000036 ], [ 42.764339981000148, 1.651085364000153 ], [ 42.764099121000129, 1.651306152000132 ], [ 42.764047814000037, 1.651362124000116 ], [ 42.760501267000166, 1.654721644000119 ], [ 42.760498047000056, 1.654724121000015 ], [ 42.760487174000161, 1.654734994000137 ], [ 42.752600966000102, 1.66220532400007 ], [ 42.752502441000047, 1.66229248000019 ], [ 42.752385392, 1.662409530000104 ], [ 42.707600288000151, 1.704832899000053 ], [ 42.707519531000116, 1.704895020000095 ], [ 42.707246893000104, 1.705167658000107 ], [ 42.698820585000135, 1.713149606000115 ], [ 42.697326660000101, 1.714477539000086 ], [ 42.696719536000103, 1.715139857 ], [ 42.690887953000185, 1.720663912000134 ], [ 42.689270020000151, 1.722106934000124 ], [ 42.688765951999983, 1.722674009000059 ], [ 42.685870275000127, 1.725416984000105 ], [ 42.68572998000019, 1.725524902000132 ], [ 42.684758399000145, 1.726470225000128 ], [ 42.678599761000044, 1.732304088000092 ], [ 42.677673340000069, 1.733093262000182 ], [ 42.677176010000096, 1.733652758000119 ], [ 42.670023147000052, 1.7404284160001 ], [ 42.669677734000174, 1.740722656000116 ], [ 42.66905277800015, 1.741347612000141 ], [ 42.649644125000179, 1.759732754000083 ], [ 42.649475098000153, 1.759887695000032 ], [ 42.64937702200001, 1.759985771000117 ], [ 42.64061845800012, 1.768282454000143 ], [ 42.639282227000137, 1.769470215000069 ], [ 42.637878418000071, 1.770874023000033 ], [ 42.637803048000194, 1.77094939300008 ], [ 42.632024182000066, 1.776423512000122 ], [ 42.631286621000072, 1.777099609 ], [ 42.630858664000129, 1.777527567000107 ], [ 42.620388370000114, 1.787445711000032 ], [ 42.619689941000161, 1.788085937000062 ], [ 42.619284690000086, 1.788491189000013 ], [ 42.610581044000071, 1.796735850000175 ], [ 42.609497070000089, 1.797729492000144 ], [ 42.609266166, 1.797981387000107 ], [ 42.602768427000171, 1.804136469000071 ], [ 42.601501465000183, 1.805297852000024 ], [ 42.601231581000036, 1.805592270000034 ], [ 42.598079966000114, 1.808577685000046 ], [ 42.59790039100011, 1.808715820000032 ], [ 42.597294139000041, 1.8093220720001 ], [ 42.595729828000174, 1.810803889 ], [ 42.590503427000044, 1.815754612000092 ], [ 42.589904785000044, 1.816284180000025 ], [ 42.589643764000016, 1.816568930000187 ], [ 42.575665454000045, 1.829809922000095 ], [ 42.574707031000059, 1.830688477000024 ], [ 42.574151280000194, 1.83124422800006 ], [ 42.567420959000117, 1.837619542000027 ], [ 42.520908356, 1.881676554000023 ], [ 42.516356643999984, 1.88433192399998 ], [ 42.457107749000045, 1.918888910000021 ], [ 42.411059464000175, 1.948888319 ], [ 42.400914740000132, 1.951700354000081 ], [ 42.393148057000133, 1.951598993000118 ], [ 42.393147313000043, 1.95159898300011 ], [ 42.233330205000073, 1.949495098000057 ], [ 42.231871794000142, 1.949475899000106 ], [ 42.231871758000125, 1.949475899000106 ], [ 41.779120209999974, 1.943502508000165 ], [ 41.698814725000034, 1.942442994999965 ], [ 41.687726344000168, 1.942296700000043 ], [ 41.681437802000119, 1.942213732000084 ], [ 41.681432906000111, 1.942205161 ], [ 41.681432696000059, 1.942205125000044 ], [ 41.640917455000078, 1.941672114000085 ], [ 41.592631733000132, 1.792448471000057 ], [ 41.55833433500004, 1.686454765000178 ], [ 41.451320832000079, 1.355784601000039 ], [ 41.427678392000189, 1.28272980700001 ], [ 41.420903370000076, 1.261733990000039 ], [ 41.459110513000041, 1.264177958000062 ], [ 41.597048002, 1.273001301000136 ], [ 41.771291933000043, 1.284147031000032 ], [ 42.035916075000102, 1.301140259000078 ], [ 42.138955407000026, 1.307757081000091 ], [ 42.143628306000039, 1.307984336000175 ], [ 42.166545434999989, 1.309473047000154 ], [ 42.200927734000061, 1.311706543000014 ], [ 42.321472168000071, 1.317077637000182 ], [ 42.386674281000012, 1.319841363000023 ], [ 42.421043807, 1.321298186000035 ], [ 42.430664935999971, 1.321716345000084 ], [ 42.430908203000115, 1.321726918000024 ], [ 42.430911731000094, 1.321716345000084 ], [ 42.435569441000155, 1.307757045000074 ], [ 42.439245748000133, 1.296739038000169 ], [ 42.462957440000082, 1.225662739000029 ], [ 42.484455513000057, 1.161207144000173 ], [ 42.51458601700017, 1.070846809000159 ], [ 42.539251253000089, 0.996857116000172 ], [ 42.56915811600004, 0.907099801000129 ], [ 42.610700338000186, 0.782513170000072 ], [ 42.620910609000077, 0.751892198000064 ], [ 42.620910645000095, 0.751892090000069 ], [ 42.620943483000133, 0.75179377500001 ], [ 42.631786541000054, 0.718376159000115 ], [ 42.677467111000112, 0.531268777000093 ], [ 42.677912129000163, 0.529445986000155 ], [ 42.678041369000027, 0.528577816000109 ], [ 42.678260871000077, 0.527677972000049 ], [ 42.679283508000026, 0.52348568900004 ], [ 42.726802826000039, 0.328681052000036 ], [ 42.72991639900016, 0.315900826000075 ], [ 42.730911255000024, 0.311817259000122 ], [ 42.732901186000106, 0.311889612000186 ], [ 42.766400059000091, 0.313107616000082 ], [ 42.928401620000045, 0.319099796999978 ], [ 43.052883197000085, 0.323561879000067 ], [ 43.191284180000082, 0.328674316000047 ], [ 43.20788574200003, 0.348327637000182 ], [ 43.233520508000083, 0.372924804999968 ], [ 43.24047851600011, 0.3796997070001 ], [ 43.250953823000032, 0.391735167000093 ], [ 43.257652282000151, 0.399553923000099 ], [ 43.293502808000085, 0.434894055000086 ], [ 43.319030762000182, 0.465149045000146 ], [ 43.351134027000171, 0.503189030000158 ], [ 43.355625472999975, 0.508511060000103 ], [ 43.356948139000167, 0.510078320000105 ], [ 43.361170746000084, 0.515081796000061 ], [ 43.376525879000042, 0.533325195000032 ], [ 43.400878906000173, 0.559082031000116 ], [ 43.40095160900006, 0.559137627000098 ], [ 43.401885987000071, 0.559957922000024 ], [ 43.419906665000042, 0.575737042000128 ], [ 43.43389892600004, 0.58807373000019 ], [ 43.486083984000061, 0.643920898000147 ], [ 43.491699219000054, 0.647888184000124 ], [ 43.493665361000183, 0.6492775910001 ], [ 43.496299744000112, 0.65115100200012 ], [ 43.496384782000064, 0.651239770000132 ], [ 43.498584795999989, 0.653536262000102 ], [ 43.513671875000171, 0.669311522999976 ], [ 43.514775080000049, 0.670255792000034 ], [ 43.520795364000094, 0.675563474000114 ], [ 43.520594291000066, 0.675786888000118 ], [ 43.482581116000119, 0.730898341000056 ], [ 43.393788257000097, 0.85963011500013 ], [ 43.339721680000139, 0.937316895000038 ], [ 43.309043504000044, 0.979854820000071 ], [ 43.261006692000024, 1.046461984000018 ], [ 43.243166500000086, 1.072911469000076 ], [ 43.028652335, 1.390945561000137 ] ] ] } },
{ "type": "Feature", "properties": { "adm1_name": "Middle Shabelle", "adm1_name1": null, "adm1_name2": null, "adm1_name3": null, "adm1_pcode": "SO21", "adm0_name": "Somalia", "adm0_name1": null, "adm0_name2": null, "adm0_name3": null, "adm0_pcode": "SO", "valid_on": "2025-01-08", "valid_to": null, "area_sqkm": 18660.830108859998, "version": "v03", "lang": "en", "lang1": null, "lang2": null, "lang3": null, "center_lat": 3.0287411, "center_lon": 45.88149165 }, "geometry": { "type": "Polygon", "coordinates": [ [ [ 46.838417557000128, 3.241686194000124 ], [ 46.860107480000011, 3.274864799999989 ], [ 46.872070312000062, 3.293273926000154 ], [ 46.876101756000025, 3.297914774000049 ], [ 46.877220153999986, 3.299228192000044 ], [ 46.896399396000106, 3.321744146000128 ], [ 46.911369323000145, 3.339317084000186 ], [ 47.004253387000176, 3.439870119000147 ], [ 47.011962873000186, 3.447642433 ], [ 47.023925781, 3.459716797 ], [ 47.038048305000018, 3.47233394400007 ], [ 46.914001230000054, 3.552841186000137 ], [ 46.730365459000097, 3.671681954000064 ], [ 46.486061894000102, 3.829942949000099 ], [ 46.391113245000042, 3.891409704000068 ], [ 46.391113209000082, 3.891409727 ], [ 46.391055380000182, 3.891447164000169 ], [ 46.390987360000054, 3.891409186000033 ], [ 46.303342912000119, 3.842474100000175 ], [ 46.303342876000102, 3.842474080000159 ], [ 46.290877291000129, 3.835502432000112 ], [ 46.225205931000175, 3.798762308000107 ], [ 46.091125488000102, 3.571472168000128 ], [ 46.090948075000085, 3.571235978000118 ], [ 46.075705217000063, 3.550943149000034 ], [ 46.061096191000104, 3.531494141 ], [ 46.06108825299998, 3.531485786000133 ], [ 46.030883789000029, 3.49969482400013 ], [ 46.012512207000157, 3.465881347999982 ], [ 46.01159861400015, 3.463409272000092 ], [ 46.011598602000163, 3.463409236000075 ], [ 46.011489868000069, 3.463083744000187 ], [ 46.011341172000186, 3.462638303000176 ], [ 46.010314941000104, 3.45928955100004 ], [ 46.009704590000126, 3.457519531000116 ], [ 46.008728027000075, 3.454528809000124 ], [ 46.007507324000017, 3.450683594 ], [ 46.00689381400008, 3.449314995 ], [ 46.006740570000034, 3.448855877000028 ], [ 46.006397078000191, 3.447825471000044 ], [ 46.005310059000067, 3.444091797000056 ], [ 46.003906250000171, 3.440307617000087 ], [ 46.002319336000141, 3.435485840000013 ], [ 46.001708984000061, 3.433715820000145 ], [ 46.00109863300014, 3.431884766000167 ], [ 45.999511719000111, 3.427124023000147 ], [ 45.999352533000035, 3.426693284000123 ], [ 45.997657097000115, 3.421607325000025 ], [ 45.997314453000172, 3.420471191 ], [ 45.996392515000082, 3.417813841000054 ], [ 45.996148066000046, 3.417080544000044 ], [ 45.995117187000119, 3.413879395000095 ], [ 45.99353027300009, 3.409118652000132 ], [ 45.993159238000032, 3.408114673000114 ], [ 45.991554408000127, 3.403300514000136 ], [ 45.990295410000044, 3.399475098000153 ], [ 45.98980758800019, 3.398060414000156 ], [ 45.989638629000126, 3.397553572000163 ], [ 45.988525391000053, 3.393920898000147 ], [ 45.987527859000124, 3.391221696000116 ], [ 45.987299996000161, 3.390538152000033 ], [ 45.986511230000076, 3.388122559000067 ], [ 45.985900879000155, 3.386291504000042 ], [ 45.965340228000059, 3.324659698000119 ], [ 45.963493548000031, 3.319119711000155 ], [ 45.960891723000145, 3.311313390000066 ], [ 45.960831782000071, 3.311133490000088 ], [ 45.959716797000112, 3.30749511700003 ], [ 45.940980277000051, 3.251516869000056 ], [ 45.933792998000172, 3.25101596200011 ], [ 45.900096393000183, 3.248511951000125 ], [ 45.800471100000095, 3.241101572000105 ], [ 45.800470617000144, 3.241101536000087 ], [ 45.643352740000125, 3.229383866000092 ], [ 45.514533804000109, 3.219776698000146 ], [ 45.435828500000127, 3.213891736000107 ], [ 45.418160259000103, 3.212570644000039 ], [ 45.358142046000069, 3.208042915000135 ], [ 45.352149668000038, 3.207629508000139 ], [ 45.312624579000101, 3.204657220000058 ], [ 45.297114022000073, 3.203506551000146 ], [ 45.297119141000053, 3.203491211000085 ], [ 45.296985662000111, 3.203480967000132 ], [ 45.271892536999985, 3.201555216000088 ], [ 45.27087402300009, 3.201477051000097 ], [ 45.269936996000126, 3.201555216000088 ], [ 45.266342893000171, 3.201855029000114 ], [ 45.246545191999985, 3.203506516000061 ], [ 45.180965388000175, 3.208977059000176 ], [ 45.150878906000173, 3.211486816000047 ], [ 45.095022955000104, 3.239521632000105 ], [ 45.071122400999968, 3.25145681500004 ], [ 45.070964580000179, 3.251535626000077 ], [ 45.071055026000181, 3.251155614000083 ], [ 45.082956400000114, 3.20147701500008 ], [ 45.093688965000183, 3.156677246000129 ], [ 45.094299316000161, 3.153686523000033 ], [ 45.095092772999976, 3.150878906000173 ], [ 45.095703125000057, 3.14788818400018 ], [ 45.096313477000081, 3.145080566000047 ], [ 45.097106934000124, 3.142089844000054 ], [ 45.107727051000154, 3.097717285000101 ], [ 45.114211451000017, 3.07053610100013 ], [ 45.121093750000057, 3.041687012000125 ], [ 45.153076172000056, 2.994873047000169 ], [ 45.154907227000137, 2.992309570000089 ], [ 45.156494141000167, 2.989929199000017 ], [ 45.157013940000127, 2.989129507000143 ], [ 45.158660941000051, 2.986733941000182 ], [ 45.159912109000174, 2.985107422000169 ], [ 45.161499023000033, 2.982727051000097 ], [ 45.163330078000115, 2.980285645000095 ], [ 45.164916992000144, 2.977722168000128 ], [ 45.166687012000011, 2.975280762000125 ], [ 45.16827392600004, 2.972900391000053 ], [ 45.169921875000057, 2.970520020000038 ], [ 45.171691895000151, 2.968078613000102 ], [ 45.172912598000153, 2.966125488000046 ], [ 45.174499512000182, 2.963928223000039 ], [ 45.17608642600004, 2.961486816000104 ], [ 45.17791748000019, 2.958923340000126 ], [ 45.179504395000151, 2.956481934000067 ], [ 45.181274414000143, 2.954101563000052 ], [ 45.182922363000159, 2.951477051000154 ], [ 45.183612709000101, 2.95044153300006 ], [ 45.184881210000128, 2.948596495000174 ], [ 45.186279297000112, 2.946716309000067 ], [ 45.187927246000129, 2.944274902000075 ], [ 45.189697266000167, 2.941711426000097 ], [ 45.191125299000134, 2.939514452000026 ], [ 45.191370518000099, 2.939157779000084 ], [ 45.193115234000174, 2.93688964800009 ], [ 45.194702148000033, 2.934326172000112 ], [ 45.196472168000128, 2.931884766000053 ], [ 45.198120117000144, 2.929504395000038 ], [ 45.199890137000068, 2.92687988300014 ], [ 45.201477051000097, 2.924499512000068 ], [ 45.203308105000076, 2.922119141000053 ], [ 45.273903019999977, 2.819277167000109 ], [ 45.273903045000111, 2.819277131000149 ], [ 45.307128906, 2.770874023000033 ], [ 45.325801054000067, 2.743672356000104 ], [ 45.333617623000123, 2.732285144000116 ], [ 45.331115723000096, 2.731689453000115 ], [ 45.340609217000065, 2.721958622000102 ], [ 45.340888274000122, 2.721679651000045 ], [ 45.340969086000086, 2.721598863999986 ], [ 45.340969080999969, 2.721598589000052 ], [ 45.340881384000113, 2.716881729000079 ], [ 45.340152881000165, 2.677698508000162 ], [ 45.339904785000044, 2.662719727000081 ], [ 45.339904785000044, 2.659729004000155 ], [ 45.339904785000044, 2.656677246000072 ], [ 45.339721680000082, 2.653686523000147 ], [ 45.339721680000082, 2.650878906000116 ], [ 45.337085993000073, 2.509807900999988 ], [ 45.337085992000141, 2.509807865000028 ], [ 45.33215713400017, 2.246816996000121 ], [ 45.332066207000025, 2.241131715000051 ], [ 45.331226093000168, 2.188602692000075 ], [ 45.331144560000041, 2.183504714000151 ], [ 45.331115723000096, 2.181701660000158 ], [ 45.342141183000138, 2.17606132700007 ], [ 45.342141366000078, 2.17606148800013 ], [ 45.345046765000063, 2.174608947000138 ], [ 45.390968323000152, 2.151650667000183 ], [ 45.460968201000185, 2.171648219000133 ], [ 45.46096961, 2.171648622000077 ], [ 45.460970960000111, 2.171649008000088 ], [ 45.507382648000146, 2.175867658000072 ], [ 45.533235409000042, 2.178298362000135 ], [ 45.587707519999981, 2.183288574000187 ], [ 45.606855506000159, 2.184909530000027 ], [ 45.606872559000067, 2.185119629000098 ], [ 45.607482910000044, 2.185729980000076 ], [ 45.609130859000061, 2.18688964800009 ], [ 45.610290527000075, 2.187072754000155 ], [ 45.611083984000061, 2.187316894999981 ], [ 45.611511230000076, 2.188110352000024 ], [ 45.612121582000157, 2.188476562000119 ], [ 45.613281250000171, 2.189697266000053 ], [ 45.614685059000067, 2.189880371000186 ], [ 45.61608886700003, 2.190124512000011 ], [ 45.616699219000054, 2.190490723000039 ], [ 45.618103027000075, 2.191284180000082 ], [ 45.619079590000126, 2.191894531 ], [ 45.62048339800009, 2.193115234000061 ], [ 45.623107909999987, 2.19470214800009 ], [ 45.624084473000096, 2.195678711000141 ], [ 45.625122070000032, 2.196105957000157 ], [ 45.625488281000059, 2.19671630900018 ], [ 45.626098633000083, 2.196899414000143 ], [ 45.626525879000098, 2.197082520000038 ], [ 45.627075195000089, 2.197326660000158 ], [ 45.627685547000112, 2.197692871000186 ], [ 45.628479004000155, 2.198303223000039 ], [ 45.629089355000133, 2.198486328000172 ], [ 45.629699707000157, 2.199096680000082 ], [ 45.63031005900001, 2.19952392600004 ], [ 45.630920410000158, 2.199890137000068 ], [ 45.631530762000068, 2.200317383000083 ], [ 45.632080078, 2.20007324200003 ], [ 45.632507324000187, 2.20007324200003 ], [ 45.632873535000044, 2.200317383000083 ], [ 45.633300781000059, 2.200683594000111 ], [ 45.633483887000068, 2.201110840000069 ], [ 45.633911133000083, 2.201293945000032 ], [ 45.634094238000046, 2.201477051000097 ], [ 45.634277344000111, 2.201721191000047 ], [ 45.634887695000089, 2.202697754000098 ], [ 45.635070801000097, 2.202697754000098 ], [ 45.635070801000097, 2.202880859000061 ], [ 45.635498047000112, 2.203125000000114 ], [ 45.635681152000075, 2.203125000000114 ], [ 45.636291504000155, 2.203491211000141 ], [ 45.636901855000076, 2.203674316000104 ], [ 45.637329102000194, 2.203918457000157 ], [ 45.638671875000171, 2.204284668000128 ], [ 45.639099121000186, 2.204284668000128 ], [ 45.639709473000039, 2.20452880900018 ], [ 45.640075684000067, 2.204711914000143 ], [ 45.640686035000044, 2.204711914000143 ], [ 45.641723633000083, 2.204895020000038 ], [ 45.642089844000111, 2.204895020000038 ], [ 45.643127441000047, 2.204284668000128 ], [ 45.643310547000112, 2.204101563 ], [ 45.643310547000112, 2.203308105000076 ], [ 45.643493652000075, 2.203125000000114 ], [ 45.64392089800009, 2.203308105000076 ], [ 45.644104004000155, 2.203491211000141 ], [ 45.644470215000126, 2.203674316000104 ], [ 45.644714355000076, 2.203918457000157 ], [ 45.644714355000076, 2.204101563 ], [ 45.645080566000104, 2.204284668000128 ], [ 45.645324707000157, 2.204711914000143 ], [ 45.645690918000184, 2.205078125000171 ], [ 45.646118164000143, 2.205322266 ], [ 45.646118164000143, 2.205505371000186 ], [ 45.645324707000157, 2.205322266 ], [ 45.645507813, 2.206115723000039 ], [ 45.645874023000147, 2.206726074000187 ], [ 45.646728516000053, 2.208129883000083 ], [ 45.647705078000172, 2.208923340000069 ], [ 45.648315430000082, 2.209289551000097 ], [ 45.648925781, 2.209899902000075 ], [ 45.649475098000096, 2.210327148000033 ], [ 45.650085449000073, 2.210693359000061 ], [ 45.650878906000059, 2.211120605000076 ], [ 45.651672363000102, 2.2117309570001 ], [ 45.653320313, 2.21228027300009 ], [ 45.653930664000143, 2.21228027300009 ], [ 45.654479980000133, 2.212097168000128 ], [ 45.655517578000172, 2.21228027300009 ], [ 45.656311035000044, 2.212707520000038 ], [ 45.657287598000096, 2.213073730000133 ], [ 45.658508301000097, 2.213500977000024 ], [ 45.660278320000089, 2.215087891000053 ], [ 45.660910681000075, 2.215348274 ], [ 45.662109375000171, 2.215515137000068 ], [ 45.662475585999971, 2.215270996000186 ], [ 45.663085938000052, 2.21569824200003 ], [ 45.663879395000038, 2.216125488000046 ], [ 45.665283203000058, 2.216674805000082 ], [ 45.666320801000097, 2.217285156000059 ], [ 45.668090820000089, 2.218078613000046 ], [ 45.668701172000112, 2.217895508000083 ], [ 45.669128418000128, 2.217285156000059 ], [ 45.669128418000128, 2.218505859000061 ], [ 45.669677734000118, 2.219116211000141 ], [ 45.670104980000133, 2.219299316000104 ], [ 45.670715332000157, 2.219909668000128 ], [ 45.671691895000038, 2.220275879000155 ], [ 45.672912598000096, 2.221496582000157 ], [ 45.673706055000082, 2.222717284999987 ], [ 45.674316406000059, 2.223327637000068 ], [ 45.674682617000087, 2.223327637000068 ], [ 45.675720215000126, 2.224487305000082 ], [ 45.676513672000112, 2.225524902000018 ], [ 45.67687988300014, 2.225891113000046 ], [ 45.67712402300009, 2.226074219000111 ], [ 45.677673340000183, 2.226684570000089 ], [ 45.678283691000104, 2.226928711000085 ], [ 45.678894043000184, 2.227294922000112 ], [ 45.679504395000038, 2.227294922000112 ], [ 45.680480957000043, 2.227478027000075 ], [ 45.681091309000067, 2.227722168000128 ], [ 45.681701660000044, 2.227722168000128 ], [ 45.68188476600011, 2.22790527300009 ], [ 45.682678223000096, 2.228088379000155 ], [ 45.683105469000111, 2.228088379000155 ], [ 45.683471680000139, 2.228515625000114 ], [ 45.684509277000075, 2.228698730000076 ], [ 45.684875488000102, 2.229309082000157 ], [ 45.686096191000104, 2.22991943400001 ], [ 45.687683105000133, 2.230895996000186 ], [ 45.689514160000044, 2.231689453 ], [ 45.691284180000139, 2.233093262000068 ], [ 45.693725586000141, 2.234680176000097 ], [ 45.696105956999986, 2.236511230000076 ], [ 45.697509766000053, 2.237487793000184 ], [ 45.698913574000073, 2.238281250000171 ], [ 45.699523926000097, 2.237915038999972 ], [ 45.701293945000089, 2.239074706999986 ], [ 45.702880859000118, 2.239685059000067 ], [ 45.704528809000067, 2.240722656 ], [ 45.705505371000015, 2.240478516000053 ], [ 45.705871582000043, 2.240905762000068 ], [ 45.706726074000073, 2.24108886700003 ], [ 45.707092285000044, 2.241882324000073 ], [ 45.707702637000125, 2.242675781000059 ], [ 45.708679199000073, 2.24328613300014 ], [ 45.711120605000133, 2.244689941000104 ], [ 45.712524414000029, 2.245727539000143 ], [ 45.713928223000096, 2.246520996000186 ], [ 45.716125488000046, 2.247924805000082 ], [ 45.720703125, 2.250915527000075 ], [ 45.724487305000139, 2.253479004000155 ], [ 45.726501465000183, 2.254699706999986 ], [ 45.727294922000169, 2.254516602000024 ], [ 45.728515625000171, 2.255126953000172 ], [ 45.729675293000014, 2.256896973000096 ], [ 45.730529785000044, 2.257324219000054 ], [ 45.730529785000044, 2.258300781000059 ], [ 45.731872559000124, 2.259277344000111 ], [ 45.732910156000059, 2.259704590000126 ], [ 45.733703613000102, 2.260314941000104 ], [ 45.734497070000089, 2.260681152000075 ], [ 45.735107422000169, 2.260498047000112 ], [ 45.737121582000043, 2.261291504000155 ], [ 45.738281250000057, 2.261474609000118 ], [ 45.739318848000096, 2.262084960999971 ], [ 45.739929199000073, 2.262084960999971 ], [ 45.741088867000087, 2.262695313000052 ], [ 45.742309570000089, 2.262084960999971 ], [ 45.742919922000169, 2.262878418000184 ], [ 45.743103027000132, 2.263122559000067 ], [ 45.744689941000161, 2.263488770000038 ], [ 45.745483398000147, 2.26452636700003 ], [ 45.746887207000043, 2.265686035000044 ], [ 45.748474121000072, 2.266906738000046 ], [ 45.752685547, 2.269104004000155 ], [ 45.753112793000184, 2.26892089800009 ], [ 45.753479004000042, 2.268493652000075 ], [ 45.753906250000057, 2.26892089800009 ], [ 45.753479004000042, 2.269287109000118 ], [ 45.758117676000154, 2.272094727000081 ], [ 45.759094238000102, 2.272888184000067 ], [ 45.759887695000145, 2.273315430000082 ], [ 45.76171875, 2.274475098000096 ], [ 45.762878418000071, 2.275085449000073 ], [ 45.763671875000057, 2.275695801000097 ], [ 45.764892578000058, 2.276306152000075 ], [ 45.76672363300014, 2.277526855000076 ], [ 45.768310547000169, 2.278503418000184 ], [ 45.769714355000133, 2.279724121000186 ], [ 45.770507813000108, 2.280517578 ], [ 45.771301270000095, 2.281311035000044 ], [ 45.771911621000072, 2.28210449200003 ], [ 45.773681641000167, 2.28430175800014 ], [ 45.774719238000102, 2.284912109000118 ], [ 45.775512695000145, 2.285278320000089 ], [ 45.776489258000026, 2.285888672000169 ], [ 45.776672363000159, 2.285888672000169 ], [ 45.777282715000183, 2.286499023000147 ], [ 45.778076172000056, 2.286926270000038 ], [ 45.778503418000014, 2.287109375000171 ], [ 45.779296875000057, 2.287475586000028 ], [ 45.779907227000081, 2.287475586000028 ], [ 45.780090332000043, 2.286926270000038 ], [ 45.780883789000086, 2.286682128999985 ], [ 45.781921387000125, 2.287719727000024 ], [ 45.78289794900013, 2.288330078 ], [ 45.783325195000089, 2.288879395000095 ], [ 45.784729003999985, 2.289306641000053 ], [ 45.785278320000145, 2.289672852000081 ], [ 45.785705566000161, 2.290527344000111 ], [ 45.786315918000014, 2.291320801000097 ], [ 45.787719727000081, 2.292297363000102 ], [ 45.788513184000124, 2.292907715000126 ], [ 45.789489746000072, 2.293884277000132 ], [ 45.790527344000168, 2.294677734000118 ], [ 45.791687012000182, 2.295288086000028 ], [ 45.792480469000168, 2.295715331999986 ], [ 45.792297363000159, 2.296325684000067 ], [ 45.792480469000168, 2.296691895000095 ], [ 45.793090820000145, 2.296875 ], [ 45.793518066000161, 2.297119141000053 ], [ 45.794494629000042, 2.297119141000053 ], [ 45.795288086000028, 2.296875 ], [ 45.796325684000124, 2.296508789000029 ], [ 45.797302246000072, 2.295898438000052 ], [ 45.798095703000115, 2.295471191000161 ], [ 45.807495117000144, 2.300903320000089 ], [ 45.808471680000025, 2.30212402300009 ], [ 45.810119629000042, 2.303527831999986 ], [ 45.811523438000108, 2.3046875 ], [ 45.81268310500019, 2.305297852000081 ], [ 45.813476562000062, 2.306091309000067 ], [ 45.814697266000167, 2.306701660000044 ], [ 45.815917969000168, 2.307678223000096 ], [ 45.816814508000164, 2.307919599 ], [ 45.817504883000026, 2.308105469000111 ], [ 45.818298340000013, 2.308105469000111 ], [ 45.819519043000071, 2.308288574000073 ], [ 45.821289062000062, 2.308715820000089 ], [ 45.822326660000101, 2.309509277000075 ], [ 45.823486328000115, 2.310119629000155 ], [ 45.824523926000154, 2.310302734000118 ], [ 45.826721191000161, 2.311706543000184 ], [ 45.827880859000174, 2.311889648000147 ], [ 45.827880859000174, 2.311096191000104 ], [ 45.829284668000071, 2.311279297000169 ], [ 45.829895020000151, 2.311279297000169 ], [ 45.830505371000072, 2.312072754000042 ], [ 45.831909179999968, 2.312316895000038 ], [ 45.832275391000167, 2.312072754000042 ], [ 45.833496094, 2.313110352000081 ], [ 45.834106445000145, 2.313293457000043 ], [ 45.83367919900013, 2.313476563000108 ], [ 45.832702637000182, 2.313476563000108 ], [ 45.832702637000182, 2.315307617000087 ], [ 45.833312988000159, 2.315917969000111 ], [ 45.83428955100004, 2.316894531000116 ], [ 45.835510254000042, 2.317687988000102 ], [ 45.835876465000069, 2.318115234000118 ], [ 45.836730957000043, 2.318298340000183 ], [ 45.837524414000086, 2.318908691000104 ], [ 45.838500977000137, 2.319702148000147 ], [ 45.839904785000101, 2.321105957000043 ], [ 45.840881347999982, 2.321899414000029 ], [ 45.843322754000042, 2.323486328000058 ], [ 45.845092773000033, 2.324523926000097 ], [ 45.846923828000115, 2.325500488000102 ], [ 45.84930419900013, 2.326477051000154 ], [ 45.851684570000032, 2.327514648000147 ], [ 45.853881836000085, 2.328308105000133 ], [ 45.854675293000128, 2.328491211000028 ], [ 45.856323242000144, 2.328674316000161 ], [ 45.857299805000025, 2.328674316000161 ], [ 45.857910156000173, 2.328918457000043 ], [ 45.85968017600004, 2.329528809000067 ], [ 45.860717773000033, 2.329711914000029 ], [ 45.861328125000057, 2.330505371000072 ], [ 45.863281250000114, 2.331115723000096 ], [ 45.8640747070001, 2.33227539100011 ], [ 45.864501953000115, 2.332519531000059 ], [ 45.86492919900013, 2.33312988300014 ], [ 45.865722656000116, 2.33312988300014 ], [ 45.866882324000187, 2.334716797000169 ], [ 45.869079590000069, 2.335693359000118 ], [ 45.870483398000033, 2.335693359000118 ], [ 45.871093750000114, 2.335510253999985 ], [ 45.8718872070001, 2.335693359000118 ], [ 45.873107910000158, 2.335876465000183 ], [ 45.874694824000187, 2.336914063000052 ], [ 45.876281737999989, 2.33807373000019 ], [ 45.878268301000162, 2.339699100000189 ], [ 45.878295898000033, 2.339721680000082 ], [ 45.878479004000098, 2.339904785000044 ], [ 45.879882812000062, 2.340881348000153 ], [ 45.880676269999981, 2.341491699000073 ], [ 45.880889893000187, 2.341583252000135 ], [ 45.881896973000039, 2.342285156000116 ], [ 45.882873535000158, 2.343078613000102 ], [ 45.884521484000174, 2.344116211000028 ], [ 45.886291504000098, 2.345275879000042 ], [ 45.88812255900018, 2.346130371000015 ], [ 45.889282227000194, 2.347106934000124 ], [ 45.89031982400013, 2.347717285000044 ], [ 45.891723633000026, 2.348327637000125 ], [ 45.892272949000187, 2.348327637000125 ], [ 45.892390065000086, 2.348327637000125 ], [ 45.892517090000069, 2.348327637000125 ], [ 45.892700195000032, 2.348327637000125 ], [ 45.893310547000056, 2.347717285000044 ], [ 45.893676758000083, 2.348510742000087 ], [ 45.894470215000069, 2.348876953000115 ], [ 45.8953247070001, 2.350097656000116 ], [ 45.895365748000188, 2.35014553700006 ], [ 45.895690918000128, 2.350524902000132 ], [ 45.897277832000157, 2.351501465000183 ], [ 45.897521972999982, 2.351501465000183 ], [ 45.897705078000115, 2.351684570000145 ], [ 45.899108887000011, 2.351928710999971 ], [ 45.900878906, 2.352111816000161 ], [ 45.901916504000098, 2.352905273000147 ], [ 45.902526855000019, 2.353271484000174 ], [ 45.904296875000114, 2.354675293000071 ], [ 45.905090332000157, 2.35571289100011 ], [ 45.907195119000107, 2.356902554000044 ], [ 45.907897949000187, 2.357299805000139 ], [ 45.910278320000032, 2.358703613000102 ], [ 45.911682129000098, 2.359497070000145 ], [ 45.912109375000114, 2.359680175999983 ], [ 45.913696289000143, 2.360900879000042 ], [ 45.914306641, 2.361511230000133 ], [ 45.915710449000187, 2.362487793000071 ], [ 45.917114258000083, 2.363891602000137 ], [ 45.918273926000097, 2.364685059000124 ], [ 45.9207153320001, 2.366516113000102 ], [ 45.922302246000129, 2.367492675999983 ], [ 45.923889160000158, 2.368713378999985 ], [ 45.925292969000054, 2.369873047000056 ], [ 45.926696777000018, 2.371093750000057 ], [ 45.928100586000085, 2.371887207000043 ], [ 45.929504394999981, 2.372680664000086 ], [ 45.930480957000157, 2.372924805000139 ], [ 45.931274413999972, 2.373718262000125 ], [ 45.933105469000054, 2.374511719000168 ], [ 45.934692383000083, 2.375488281000116 ], [ 45.935717310000086, 2.376272049000136 ], [ 45.935729980000076, 2.376281738000159 ], [ 45.935913086000085, 2.376525878999985 ], [ 45.937316895000151, 2.377502441000161 ], [ 45.937927246000129, 2.378723145000095 ], [ 45.938476563, 2.379882812 ], [ 45.939880371000186, 2.380493164000086 ], [ 45.941284180000082, 2.381286621000072 ], [ 45.941894531, 2.381530762000125 ], [ 45.945312500000114, 2.38391113299997 ], [ 45.948730469000054, 2.38690185500019 ], [ 45.950317383000083, 2.388305664000086 ], [ 45.951477051000097, 2.389526367000087 ], [ 45.952697754000098, 2.390319824000073 ], [ 45.953329647000089, 2.390714758000115 ], [ 45.953491211000141, 2.390930176000154 ], [ 45.953674316000104, 2.390930176000154 ], [ 45.954284668000128, 2.391479492000144 ], [ 45.955871582000157, 2.39227294900013 ], [ 45.957519531000173, 2.393310547 ], [ 45.958679199000017, 2.393920898000147 ], [ 45.961120605000076, 2.395874023000033 ], [ 45.963073730000133, 2.397705078000115 ], [ 45.965087891000053, 2.399291992000144 ], [ 45.965881348000096, 2.40008544900013 ], [ 45.966125488000046, 2.400329590000183 ], [ 45.966125488000046, 2.400512695000145 ], [ 45.966186523000033, 2.400512695000145 ], [ 45.966308594000054, 2.400878906000173 ], [ 45.967102051000097, 2.401489258000026 ], [ 45.967712402000075, 2.402099609000174 ], [ 45.968322754000098, 2.40252685500019 ], [ 45.969726563000165, 2.403686523000033 ], [ 45.971130371000129, 2.404479980000019 ], [ 45.97210693400001, 2.404907227000137 ], [ 45.974487305000082, 2.406311035000101 ], [ 45.975280762000068, 2.406921387000125 ], [ 45.975524902000018, 2.407104492000087 ], [ 45.975708008000083, 2.407104492000087 ], [ 45.97573021900007, 2.407104492000087 ], [ 45.975891113000046, 2.407104492000087 ], [ 45.976318359000061, 2.407470703000115 ], [ 45.976886287000127, 2.40790757100001 ], [ 45.977111816000047, 2.408081055000025 ], [ 45.977478027000075, 2.408691406000116 ], [ 45.97790527300009, 2.409301758000026 ], [ 45.978881836000141, 2.410705566000161 ], [ 45.979309082000157, 2.411315918000071 ], [ 45.980929267000192, 2.412274805000095 ], [ 45.982299805000082, 2.413085938000108 ], [ 45.983703613000046, 2.413696289000086 ], [ 45.985107422000112, 2.414123535000101 ], [ 45.986328125000114, 2.41571044900013 ], [ 45.987304688, 2.416687012000182 ], [ 45.988281250000171, 2.417480469 ], [ 45.989685059000067, 2.418090819999975 ], [ 45.990295410000044, 2.417724609000174 ], [ 45.990478516000053, 2.416870117000144 ], [ 45.990905762000068, 2.416687012000182 ], [ 45.990905762000068, 2.416503906000116 ], [ 45.991271973000096, 2.416076660000158 ], [ 45.992492676000097, 2.416870117000144 ], [ 45.994689941000104, 2.418518066000161 ], [ 45.996704102000024, 2.419677734 ], [ 45.997680664000029, 2.42010498000019 ], [ 45.998718262000068, 2.420715332000043 ], [ 46.000305176000097, 2.421325684000124 ], [ 46.001892090000126, 2.422729492000087 ], [ 46.003479004000155, 2.423706054999968 ], [ 46.004516602000194, 2.424682617000144 ], [ 46.004882813000052, 2.424682617000144 ], [ 46.005920409999987, 2.426513672000056 ], [ 46.008117676000097, 2.427673340000069 ], [ 46.009887695000089, 2.429321289000086 ], [ 46.013122559000067, 2.431701660000101 ], [ 46.013671875, 2.43328857400013 ], [ 46.015930176000097, 2.43572998000019 ], [ 46.017883301000154, 2.436523438000108 ], [ 46.019287109000118, 2.4375 ], [ 46.020874023000147, 2.438476562000062 ], [ 46.021484375000171, 2.439270020000151 ], [ 46.022277832000043, 2.439880371000129 ], [ 46.02429199200003, 2.44171142600004 ], [ 46.024475098000096, 2.443908691 ], [ 46.024902344000111, 2.444274902000188 ], [ 46.025329590000126, 2.445129395000095 ], [ 46.025878906000059, 2.4461059570001 ], [ 46.027282715000126, 2.447082520000151 ], [ 46.028686523000147, 2.447692871000129 ], [ 46.028930663999972, 2.448120117000144 ], [ 46.028930663999972, 2.448486328000115 ], [ 46.031677246000072, 2.452514648000033 ], [ 46.033691406000059, 2.454711914000086 ], [ 46.035522461000141, 2.456909180000025 ], [ 46.036499023000147, 2.457885742000144 ], [ 46.037109375000171, 2.458312988000159 ], [ 46.037719727000024, 2.458679199000187 ], [ 46.038696289000029, 2.460083008000083 ], [ 46.039489746000015, 2.460876465000069 ], [ 46.03991699200003, 2.461914063000108 ], [ 46.042297363000102, 2.463928223000153 ], [ 46.043518066000104, 2.465881348000039 ], [ 46.043635673000153, 2.466050408000172 ], [ 46.04366934300009, 2.466083050000179 ], [ 46.043701172000169, 2.466125488000159 ], [ 46.04408654000008, 2.466487500000085 ], [ 46.047614677000013, 2.469907848000105 ], [ 46.050880354000128, 2.473073653000142 ], [ 46.050903320000089, 2.473083496000129 ], [ 46.064086914000029, 2.485900879000098 ], [ 46.076721191000104, 2.496276855000076 ], [ 46.079284668000014, 2.498107910000158 ], [ 46.090881348000153, 2.506286621000129 ], [ 46.091900165000141, 2.506981483000118 ], [ 46.093872070000145, 2.508483887000068 ], [ 46.096313477000081, 2.510070801000097 ], [ 46.097280450000085, 2.51065098600003 ], [ 46.101717823000115, 2.513677397000095 ], [ 46.103515625, 2.51507568400001 ], [ 46.10571289100011, 2.517272949000017 ], [ 46.108276367000087, 2.5203247070001 ], [ 46.108886719000168, 2.521301269999981 ], [ 46.109924316000104, 2.523071288999972 ], [ 46.11352539100011, 2.526672363000046 ], [ 46.114434632000098, 2.527485895000041 ], [ 46.117675781000116, 2.531311035000158 ], [ 46.117755658000078, 2.531510728000057 ], [ 46.117769257000077, 2.531564247000176 ], [ 46.117780413000105, 2.531572614000027 ], [ 46.117919922000169, 2.531921387000011 ], [ 46.118812657000035, 2.535553896000124 ], [ 46.118785495000111, 2.535564082000064 ], [ 46.117919922000169, 2.535888672000112 ], [ 46.117919922000169, 2.536926270000151 ], [ 46.118103027000132, 2.538085937000119 ], [ 46.118713378999985, 2.540527344000054 ], [ 46.119323730000133, 2.541503906 ], [ 46.120483397999976, 2.54431152300009 ], [ 46.12127685500019, 2.545471191000104 ], [ 46.121887207000043, 2.546508789000143 ], [ 46.122497559000124, 2.547119141 ], [ 46.122924805000139, 2.547485352000024 ], [ 46.124084473000153, 2.549072266000053 ], [ 46.125122070000089, 2.550476074000017 ], [ 46.125671387000182, 2.551086426000097 ], [ 46.126281738000159, 2.551879883000083 ], [ 46.127319336000028, 2.553283691000104 ], [ 46.127929688000052, 2.55407714800009 ], [ 46.128723145000095, 2.554870605000133 ], [ 46.128906250000057, 2.555297852000024 ], [ 46.129176553000093, 2.555494571000054 ], [ 46.129882812, 2.55407714800009 ], [ 46.129882812, 2.553894043000128 ], [ 46.141296387000182, 2.566711426000097 ], [ 46.156127930000139, 2.580505371000186 ], [ 46.159900163000032, 2.582401794000134 ], [ 46.167297364000035, 2.586122989000103 ], [ 46.167765723000173, 2.587471880000066 ], [ 46.169043708000117, 2.591152524000165 ], [ 46.170421600000111, 2.595120907000137 ], [ 46.170715605000169, 2.595410510000022 ], [ 46.171081543000071, 2.595886230000133 ], [ 46.172599348000176, 2.597266053000169 ], [ 46.17296981800007, 2.597630977000165 ], [ 46.17654800400004, 2.601152897000077 ], [ 46.181612254000186, 2.608172279000144 ], [ 46.19124221800007, 2.6215200420001 ], [ 46.216388702000074, 2.650255918000084 ], [ 46.228187561000141, 2.661857128000179 ], [ 46.228226097000118, 2.661881588000085 ], [ 46.228271484000061, 2.661926270000038 ], [ 46.249084473000039, 2.675292969000168 ], [ 46.259094238000046, 2.684326172000169 ], [ 46.261718750000114, 2.685913086000028 ], [ 46.282897949000187, 2.699707031000116 ], [ 46.295258549999971, 2.711884963000159 ], [ 46.296223173000158, 2.713464900000076 ], [ 46.296838902, 2.71447339100007 ], [ 46.297485352000194, 2.715698242000087 ], [ 46.299086224000177, 2.724915386000134 ], [ 46.301318070999969, 2.738156798999967 ], [ 46.301433564000035, 2.738842010000099 ], [ 46.302297488000136, 2.739725446000023 ], [ 46.308628166000062, 2.746199105000187 ], [ 46.310302734000061, 2.747924805000139 ], [ 46.31970214800009, 2.753112793000071 ], [ 46.326904297000112, 2.7546997070001 ], [ 46.330466181000133, 2.758089242000153 ], [ 46.330558776000089, 2.758177995000096 ], [ 46.330688477000024, 2.758888859000137 ], [ 46.330688477000024, 2.759094238000159 ], [ 46.331115636000106, 2.761230033 ], [ 46.332055655000033, 2.766382093000175 ], [ 46.33274459800009, 2.770158053000102 ], [ 46.33645248400012, 2.77673602100009 ], [ 46.33857843100003, 2.780506990000106 ], [ 46.338684081999986, 2.780700684000124 ], [ 46.338928223000039, 2.780883789000086 ], [ 46.345275879000155, 2.786682129000098 ], [ 46.362384875000032, 2.797949752000022 ], [ 46.380462647000058, 2.809890031000066 ], [ 46.404754369000045, 2.828124478000063 ], [ 46.405440936000105, 2.828707574000134 ], [ 46.431770325000173, 2.857837915000175 ], [ 46.446517945000039, 2.87415409100015 ], [ 46.46060562200006, 2.886461019000023 ], [ 46.496551514000089, 2.912289143000066 ], [ 46.51550528700011, 2.923756618000084 ], [ 46.516605648000109, 2.924427569999978 ], [ 46.51907632800004, 2.926750895000112 ], [ 46.529479980000019, 2.936706543000128 ], [ 46.536238707000166, 2.942892496000127 ], [ 46.536575317000143, 2.943209171000092 ], [ 46.536621983000089, 2.943243291000101 ], [ 46.536682129000098, 2.943298340000126 ], [ 46.575683594000054, 2.971923828 ], [ 46.604675293000128, 3.001708984000118 ], [ 46.619060848000174, 3.014575568000112 ], [ 46.620309112000029, 3.015793825000117 ], [ 46.620310508000159, 3.015795187000037 ], [ 46.722865224000088, 3.120051409999974 ], [ 46.743103027000075, 3.143127441000161 ], [ 46.751708984000118, 3.149475098000039 ], [ 46.755422948000103, 3.15324896400017 ], [ 46.838417557000128, 3.241686194000124 ] ] ] } },
{ "type": "Feature", "properties": { "adm1_name": "Mudug", "adm1_name1": null, "adm1_name2": null, "adm1_name3": null, "adm1_pcode": "SO18", "adm0_name": "Somalia", "adm0_name1": null, "adm0_name2": null, "adm0_name3": null, "adm0_pcode": "SO", "valid_on": "2025-01-08", "valid_to": null, "area_sqkm": 58716.08575844, "version": "v03", "lang": "en", "lang1": null, "lang2": null, "lang3": null, "center_lat": 6.02700509, "center_lon": 48.22829216 }, "geometry": { "type": "Polygon", "coordinates": [ [ [ 49.501056671000015, 7.571147919000168 ], [ 49.441051483000081, 7.581146716000092 ], [ 49.345146486000147, 7.627185817999987 ], [ 49.345146368000144, 7.627185875000123 ], [ 49.345146332000127, 7.627185892 ], [ 49.34514625700001, 7.627185928000188 ], [ 49.26788330100004, 7.664306641000167 ], [ 49.191101074000073, 7.701110840000069 ], [ 49.191100217000098, 7.701110894000067 ], [ 49.191047668000124, 7.701136112000029 ], [ 49.051528674000053, 7.70989895800011 ], [ 49.034967709000171, 7.710890678000112 ], [ 49.03496764900018, 7.710890682000127 ], [ 49.034967613000163, 7.710890684000105 ], [ 49.031127930000025, 7.711120605000019 ], [ 48.994345600000031, 7.690316526000061 ], [ 48.937078112000165, 7.65792604700016 ], [ 48.936871497000027, 7.657809186000179 ], [ 48.86266351300003, 7.615837165000073 ], [ 48.531486639000036, 7.42840021700016 ], [ 48.531456030000072, 7.428382893000105 ], [ 48.531455994000055, 7.428382873000146 ], [ 48.501305414000115, 7.41131588200011 ], [ 48.501037599000085, 7.411164283000119 ], [ 48.500093995000157, 7.41131588200011 ], [ 48.474601696000093, 7.415411462000066 ], [ 48.30484873600011, 7.442683887000157 ], [ 48.2868616720001, 7.445573680000109 ], [ 48.169205899000076, 7.46438753700005 ], [ 48.169205674000182, 7.464387573000067 ], [ 48.100885782000091, 7.475422117000164 ], [ 47.560173798000164, 7.56300949000007 ], [ 47.542359173000079, 7.548181487000079 ], [ 47.35930475300006, 7.361427712000079 ], [ 47.147014435000017, 7.144545966000123 ], [ 47.119170643000189, 7.116077591000021 ], [ 47.100223665000101, 7.096702376000167 ], [ 47.068648887999984, 7.064408598000114 ], [ 47.030764937000129, 7.02565318600017 ], [ 46.895030020000092, 6.886717846000124 ], [ 46.545132065000075, 6.528020972999968 ], [ 46.538274085000182, 6.520982803000095 ], [ 46.540645379000068, 6.518631253000081 ], [ 46.541549438000175, 6.517734722000057 ], [ 46.684201438000059, 6.486027670000112 ], [ 46.684322881000071, 6.486000677000106 ], [ 46.684338567000168, 6.485997183000165 ], [ 46.737341532000073, 6.474191596000082 ], [ 46.73734156800009, 6.474191588000053 ], [ 46.997456872000157, 6.416105115 ], [ 47.07737804400017, 6.398257880000074 ], [ 47.295905662000052, 6.349458372000072 ], [ 47.295815159000085, 6.349617076000072 ], [ 47.296524243000135, 6.349458372000072 ], [ 47.316218884000136, 6.345050407000144 ], [ 47.358040359000029, 6.335690115000148 ], [ 47.358392153000011, 6.335611378000124 ], [ 47.471058827000149, 6.310394836 ], [ 47.518773586000066, 6.299701385000105 ], [ 47.533441092000032, 6.296414221000077 ], [ 47.601013220000084, 6.281324657000027 ], [ 47.601027096000166, 6.281321558 ], [ 47.601013220000084, 6.281270635000169 ], [ 47.601013184000067, 6.281270503000144 ], [ 47.565935492000108, 6.206913598000142 ], [ 47.518773622000026, 6.10694092500006 ], [ 47.518773586000066, 6.106940849000068 ], [ 47.382502409000097, 5.818223380000177 ], [ 47.351749384000072, 5.753067008000187 ], [ 47.351684570000089, 5.752929687000119 ], [ 47.351708196000061, 5.752893761000166 ], [ 47.351749384000072, 5.75283112700015 ], [ 47.388617245000091, 5.696766356000182 ], [ 47.39148823000005, 5.692400463000183 ], [ 47.471012115000178, 5.571335793000117 ], [ 47.526893708999978, 5.419699827000102 ], [ 47.580815991000065, 5.273354491000134 ], [ 47.580893284000126, 5.273354169000129 ], [ 47.581459049000159, 5.271814130000166 ], [ 47.59497856500019, 5.235013392999974 ], [ 47.60802459700011, 5.19950151300003 ], [ 47.607135625000126, 5.166752589000168 ], [ 47.603321902000118, 5.141904866000118 ], [ 47.501708984000118, 4.495483398000033 ], [ 47.501687275000052, 4.495342291000156 ], [ 47.501682420000066, 4.495310730000142 ], [ 47.60546796400007, 4.441878966000161 ], [ 47.83482460700003, 4.332891012000118 ], [ 47.860107422000169, 4.362670898000147 ], [ 47.874328613000102, 4.377319336000141 ], [ 47.904907227000137, 4.403930664000029 ], [ 47.906677246000129, 4.405883789000029 ], [ 47.929079366000053, 4.428410828000096 ], [ 47.939418792000026, 4.43888902700013 ], [ 47.955687527000066, 4.459435472000109 ], [ 47.968505859, 4.475708008000026 ], [ 47.968872070000032, 4.476318359000118 ], [ 47.985290527000018, 4.504089355000019 ], [ 47.992126465000069, 4.515686035000158 ], [ 47.993103027000188, 4.516906738000159 ], [ 47.997951144000126, 4.523537840000074 ], [ 48.011099566000041, 4.544936771000039 ], [ 48.019104004000098, 4.56390380900018 ], [ 48.038696289000143, 4.598693848000039 ], [ 48.048095703000172, 4.613281250000171 ], [ 48.057678223000096, 4.62829589800009 ], [ 48.058471680000082, 4.629516602000024 ], [ 48.086303711000141, 4.667480469000111 ], [ 48.086390326000128, 4.667480469000111 ], [ 48.087587376000045, 4.669725113000027 ], [ 48.097290039000029, 4.689514160000044 ], [ 48.103153372000122, 4.698913626000035 ], [ 48.111868607000133, 4.71525596400005 ], [ 48.114074707000043, 4.720703125000171 ], [ 48.117492676000154, 4.728271484000118 ], [ 48.131313306000038, 4.751717612000107 ], [ 48.167827738000028, 4.820187501000078 ], [ 48.169123237000179, 4.824035672999969 ], [ 48.171508789000029, 4.831298828000115 ], [ 48.17181903200003, 4.831776124000157 ], [ 48.197360993000132, 4.883577824000099 ], [ 48.257369996000136, 4.974343776000183 ], [ 48.264404257000137, 4.984407551 ], [ 48.275329590000183, 5.000122070000032 ], [ 48.278503418000071, 5.004699707000157 ], [ 48.296584501000154, 5.03017075200006 ], [ 48.336476915000048, 5.082156640000164 ], [ 48.359108758000048, 5.111649378000038 ], [ 48.36267089800009, 5.117919922000169 ], [ 48.363281250000171, 5.11828613299997 ], [ 48.366149889999974, 5.120825044000185 ], [ 48.39235371400008, 5.154972616000123 ], [ 48.430114746000186, 5.206298828000115 ], [ 48.432678223000096, 5.209899902000188 ], [ 48.432922363000046, 5.210083008000026 ], [ 48.461416542000165, 5.244971994000025 ], [ 48.536845821000099, 5.343267827000091 ], [ 48.536315918000184, 5.345275879000155 ], [ 48.53729248000019, 5.349670410000044 ], [ 48.541320801000154, 5.355285645000038 ], [ 48.542724609000118, 5.356872559000067 ], [ 48.568341841000176, 5.384311937000064 ], [ 48.630436736000036, 5.465231038000127 ], [ 48.685401103000117, 5.554034598000044 ], [ 48.687316895000151, 5.557922363000159 ], [ 48.720886230000076, 5.615295410000158 ], [ 48.726074219000111, 5.623901366999974 ], [ 48.785705566000104, 5.717102051000097 ], [ 48.788879395000038, 5.721679687000119 ], [ 48.79181066600006, 5.725955947000102 ], [ 48.792631007000125, 5.727281338000068 ], [ 48.851651723000145, 5.819974136000098 ], [ 48.856506348000096, 5.828491211000028 ], [ 48.85852050800014, 5.831909180000139 ], [ 48.87479449500006, 5.85632016 ], [ 48.874849018000077, 5.856405789000064 ], [ 48.88894134300017, 5.880112796000049 ], [ 48.895080566000161, 5.891113281000116 ], [ 48.897191791000125, 5.893992224000044 ], [ 48.914940803000036, 5.923850741000081 ], [ 48.921691895000095, 5.936706543000071 ], [ 48.923095703000115, 5.939514160000101 ], [ 48.939880371000129, 5.966674805000025 ], [ 48.947692871000129, 5.984924316000047 ], [ 48.965456517000121, 6.008832238000025 ], [ 48.985622406, 6.045177936000073 ], [ 48.986673784000175, 6.047075410000048 ], [ 48.9871215820001, 6.047912598000039 ], [ 48.989349279000123, 6.052665214000172 ], [ 49.033191681000119, 6.146420002000127 ], [ 49.034184649000053, 6.148562175 ], [ 49.038879395000038, 6.159912109000118 ], [ 49.04827880900001, 6.18188476600011 ], [ 49.054109753000034, 6.191547473000185 ], [ 49.054553985000041, 6.192505835000077 ], [ 49.061801911000032, 6.213002205000066 ], [ 49.068792428000108, 6.235166759000037 ], [ 49.082275391000053, 6.278320313000108 ], [ 49.083679199000017, 6.282470703000172 ], [ 49.08435762400012, 6.290405318000012 ], [ 49.085029603000066, 6.298864841000182 ], [ 49.08371498200006, 6.303027753000038 ], [ 49.080825805000188, 6.312176704000024 ], [ 49.079162598000153, 6.32274293800009 ], [ 49.080627441000161, 6.350564957000074 ], [ 49.085247040000183, 6.391273974000114 ], [ 49.085707354000078, 6.393248368 ], [ 49.087959289000139, 6.402906895000058 ], [ 49.089969635000045, 6.411525727000026 ], [ 49.104160953000076, 6.457681847000174 ], [ 49.113258361000135, 6.487260819000085 ], [ 49.115083145000142, 6.491429508000124 ], [ 49.128479004000155, 6.522094727000081 ], [ 49.132864798000128, 6.530138171000033 ], [ 49.144195556000057, 6.551075935000142 ], [ 49.145560586000045, 6.560393201000068 ], [ 49.146419525000169, 6.566256046000149 ], [ 49.152402279000114, 6.576464981000072 ], [ 49.153686523000147, 6.578674316000047 ], [ 49.157481222000115, 6.58681849300018 ], [ 49.164099939000039, 6.601075665000167 ], [ 49.17349624600007, 6.621315955999989 ], [ 49.179637909000121, 6.637142181000058 ], [ 49.199146271000075, 6.687395096000159 ], [ 49.206646690000071, 6.702579134000075 ], [ 49.207092285000101, 6.703491211000141 ], [ 49.207472409000104, 6.708710600000074 ], [ 49.208614349000072, 6.725128174000076 ], [ 49.211101532000043, 6.733643055000186 ], [ 49.211104122000108, 6.733646746000034 ], [ 49.211120605000133, 6.733703613000046 ], [ 49.218425078000109, 6.74407855000004 ], [ 49.224864960000048, 6.753254890999983 ], [ 49.225878868000109, 6.754699143000096 ], [ 49.230793489, 6.763116992 ], [ 49.236370973000191, 6.77367445800013 ], [ 49.245483397999976, 6.791076660000044 ], [ 49.24842261100008, 6.795186114999979 ], [ 49.251930237000067, 6.800244808000116 ], [ 49.252370026000108, 6.800587800000073 ], [ 49.252502441000161, 6.800720215000126 ], [ 49.256990451000036, 6.804250782000111 ], [ 49.257080078000115, 6.804574666000121 ], [ 49.257080078000115, 6.8046875 ], [ 49.258352556000034, 6.809172986000078 ], [ 49.258956317000184, 6.811354778000123 ], [ 49.258985860000053, 6.811405380000053 ], [ 49.259521484000118, 6.813293457000043 ], [ 49.270743430000152, 6.831395057000123 ], [ 49.285690307000039, 6.855549812 ], [ 49.288681030000134, 6.861343860000147 ], [ 49.292787336000117, 6.86930114200004 ], [ 49.302093506000062, 6.887334823000117 ], [ 49.307346345000099, 6.894253254000091 ], [ 49.311078990999988, 6.904403615000035 ], [ 49.312316895000095, 6.90789794900013 ], [ 49.3132934570001, 6.908874512000182 ], [ 49.31929587500008, 6.914705432000176 ], [ 49.320037458000058, 6.915975628000126 ], [ 49.323747695000179, 6.925787159000038 ], [ 49.324890137000182, 6.928894043000071 ], [ 49.329757057, 6.934513337000112 ], [ 49.333260240000072, 6.938623841000094 ], [ 49.337467194000169, 6.943560124000044 ], [ 49.353557587000182, 6.968392849000054 ], [ 49.361206054000036, 6.980198859999973 ], [ 49.371498100000167, 7.002228970000033 ], [ 49.374877930000025, 7.009521484 ], [ 49.38144840700005, 7.021121653000137 ], [ 49.397445678000167, 7.049516201000131 ], [ 49.398213596000119, 7.05036404100008 ], [ 49.398498535000158, 7.050720215000069 ], [ 49.420288086000141, 7.074890137000068 ], [ 49.426330566000047, 7.081481934000067 ], [ 49.475280762000125, 7.159912109000118 ], [ 49.489984267000125, 7.17904438100004 ], [ 49.50282967600009, 7.196321512 ], [ 49.519049646000099, 7.21813744100001 ], [ 49.529479980000133, 7.234680175999983 ], [ 49.541682847000061, 7.248579193000069 ], [ 49.565788269000052, 7.281001091000064 ], [ 49.56976511300013, 7.286488284000086 ], [ 49.575073242000087, 7.293884277000188 ], [ 49.603881836000028, 7.330078125000114 ], [ 49.639892578000115, 7.383300781 ], [ 49.65069580100004, 7.39929199200003 ], [ 49.501056671000015, 7.571147919000168 ] ] ] } },
{ "type": "Feature", "properties": { "adm1_name": "Nugaal", "adm1_name1": null, "adm1_name2": null, "adm1_name3": null, "adm1_pcode": "SO17", "adm0_name": "Somalia", "adm0_name1": null, "adm0_name2": null, "adm0_name3": null, "adm0_pcode": "SO", "valid_on": "2025-01-08", "valid_to": null, "area_sqkm": 27568.153207899999, "version": "v03", "lang": "en", "lang1": null, "lang2": null, "lang3": null, "center_lat": 8.26973832, "center_lon": 49.11180429 }, "geometry": { "type": "Polygon", "coordinates": [ [ [ 49.111053467000147, 8.901026726000055 ], [ 49.086649705000127, 9.096232370000109 ], [ 49.086147511000149, 9.100249417000043 ], [ 49.081115300000079, 9.140502496000181 ], [ 49.081111944000156, 9.140529345 ], [ 49.081111907999968, 9.140529632000153 ], [ 49.0703957180001, 9.129526272000078 ], [ 49.043616229000065, 9.102029152000114 ], [ 48.824892976000115, 8.877444598000011 ], [ 48.794139911000116, 8.845871094000131 ], [ 48.76396866000016, 8.814894926000079 ], [ 48.731131911000034, 8.781127894 ], [ 48.731044769000107, 8.781038283000157 ], [ 48.561042786000087, 8.781039238000119 ], [ 48.561012485000163, 8.781007215000045 ], [ 48.561012451000181, 8.781007179000085 ], [ 48.545431366000173, 8.764540762000024 ], [ 48.53761945500014, 8.75626888700009 ], [ 48.399943560000111, 8.610486656000091 ], [ 48.367362755000102, 8.576168692000124 ], [ 48.33653422000009, 8.543696425 ], [ 48.080764428, 8.272620160000145 ], [ 48.061493162000147, 8.252195611000161 ], [ 48.051029205000077, 8.241089821000173 ], [ 48.131031036000138, 8.211092949000147 ], [ 47.954594202000123, 8.034680187 ], [ 47.920615846000032, 8.0007064670001 ], [ 47.934082031000173, 8.000122070000145 ], [ 47.986083984000061, 8.000122070000145 ], [ 47.986328125000114, 8.000122070000145 ], [ 47.941961592000098, 7.954614684000035 ], [ 47.560173798000164, 7.56300949000007 ], [ 48.100885782000091, 7.475422117000164 ], [ 48.169205674000182, 7.464387573000067 ], [ 48.169205899000076, 7.46438753700005 ], [ 48.2868616720001, 7.445573680000109 ], [ 48.30484873600011, 7.442683887000157 ], [ 48.474601696000093, 7.415411462000066 ], [ 48.500093995000157, 7.41131588200011 ], [ 48.501037599000085, 7.411164283000119 ], [ 48.501305414000115, 7.41131588200011 ], [ 48.531455994000055, 7.428382873000146 ], [ 48.531456030000072, 7.428382893000105 ], [ 48.531486639000036, 7.42840021700016 ], [ 48.86266351300003, 7.615837165000073 ], [ 48.936871497000027, 7.657809186000179 ], [ 48.937078112000165, 7.65792604700016 ], [ 48.994345600000031, 7.690316526000061 ], [ 49.031127930000025, 7.711120605000019 ], [ 49.034967613000163, 7.710890684000105 ], [ 49.03496764900018, 7.710890682000127 ], [ 49.034967709000171, 7.710890678000112 ], [ 49.051528674000053, 7.70989895800011 ], [ 49.191047668000124, 7.701136112000029 ], [ 49.191100217000098, 7.701110894000067 ], [ 49.191101074000073, 7.701110840000069 ], [ 49.26788330100004, 7.664306641000167 ], [ 49.34514625700001, 7.627185928000188 ], [ 49.345146332000127, 7.627185892 ], [ 49.345146368000144, 7.627185875000123 ], [ 49.345146486000147, 7.627185817999987 ], [ 49.441051483000081, 7.581146716000092 ], [ 49.501056671000015, 7.571147919000168 ], [ 49.65069580100004, 7.39929199200003 ], [ 49.678894043000071, 7.441101074000017 ], [ 49.686156602000153, 7.454050354000117 ], [ 49.698265075000052, 7.475732804000017 ], [ 49.705390930000135, 7.491103172000066 ], [ 49.708792448000054, 7.498439136000115 ], [ 49.709899902000188, 7.500915527000075 ], [ 49.742126465000069, 7.559875488000159 ], [ 49.748354254000105, 7.572702548000052 ], [ 49.759422302000189, 7.595613956000022 ], [ 49.762207031000116, 7.603793145000111 ], [ 49.766013005000048, 7.614984711000091 ], [ 49.766704239000035, 7.617068013000164 ], [ 49.768905640000014, 7.638815880000038 ], [ 49.768914036000183, 7.638847966000185 ], [ 49.768920898000033, 7.638916016000167 ], [ 49.769210232000034, 7.639979874000062 ], [ 49.772754669000108, 7.653524875000187 ], [ 49.779501145000154, 7.668368918000112 ], [ 49.780273437000119, 7.670104980000019 ], [ 49.786682129000155, 7.679077148000033 ], [ 49.786791681000125, 7.679161419000025 ], [ 49.787412909000011, 7.679729361000113 ], [ 49.796775818000128, 7.688289165000128 ], [ 49.796875000000171, 7.688473705000092 ], [ 49.796875000000171, 7.688720703000115 ], [ 49.802673340000126, 7.699279785000158 ], [ 49.802700864000087, 7.699313426 ], [ 49.802711487000181, 7.699333191000164 ], [ 49.815181731999985, 7.714735031000146 ], [ 49.823780060000161, 7.725358009000161 ], [ 49.830992933, 7.738299583000128 ], [ 49.831087757000034, 7.738473962000114 ], [ 49.825531006000119, 7.747172832000047 ], [ 49.836273193000125, 7.76512193700006 ], [ 49.834880828000109, 7.768101216000105 ], [ 49.831188202000135, 7.769691944000101 ], [ 49.830028534000064, 7.772442817000069 ], [ 49.831615448000093, 7.777957916000105 ], [ 49.831721490000177, 7.778060721000031 ], [ 49.831726074000187, 7.778076172000112 ], [ 49.831842580000057, 7.77817811400007 ], [ 49.832641344000081, 7.778952495000055 ], [ 49.835364414000139, 7.781592441000043 ], [ 49.838067647000059, 7.784295674000134 ], [ 49.838071488000139, 7.784309284000187 ], [ 49.83816409200017, 7.784637386000156 ], [ 49.838914549000151, 7.787424798000018 ], [ 49.836422003000166, 7.789663231000077 ], [ 49.828674316000104, 7.78851318400001 ], [ 49.828653853000105, 7.78851731200001 ], [ 49.828578949000132, 7.788506031000054 ], [ 49.821666718000131, 7.78985500400006 ], [ 49.818893433000085, 7.792599200999973 ], [ 49.817028045000086, 7.797871113000099 ], [ 49.816545261000101, 7.807259364000174 ], [ 49.816211701000043, 7.807671071000016 ], [ 49.811901091999971, 7.813000202000183 ], [ 49.809574127000076, 7.818270206000136 ], [ 49.81175231900005, 7.847888947 ], [ 49.81369880900013, 7.862611566000055 ], [ 49.813698726000041, 7.862613192000026 ], [ 49.816215515000181, 7.881647110000131 ], [ 49.821861267000145, 7.907835007000017 ], [ 49.82283779, 7.910339858999976 ], [ 49.82727050800014, 7.921875 ], [ 49.83532714800009, 7.934875488000159 ], [ 49.849121094000111, 7.95031738299997 ], [ 49.849122770000065, 7.950323146000017 ], [ 49.849990845000036, 7.953619004000075 ], [ 49.848335410000118, 7.954863634 ], [ 49.841201782000155, 7.960227013000122 ], [ 49.839363098000092, 7.961608887000068 ], [ 49.839763641000104, 7.963995933000035 ], [ 49.839872392000132, 7.963930851000157 ], [ 49.839904785000044, 7.964111328000115 ], [ 49.84069824200003, 7.963500977000137 ], [ 49.850280762000125, 7.957885742000144 ], [ 49.855076543000166, 7.957380923000187 ], [ 49.855960846000073, 7.957314015000179 ], [ 49.860324859000116, 7.959856034000097 ], [ 49.86090341400012, 7.960587553000096 ], [ 49.861083984000118, 7.960876465000069 ], [ 49.892089844000168, 8.000122070000145 ], [ 49.892454874000123, 8.000341089000074 ], [ 49.892710279000028, 8.000570166000102 ], [ 49.90599822900009, 8.012488366000184 ], [ 49.906563149000135, 8.013146879000033 ], [ 49.923754044000077, 8.033185881000179 ], [ 49.933898926000154, 8.045104980000076 ], [ 49.934380008000176, 8.045495860000074 ], [ 49.941977084000087, 8.053144373000066 ], [ 49.951480866000054, 8.062711716000024 ], [ 49.984397889000036, 8.095842361000109 ], [ 50.000000000000171, 8.105488777000119 ], [ 50.016946407000148, 8.115966577000052 ], [ 50.018127441000161, 8.116699219000054 ], [ 50.031511798000111, 8.121688477000077 ], [ 50.04547119200015, 8.126914025000076 ], [ 50.047952282999972, 8.128201983000054 ], [ 50.055297852000194, 8.132080078 ], [ 50.058831736000172, 8.134372327000051 ], [ 50.062068939000085, 8.136512756000172 ], [ 50.062388620000149, 8.136846216000038 ], [ 50.063110352000137, 8.137695312000119 ], [ 50.074275977000013, 8.149245960000144 ], [ 50.075454712000123, 8.150475502000063 ], [ 50.07553552700017, 8.15054319799998 ], [ 50.103382307000118, 8.173869201000059 ], [ 50.11267089800009, 8.181701660000044 ], [ 50.11315289800018, 8.182155307000187 ], [ 50.113663233000068, 8.182676412000035 ], [ 50.114360810000107, 8.183388710000031 ], [ 50.114649471000121, 8.183682857000122 ], [ 50.114872789000117, 8.183910419000085 ], [ 50.119689941000104, 8.188903809000067 ], [ 50.124146624000161, 8.193360491000021 ], [ 50.129215240000121, 8.198525429000028 ], [ 50.137592316000109, 8.23612976000004 ], [ 50.143604278000169, 8.245750428000065 ], [ 50.146160126000098, 8.256526947000054 ], [ 50.146147392000103, 8.256770480000057 ], [ 50.145500183000081, 8.269147872000076 ], [ 50.145510715000057, 8.26924044000009 ], [ 50.145507812000119, 8.269287109000174 ], [ 50.145618703000139, 8.270189531000028 ], [ 50.147144317000084, 8.283597946000043 ], [ 50.15160006300016, 8.289907186000164 ], [ 50.153631835, 8.292829067000071 ], [ 50.155010223000033, 8.298262596000143 ], [ 50.15687942500017, 8.309959411000079 ], [ 50.162204743000075, 8.319811821000087 ], [ 50.162400980000029, 8.319993754000166 ], [ 50.163085937000119, 8.320678711000085 ], [ 50.165320544, 8.322700497000028 ], [ 50.169361114000026, 8.326446533000023 ], [ 50.176084869000078, 8.329104157000131 ], [ 50.051067352000075, 8.441065788000117 ], [ 49.93106460600012, 8.461065292 ], [ 49.918910953000022, 8.442836550999971 ], [ 49.914252049000027, 8.435848861000011 ], [ 49.891113281000059, 8.401123047000056 ], [ 49.891063726000141, 8.401053646000094 ], [ 49.872797372000093, 8.375471829000048 ], [ 49.841148751000105, 8.33114830300002 ], [ 49.841125488000046, 8.331115723000153 ], [ 49.841115695000042, 8.33114830300002 ], [ 49.841115684000101, 8.331148338999981 ], [ 49.841115658000149, 8.33114830300002 ], [ 49.841064453000058, 8.331076622000012 ], [ 49.841042944000151, 8.33114830300002 ], [ 49.815030036000053, 8.417837313000121 ], [ 49.813681082000187, 8.422333036000055 ], [ 49.797733307000044, 8.475482941000053 ], [ 49.788665064000156, 8.50571482100014 ], [ 49.788665028000139, 8.505714941000178 ], [ 49.781063080000195, 8.531058311000095 ], [ 49.73757848200006, 8.552802263000103 ], [ 49.681060791000107, 8.581054687 ], [ 49.640745259000028, 8.582807654000021 ], [ 49.624328613000102, 8.583496094000168 ], [ 49.623793588000183, 8.583544732000064 ], [ 49.620701041000189, 8.58367919900013 ], [ 49.61932373000019, 8.58367919900013 ], [ 49.618553297000119, 8.58377258500019 ], [ 49.610874981, 8.584106445000089 ], [ 49.610290527000132, 8.584106445000089 ], [ 49.609754715000065, 8.584155156000122 ], [ 49.608649095000033, 8.584203229000138 ], [ 49.606663813000125, 8.584289551000154 ], [ 49.606323242000087, 8.584289551000154 ], [ 49.606011016000195, 8.584317935 ], [ 49.602452644000095, 8.584472656000116 ], [ 49.602294922, 8.584472656000116 ], [ 49.602115168000068, 8.584487330000115 ], [ 49.588415417000135, 8.58508300799997 ], [ 49.588317871000072, 8.58508300799997 ], [ 49.588263307000148, 8.585089622 ], [ 49.577251434000061, 8.585568427999988 ], [ 49.570166423000103, 8.585876465000183 ], [ 49.568298340000183, 8.585876465000183 ], [ 49.567253517000154, 8.586003110000092 ], [ 49.564551059000166, 8.586120605000133 ], [ 49.564270020000095, 8.586120605000133 ], [ 49.563581528000157, 8.586162758000171 ], [ 49.556128012000045, 8.586486816000161 ], [ 49.555297852000081, 8.586486816000161 ], [ 49.554351901000075, 8.586564037000073 ], [ 49.550512648000108, 8.586730956999986 ], [ 49.550292969000168, 8.586730956999986 ], [ 49.550091604999977, 8.586749263000115 ], [ 49.537878078000119, 8.587280272999976 ], [ 49.537292480000133, 8.587280272999976 ], [ 49.536964955000144, 8.587319973999968 ], [ 49.535289764000026, 8.587392806000139 ], [ 49.523838118000185, 8.587890625000057 ], [ 49.523315430000082, 8.587890625000057 ], [ 49.522836564000102, 8.587934158000166 ], [ 49.519625011000187, 8.58807373000019 ], [ 49.519287109000118, 8.58807373000019 ], [ 49.519098242000041, 8.588096624000116 ], [ 49.512317657000096, 8.58839130399997 ], [ 49.508042045000138, 8.588576808000084 ], [ 49.451057435000052, 8.591054916000132 ], [ 49.441928811000025, 8.596759686000155 ], [ 49.402341252000042, 8.621499223000114 ], [ 49.401306152000018, 8.622070313000108 ], [ 49.400781009000184, 8.622474269000122 ], [ 49.391591061000099, 8.628217363000147 ], [ 49.391113281000173, 8.628479004000042 ], [ 49.388488769999981, 8.630126953000058 ], [ 49.388213525000083, 8.630328093000173 ], [ 49.377634000000171, 8.636939578000181 ], [ 49.376708984, 8.637512207000043 ], [ 49.374084473000039, 8.639099121000072 ], [ 49.373677879000127, 8.639411885000015 ], [ 49.362782546000062, 8.646220729000106 ], [ 49.362304687000062, 8.646484375000057 ], [ 49.35968017600004, 8.648071289000086 ], [ 49.358370696000065, 8.648977852000087 ], [ 49.345896853000113, 8.656773306000048 ], [ 49.345275879000098, 8.657104492000087 ], [ 49.343912400000193, 8.658013477999987 ], [ 49.321732618000169, 8.671874601000127 ], [ 49.300076674000138, 8.685408355000106 ], [ 49.300071752000122, 8.685411431000034 ], [ 49.300071716000105, 8.685411453000029 ], [ 49.255425247000062, 8.717532227000106 ], [ 49.181053162000069, 8.771039009000049 ], [ 49.111053467000147, 8.901026726000055 ] ] ] } },
{ "type": "Feature", "properties": { "adm1_name": "Sanaag", "adm1_name1": null, "adm1_name2": null, "adm1_name3": null, "adm1_pcode": "SO15", "adm0_name": "Somalia", "adm0_name1": null, "adm0_name2": null, "adm0_name3": null, "adm0_pcode": "SO", "valid_on": "2025-01-08", "valid_to": null, "area_sqkm": 53810.518929110003, "version": "v03", "lang": "en", "lang1": null, "lang2": null, "lang3": null, "center_lat": 10.37752336, "center_lon": 47.53007452 }, "geometry": { "type": "Polygon", "coordinates": [ [ [ 48.701938629999972, 11.307486534000134 ], [ 48.665138245000037, 11.321383475000061 ], [ 48.66205215500014, 11.322547912000061 ], [ 48.645980834999989, 11.321582794000108 ], [ 48.638468139000111, 11.318566480000129 ], [ 48.628575218000037, 11.314594516000113 ], [ 48.619506836000085, 11.310913086000141 ], [ 48.616616773000146, 11.310202039000046 ], [ 48.613762539000049, 11.30946739400008 ], [ 48.60409164400005, 11.306978226000183 ], [ 48.574974060000102, 11.305969237999989 ], [ 48.551167306000139, 11.309345443000041 ], [ 48.543273925000108, 11.310464859000092 ], [ 48.540256500000112, 11.310297966000064 ], [ 48.529998779000039, 11.309730530000024 ], [ 48.517433167000036, 11.305782318000183 ], [ 48.487213135000047, 11.288210869000181 ], [ 48.474189759000183, 11.28264904100007 ], [ 48.467658866000079, 11.281385776999969 ], [ 48.462097168000184, 11.280273437000119 ], [ 48.441390361000117, 11.280479329000116 ], [ 48.419059753000056, 11.280664444000081 ], [ 48.404079437000121, 11.280787468000142 ], [ 48.393369458999985, 11.279170515000033 ], [ 48.393185336000158, 11.279142717000013 ], [ 48.393127441000047, 11.279113770000038 ], [ 48.38807771300003, 11.274268071000108 ], [ 48.387028782000186, 11.273259250000024 ], [ 48.386291504000098, 11.272521973000039 ], [ 48.386258778000069, 11.272518692000062 ], [ 48.386180878, 11.272443771000155 ], [ 48.360103607000042, 11.269813538000051 ], [ 48.355206978000183, 11.267375264000066 ], [ 48.355162762000077, 11.267353247000131 ], [ 48.355102539000143, 11.267272949000073 ], [ 48.346496582000157, 11.259887695000089 ], [ 48.337524414000086, 11.24890136700003 ], [ 48.337440498000092, 11.24890136700003 ], [ 48.337382193000167, 11.248829950000072 ], [ 48.337364197000113, 11.248807907000128 ], [ 48.327565476000132, 11.241180660000055 ], [ 48.325683594000054, 11.239685059000067 ], [ 48.324707031000173, 11.238891602000024 ], [ 48.319561198000088, 11.232917202000067 ], [ 48.317467694000072, 11.230443011999967 ], [ 48.317321777000188, 11.230102539000143 ], [ 48.311956681000026, 11.226661880000108 ], [ 48.311573028000169, 11.226408957999979 ], [ 48.30069732700008, 11.219238281000059 ], [ 48.288146973000153, 11.213439941000104 ], [ 48.267637858000057, 11.209503382000094 ], [ 48.241686584000092, 11.204522244000088 ], [ 48.239674266000065, 11.203476627000157 ], [ 48.235328507000133, 11.201163331000089 ], [ 48.234645844, 11.200799942000117 ], [ 48.223914999000044, 11.187212329000033 ], [ 48.22353363000002, 11.18672943100006 ], [ 48.223520309000094, 11.186722487000168 ], [ 48.223510742000087, 11.186706543000128 ], [ 48.21181766300009, 11.180622339000138 ], [ 48.208486265000147, 11.178885807000142 ], [ 48.20796966600011, 11.178616524000176 ], [ 48.201087951000147, 11.171295166000107 ], [ 48.190830231000177, 11.160380364000105 ], [ 48.18550000700003, 11.152851194000107 ], [ 48.185380497000097, 11.152682381000091 ], [ 48.185302734000118, 11.15252685500019 ], [ 48.174682617000087, 11.145874023000033 ], [ 48.153503418000184, 11.129089355000019 ], [ 48.135681152000132, 11.124877930000025 ], [ 48.128174719000128, 11.126591727000175 ], [ 48.122306824000191, 11.12788391100014 ], [ 48.112667538000039, 11.125265686000148 ], [ 48.107727051000097, 11.123901367000144 ], [ 48.107696858000168, 11.12391554900006 ], [ 48.107662201000039, 11.12390613499997 ], [ 48.099727631000064, 11.127545357000031 ], [ 48.092735290000178, 11.128661156000078 ], [ 48.092504389000169, 11.128604280000161 ], [ 48.092285156000059, 11.128479004000098 ], [ 48.084495853000135, 11.126634169000113 ], [ 48.073669434000067, 11.123970985000028 ], [ 48.061061802000154, 11.124284768000166 ], [ 48.058288574000017, 11.124328613000159 ], [ 48.052658755999971, 11.122650290000081 ], [ 48.042034149000131, 11.119444848000057 ], [ 48.024597168000014, 11.114989281000135 ], [ 48.007606506000059, 11.114212990000112 ], [ 47.986873626000033, 11.116403580000167 ], [ 47.971763611000085, 11.112416267000015 ], [ 47.940540314000089, 11.11707592 ], [ 47.925605774000076, 11.122970581000061 ], [ 47.918185491000088, 11.122224529000107 ], [ 47.916870117000144, 11.122070312000062 ], [ 47.916389172000038, 11.122044079000091 ], [ 47.91350936900011, 11.121755600000142 ], [ 47.910169775000156, 11.120643683000083 ], [ 47.910109603000137, 11.120623648000105 ], [ 47.881214142000033, 11.111002922000068 ], [ 47.864223480000021, 11.110217094000063 ], [ 47.844642639000028, 11.114012718000026 ], [ 47.818317413000045, 11.116847992000146 ], [ 47.809918127000174, 11.11955750400017 ], [ 47.809917840000082, 11.119557596000163 ], [ 47.802223206000065, 11.122039795000092 ], [ 47.792339325000171, 11.119419097000161 ], [ 47.778173218, 11.115660801000047 ], [ 47.764099121000186, 11.111877441000047 ], [ 47.742363846000103, 11.103323362000026 ], [ 47.72045517000015, 11.094652176000068 ], [ 47.701047262000145, 11.090002402000096 ], [ 47.699890137000068, 11.089721680000139 ], [ 47.699872643000049, 11.089720984999985 ], [ 47.699768066, 11.089695931000051 ], [ 47.693761459000143, 11.089478478000103 ], [ 47.684509277000018, 11.089111328000115 ], [ 47.682131803000175, 11.089386767000065 ], [ 47.674392700999988, 11.09022521900016 ], [ 47.669799805000139, 11.092191696000043 ], [ 47.666454315000067, 11.093622208000113 ], [ 47.641899109000178, 11.109784126000136 ], [ 47.629162547000078, 11.116346984000074 ], [ 47.626525879000042, 11.117675781000173 ], [ 47.624922765000122, 11.118937548000019 ], [ 47.610324859, 11.130264281999985 ], [ 47.597506775000113, 11.13690527100016 ], [ 47.596313477000137, 11.1375122070001 ], [ 47.590462410000157, 11.141431317000183 ], [ 47.576889038000104, 11.150499343000149 ], [ 47.57297008200004, 11.154313869000077 ], [ 47.564270020000151, 11.162719727000137 ], [ 47.561893789000123, 11.165095957000119 ], [ 47.557426453000119, 11.169445991000146 ], [ 47.548770904000094, 11.174674034000077 ], [ 47.535476684000059, 11.177801132000184 ], [ 47.506343842000092, 11.181048393000026 ], [ 47.49101846800005, 11.180711676000158 ], [ 47.489843875000133, 11.180487743000185 ], [ 47.474002838000104, 11.177372933000186 ], [ 47.464579160000028, 11.178633508000132 ], [ 47.460876465000183, 11.17907714800009 ], [ 47.459919847000094, 11.178917712000043 ], [ 47.456066131000057, 11.178163528000141 ], [ 47.445629120000092, 11.172802925999974 ], [ 47.443027496000127, 11.173089981000032 ], [ 47.422088623000036, 11.175392151000096 ], [ 47.412734019000141, 11.172581313000023 ], [ 47.403320312000119, 11.169677734000061 ], [ 47.393021120000071, 11.168368997000016 ], [ 47.392337799000131, 11.168277741000111 ], [ 47.387084406000042, 11.164648743000043 ], [ 47.37829589800009, 11.15850830100004 ], [ 47.355285645000038, 11.153076172000112 ], [ 47.334106445000032, 11.145080566000047 ], [ 47.327235757000153, 11.14144916000015 ], [ 47.325010275000068, 11.140266463000046 ], [ 47.309505462000175, 11.132026673000098 ], [ 47.30724334700011, 11.131466866000039 ], [ 47.302859999000191, 11.130381901000078 ], [ 47.300399282000058, 11.129772825000089 ], [ 47.294208157000185, 11.128240400000038 ], [ 47.291924629000107, 11.127014344000031 ], [ 47.276092529000039, 11.118436814000177 ], [ 47.256562808000183, 11.11442170000015 ], [ 47.256336212000065, 11.114375113999984 ], [ 47.246993732000135, 11.105123013000025 ], [ 47.23944265900019, 11.097644989000173 ], [ 47.238788604000149, 11.096997261000013 ], [ 47.225265648000175, 11.090034224000078 ], [ 47.218078613000159, 11.086303711000028 ], [ 47.209478360000105, 11.083283775000098 ], [ 47.194049835000101, 11.077856064000173 ], [ 47.184075647000157, 11.074345748000155 ], [ 47.150512695000089, 11.0625 ], [ 47.147091666000108, 11.059696656000085 ], [ 47.146114706000105, 11.058870357000046 ], [ 47.144714355000133, 11.047302246000072 ], [ 47.144713227000068, 11.047299369000086 ], [ 47.144710541, 11.047275544000172 ], [ 47.144451779000121, 11.046632676000115 ], [ 47.14227294900013, 11.041076660000101 ], [ 47.127748238000152, 11.029653171 ], [ 47.119590943000105, 11.023222701000179 ], [ 47.119082796999976, 11.022822125000062 ], [ 47.118713379000155, 11.022521973000096 ], [ 47.116655871000091, 11.019716280000011 ], [ 47.112651825000114, 11.014140129000054 ], [ 47.11219499900011, 11.012225115000092 ], [ 47.108886719000168, 10.997924805000082 ], [ 47.107568287000106, 10.992823045000023 ], [ 47.107494354000153, 10.992512703000102 ], [ 47.107485513000029, 10.992502748999982 ], [ 47.107482910000101, 10.992492676000154 ], [ 47.100280762000125, 10.984313965000126 ], [ 47.099674105000133, 10.983707308000135 ], [ 47.09965896600005, 10.983690262000152 ], [ 47.098443652000185, 10.983110605000036 ], [ 47.083129883000083, 10.97570800800014 ], [ 47.076826047000054, 10.974842406000107 ], [ 47.062759400000118, 10.97280407 ], [ 47.05128130900016, 10.964250752 ], [ 47.050292969000111, 10.963500977000081 ], [ 47.049499556000114, 10.963386206000052 ], [ 47.030757904000154, 10.960576058000072 ], [ 47.017263222000054, 10.960687623000183 ], [ 47.012512207000157, 10.957885742000087 ], [ 47.012084961000141, 10.957702637000125 ], [ 47.008117676000097, 10.953308105000133 ], [ 47.002685547000112, 10.944519043000128 ], [ 47.000719243000162, 10.941327361000049 ], [ 46.998397827000076, 10.937538147000055 ], [ 46.993355741000187, 10.932252481000035 ], [ 46.992870331000177, 10.931743622000113 ], [ 46.985727129000111, 10.92721768600012 ], [ 46.984924316000047, 10.926696777000075 ], [ 46.98489058600012, 10.926687652000112 ], [ 46.984775543000069, 10.926614761000053 ], [ 46.976179239000089, 10.924330959000088 ], [ 46.972290039000143, 10.923278809000067 ], [ 46.963500977000194, 10.915527344000054 ], [ 46.962592864000101, 10.914732745000151 ], [ 46.962551117000089, 10.914695740000184 ], [ 46.962550313000065, 10.914695513000083 ], [ 46.962524414000143, 10.914672852000081 ], [ 46.961580263000087, 10.914421655000126 ], [ 46.95582199100005, 10.912796021000133 ], [ 46.937664031999986, 10.914012909000064 ], [ 46.935320079000121, 10.912896579000062 ], [ 46.934509277000188, 10.912475585999971 ], [ 46.933715819999975, 10.912109375000171 ], [ 46.926696777000188, 10.899108887000068 ], [ 46.926513672000056, 10.898681641000053 ], [ 46.922367508000036, 10.896145164000075 ], [ 46.921325684000124, 10.895476341000062 ], [ 46.910172244000137, 10.894686068000112 ], [ 46.910107818000142, 10.894668888000126 ], [ 46.901121601999989, 10.892138860000045 ], [ 46.900886534999984, 10.89207267800009 ], [ 46.897891998000148, 10.88905715900006 ], [ 46.896116696000149, 10.886568425 ], [ 46.888916016000167, 10.876281738000046 ], [ 46.88856298900015, 10.875979144000041 ], [ 46.888484955000081, 10.875869751000153 ], [ 46.881052562000036, 10.871158833000095 ], [ 46.880781435000074, 10.87098698300008 ], [ 46.880493164000086, 10.870727539000143 ], [ 46.871093750000057, 10.859130859 ], [ 46.870848618000025, 10.858885726999972 ], [ 46.870510101000036, 10.858465195000178 ], [ 46.866471893000039, 10.856422978000069 ], [ 46.863004790000105, 10.854669583000032 ], [ 46.862304687, 10.8543090820001 ], [ 46.862279945000125, 10.85430301100007 ], [ 46.862178802000187, 10.85425186100008 ], [ 46.845826510000052, 10.850220581000144 ], [ 46.845703125000057, 10.850190163000093 ], [ 46.839481354000156, 10.844386101000055 ], [ 46.837562056000138, 10.840946144999975 ], [ 46.834716797000169, 10.835693359000061 ], [ 46.834569784, 10.835583099000132 ], [ 46.834453582000151, 10.83537483200007 ], [ 46.82775116, 10.831174850000025 ], [ 46.821542076000185, 10.829459596000049 ], [ 46.81610107400013, 10.827880859000061 ], [ 46.815827177000074, 10.827880859000061 ], [ 46.81568908700001, 10.827842712000177 ], [ 46.813791404000142, 10.82571141700015 ], [ 46.809616831000142, 10.82102293700018 ], [ 46.80828857400013, 10.819519043000071 ], [ 46.808190093000064, 10.819420561000129 ], [ 46.807640075, 10.818802834000053 ], [ 46.803765121000026, 10.817194688000029 ], [ 46.800292969000168, 10.815673828000172 ], [ 46.795337905000167, 10.813696685000082 ], [ 46.787850049000042, 10.810588180000025 ], [ 46.78127221800014, 10.807857463000119 ], [ 46.781257903000096, 10.807851520000042 ], [ 46.781127930000082, 10.807678223000039 ], [ 46.775629435000155, 10.802325384000085 ], [ 46.771911968000154, 10.798576747000141 ], [ 46.771647719000043, 10.798442153 ], [ 46.771118164000029, 10.797912597999982 ], [ 46.770005334000132, 10.797605610000176 ], [ 46.769462938, 10.797329343000115 ], [ 46.75861140000012, 10.794436315000041 ], [ 46.757686375000048, 10.793973803000142 ], [ 46.741928101000042, 10.785994530000096 ], [ 46.722705841000163, 10.77868175499998 ], [ 46.717133172000104, 10.776858440000012 ], [ 46.716911316000051, 10.77678585100017 ], [ 46.706889433000129, 10.766677359000084 ], [ 46.706096649000074, 10.76587772400012 ], [ 46.689872742000034, 10.760890960000154 ], [ 46.66678619400011, 10.745031357000187 ], [ 46.640846252000017, 10.735577583000122 ], [ 46.628540039000086, 10.73430442800003 ], [ 46.625686625000071, 10.733050261000074 ], [ 46.620117187000062, 10.730529785000101 ], [ 46.61514446700005, 10.728892803000178 ], [ 46.610248566000053, 10.72722339600017 ], [ 46.588390350000168, 10.727458954000099 ], [ 46.579341888000044, 10.72575759800003 ], [ 46.518833161000089, 10.710417747000065 ], [ 46.503803095000137, 10.702383968000163 ], [ 46.497722626000041, 10.699133873000108 ], [ 46.492950440000072, 10.69658374800008 ], [ 46.461823248000087, 10.685177805000023 ], [ 46.455982847000143, 10.683037705000061 ], [ 46.449707031000116, 10.680725098000096 ], [ 46.44966984600012, 10.680724430000055 ], [ 46.449661255000024, 10.68072128200015 ], [ 46.441326757000184, 10.680574644000103 ], [ 46.415710449000073, 10.680114746000072 ], [ 46.413509958000191, 10.680561721000174 ], [ 46.407817840000121, 10.681683540000165 ], [ 46.403547028000048, 10.681620587000054 ], [ 46.398071289000029, 10.681518555000139 ], [ 46.389468208000096, 10.684723624000185 ], [ 46.38247826200012, 10.687317576000055 ], [ 46.380284601000085, 10.687368990000039 ], [ 46.374671936000141, 10.687436104000085 ], [ 46.357417048000116, 10.687642399000026 ], [ 46.352478027000075, 10.68768310500019 ], [ 46.350927646000173, 10.688085960000024 ], [ 46.344722748000152, 10.689684867999972 ], [ 46.320533752000131, 10.710558891000062 ], [ 46.297859192000033, 10.740644455000108 ], [ 46.291973114000143, 10.747011185000019 ], [ 46.286350250000112, 10.750625611000146 ], [ 46.262241363000101, 10.763911247000181 ], [ 46.245342254000093, 10.777048111 ], [ 46.236232756999982, 10.78039169300007 ], [ 46.211620033000145, 10.780667324000035 ], [ 46.206115723000153, 10.78070068400018 ], [ 46.192681740000182, 10.778772151 ], [ 46.168628692000084, 10.77523613000011 ], [ 46.16763687200006, 10.775032043000181 ], [ 46.147248339000043, 10.770847441000171 ], [ 46.111694336000028, 10.763488770000151 ], [ 46.106391741000152, 10.763138185000173 ], [ 46.09693908700018, 10.762431145000107 ], [ 46.048038482000038, 10.768044472000156 ], [ 46.04164505, 10.769967079000139 ], [ 46.031492600000036, 10.773018962000151 ], [ 46.031402849000187, 10.769999888000086 ], [ 46.030062850000036, 10.729254388000129 ], [ 46.026805802000013, 10.618688668000118 ], [ 46.017300808000186, 10.296026355000095 ], [ 46.016145898000161, 10.256821085000013 ], [ 46.016009975000031, 10.252206958000102 ], [ 46.016009939000185, 10.252205736000178 ], [ 46.01588121900005, 10.247755128000165 ], [ 46.01159834300006, 10.099670446000175 ], [ 46.011054926000099, 10.080881281000131 ], [ 46.029678397000112, 10.066074004000029 ], [ 46.049530577000098, 10.050289796000186 ], [ 46.055725098000096, 10.045471191000047 ], [ 46.058105469000111, 10.043701172000056 ], [ 46.059991140000079, 10.041972639000107 ], [ 46.06089160800019, 10.041256681 ], [ 46.061889648000147, 10.040527344000168 ], [ 46.064270020000095, 10.038696289000086 ], [ 46.066711426000154, 10.036682129000042 ], [ 46.068908691000104, 10.034912109000174 ], [ 46.070495605000133, 10.033691406000116 ], [ 46.071882843000026, 10.032517590000168 ], [ 46.073599365000121, 10.031152790000078 ], [ 46.07531738300014, 10.029907227000137 ], [ 46.077514648000147, 10.028076172000056 ], [ 46.079101562000176, 10.026916504000042 ], [ 46.081481934000124, 10.024902344000168 ], [ 46.083923340000126, 10.023071289000086 ], [ 46.086120605000133, 10.021301270000095 ], [ 46.087707520000095, 10.020080566 ], [ 46.09008789100011, 10.018127441000161 ], [ 46.092529297000169, 10.016296387000182 ], [ 46.09413098400006, 10.014828174000115 ], [ 46.095852132000175, 10.013459695000108 ], [ 46.096313477000081, 10.013122559000124 ], [ 46.098693848000153, 10.011291504000042 ], [ 46.100480985000104, 10.009779311000045 ], [ 46.104251523000187, 10.006781370000056 ], [ 46.104919434000067, 10.006286621000072 ], [ 46.107299805000139, 10.004516602000081 ], [ 46.109680175999983, 10.002502441000161 ], [ 46.110657605000142, 10.001687917000083 ], [ 46.112387798000043, 10.000312247000124 ], [ 46.11352539100011, 9.999511719000168 ], [ 46.115905762000125, 9.997680664000086 ], [ 46.118286133000026, 9.995727539000029 ], [ 46.120483397999976, 9.993896484000118 ], [ 46.122070312, 9.992675781000116 ], [ 46.124511719000168, 9.990722656000059 ], [ 46.126892090000183, 9.988891602000081 ], [ 46.129079127000068, 9.987041032000093 ], [ 46.131859868000163, 9.984830075000048 ], [ 46.133117676000154, 9.983886719000168 ], [ 46.135498047, 9.982116699000073 ], [ 46.137878418000071, 9.980102539000029 ], [ 46.138654471000052, 9.979427710000095 ], [ 46.139949140000169, 9.978398324000182 ], [ 46.14172363299997, 9.977111816000104 ], [ 46.144104004000042, 9.975280762000125 ], [ 46.146484375000057, 9.973327637000125 ], [ 46.147888184000124, 9.972106934000067 ], [ 46.150329590000183, 9.970275879000042 ], [ 46.152709961000028, 9.968322754000155 ], [ 46.1550903320001, 9.966491699000073 ], [ 46.156565800000124, 9.965186477000088 ], [ 46.159605349000174, 9.962769742999967 ], [ 46.161315918000071, 9.961486816000161 ], [ 46.163696289000086, 9.959716797000169 ], [ 46.165283203000115, 9.958312988000102 ], [ 46.166791858000181, 9.957055776000175 ], [ 46.167856100000108, 9.956209601000069 ], [ 46.169921875000057, 9.954711914000029 ], [ 46.172302246000072, 9.952697753999985 ], [ 46.173889160000101, 9.951477051000154 ], [ 46.17608642600004, 9.949707031000059 ], [ 46.178527832000043, 9.947875977000081 ], [ 46.180908203000115, 9.945922852000081 ], [ 46.182495117000144, 9.944702148000147 ], [ 46.184875488000159, 9.942687988000102 ], [ 46.185873782000158, 9.941883808000171 ], [ 46.18735083100006, 9.940709411000057 ], [ 46.189514160000101, 9.939086914000029 ], [ 46.19110107400013, 9.937927246000186 ], [ 46.193481445000032, 9.935913085999971 ], [ 46.195524083000066, 9.934210888 ], [ 46.195763059000114, 9.934020879000172 ], [ 46.198120117000144, 9.932312012000125 ], [ 46.199707031000173, 9.931091309000067 ], [ 46.202087402000188, 9.929077148000147 ], [ 46.204284668000071, 9.927307129000155 ], [ 46.20672607400013, 9.925476074000073 ], [ 46.207611261000068, 9.924693024000135 ], [ 46.208312988000159, 9.92407226600011 ], [ 46.210693359, 9.922302246000015 ], [ 46.213073730000076, 9.920288085999971 ], [ 46.215270996000129, 9.918518066000104 ], [ 46.216918945000145, 9.917297363000102 ], [ 46.219299316000047, 9.915527344000111 ], [ 46.221679687000062, 9.913513184000067 ], [ 46.223876953000172, 9.911682129000155 ], [ 46.225524902000188, 9.910522461000141 ], [ 46.227905273000033, 9.908691406000059 ], [ 46.230285645000151, 9.906677246000015 ], [ 46.232482910000158, 9.904907227000024 ], [ 46.234130859000174, 9.903686523000147 ], [ 46.236511230000019, 9.901672363000102 ], [ 46.238891602000194, 9.899902344000111 ], [ 46.240313107000134, 9.898599297000032 ], [ 46.242554958000085, 9.896816809000143 ], [ 46.242675781, 9.896728516000053 ], [ 46.245117187000062, 9.894897461000141 ], [ 46.24749755900018, 9.893127441000047 ], [ 46.249475638000149, 9.891314202000046 ], [ 46.25072501600016, 9.890320826000107 ], [ 46.251281738000046, 9.889892578 ], [ 46.253723145000151, 9.88812255900001 ], [ 46.256103516, 9.88610839800009 ], [ 46.258483887000068, 9.884277344000111 ], [ 46.259887695000032, 9.883117676000097 ], [ 46.262329102000137, 9.881286621000186 ], [ 46.264709473000039, 9.879272460999971 ], [ 46.267089844000054, 9.877502441000104 ], [ 46.268493652000018, 9.876281738000046 ], [ 46.27087402300009, 9.874328613000046 ], [ 46.273315430000025, 9.872497559000067 ], [ 46.275695801000097, 9.870727539000143 ], [ 46.276969051000094, 9.869454289000146 ], [ 46.27813387499998, 9.86852814100007 ], [ 46.279479980000076, 9.867492676000097 ], [ 46.281921387000011, 9.865722656 ], [ 46.284301758000083, 9.863708496000186 ], [ 46.285435330000098, 9.862722781000059 ], [ 46.28609627600008, 9.862197265000077 ], [ 46.288085937000119, 9.86071777300009 ], [ 46.290527344000054, 9.858886719000111 ], [ 46.292907715000069, 9.856872559000067 ], [ 46.29431152300009, 9.855712891000053 ], [ 46.296691895000038, 9.853881836000141 ], [ 46.299072266000053, 9.851928711000085 ], [ 46.301513672000112, 9.850097656000059 ], [ 46.302917480000076, 9.848876953 ], [ 46.305048641000099, 9.847128309000084 ], [ 46.305542735000131, 9.846735456000033 ], [ 46.307678223000096, 9.84509277300009 ], [ 46.310119629000098, 9.843322754000098 ], [ 46.311706543000128, 9.842102051000097 ], [ 46.31390380900001, 9.840087891000053 ], [ 46.316284180000082, 9.838317871000129 ], [ 46.318725586000085, 9.836486816000104 ], [ 46.320312500000114, 9.835083008000083 ], [ 46.322509766000053, 9.833312988000046 ], [ 46.324890137000068, 9.831481934000067 ], [ 46.32727050800014, 9.82952880900018 ], [ 46.328918457000157, 9.828308105000076 ], [ 46.331115723000039, 9.826477051000097 ], [ 46.333496094000111, 9.82452392600004 ], [ 46.335876465000126, 9.822692871000186 ], [ 46.337524414000143, 9.821472168000128 ], [ 46.339286057000152, 9.819906263000178 ], [ 46.341301313000088, 9.818303940000021 ], [ 46.342102051000097, 9.817687988000046 ], [ 46.344482422000169, 9.815917969000054 ], [ 46.346130371000186, 9.814697266000053 ], [ 46.348046068000144, 9.81294121000002 ], [ 46.348992219000138, 9.812188929000058 ], [ 46.350708008000083, 9.810913086000085 ], [ 46.353088379000155, 9.809082031 ], [ 46.354675293000184, 9.807678223000039 ], [ 46.355429201000049, 9.807070908000185 ], [ 46.357207316000142, 9.80565713500016 ], [ 46.359313965000126, 9.80407714800009 ], [ 46.361694336000141, 9.802124023000033 ], [ 46.363281250000171, 9.800903320000032 ], [ 46.363665034000121, 9.800583500000016 ], [ 46.363665077000064, 9.800583464 ], [ 46.365255815000069, 9.799257849000014 ], [ 46.36871585900019, 9.796506881000141 ], [ 46.370300293000184, 9.795288086000085 ], [ 46.371887207000043, 9.794128418000071 ], [ 46.374084473000096, 9.792297362999989 ], [ 46.376051947000178, 9.790674196999987 ], [ 46.376801455000191, 9.790078288000188 ], [ 46.378906250000171, 9.78851318400018 ], [ 46.380493164000029, 9.787292480000076 ], [ 46.382873535000044, 9.785278320000032 ], [ 46.385070801000154, 9.78350830100004 ], [ 46.387512206999986, 9.781677246000129 ], [ 46.388793400000054, 9.780543883000064 ], [ 46.389630939000142, 9.779877983000063 ], [ 46.391479492000087, 9.778503418000071 ], [ 46.39367675800014, 9.776672363000046 ], [ 46.395922784, 9.774875542000132 ], [ 46.396155465000163, 9.774690545 ], [ 46.397705078000058, 9.773498535000158 ], [ 46.400085449000073, 9.771728516000167 ], [ 46.402282715000183, 9.769897461000085 ], [ 46.404724121000186, 9.76788330100004 ], [ 46.406311035000044, 9.766723633000026 ], [ 46.408691406000116, 9.764892578000115 ], [ 46.410080814000139, 9.763618954000094 ], [ 46.412290677000101, 9.761861964000047 ], [ 46.413330078, 9.761108398000033 ], [ 46.41491699200003, 9.759887695000032 ], [ 46.417145148000031, 9.758002332000046 ], [ 46.417448421000188, 9.757761210000183 ], [ 46.419677734000118, 9.756103516000167 ], [ 46.421875, 9.754272461000085 ], [ 46.423428589000082, 9.753006574000096 ], [ 46.423595071000193, 9.752874209000026 ], [ 46.425903320000089, 9.751098633000026 ], [ 46.428283691000161, 9.749328613000159 ], [ 46.430480957000043, 9.74749755900018 ], [ 46.432922363000102, 9.745483398000033 ], [ 46.435302734000118, 9.743713379000042 ], [ 46.436889648000147, 9.74249267600004 ], [ 46.438440247000131, 9.741071294000051 ], [ 46.440209180000181, 9.739664873000095 ], [ 46.441528320000089, 9.738708496000129 ], [ 46.443908691000161, 9.736877441000047 ], [ 46.44549560500019, 9.735473633000083 ], [ 46.447875977000137, 9.733703613000159 ], [ 46.450073242000087, 9.73187255900018 ], [ 46.452514648000147, 9.729919434000124 ], [ 46.454101563000108, 9.728698730000019 ], [ 46.45688077200009, 9.726409833000105 ], [ 46.45752781300007, 9.725895206000075 ], [ 46.45867919900013, 9.725097656000173 ], [ 46.461120605000133, 9.723083496000129 ], [ 46.462707520000095, 9.721923828000115 ], [ 46.46508789100011, 9.720092773000033 ], [ 46.466823160999979, 9.718502109000042 ], [ 46.468081773000051, 9.717501066000068 ], [ 46.469726562000176, 9.716308594000168 ], [ 46.471313477000081, 9.715087891000167 ], [ 46.473693848000153, 9.713073730000019 ], [ 46.476074219000168, 9.711303711000028 ], [ 46.478271484000174, 9.709472656000173 ], [ 46.479919434000124, 9.70812988299997 ], [ 46.482299805000139, 9.706298828000115 ], [ 46.48468017600004, 9.704528809000124 ], [ 46.486877441, 9.702697754000042 ], [ 46.48852539100011, 9.701293945000145 ], [ 46.490905762000182, 9.699523926000154 ], [ 46.493286133000026, 9.697692871000072 ], [ 46.495203965000087, 9.695934859000147 ], [ 46.496011160000137, 9.695293039000148 ], [ 46.497070312000062, 9.694519043000014 ], [ 46.499511719000168, 9.692687988000159 ], [ 46.501892090000013, 9.690673828000115 ], [ 46.50408935500019, 9.688903809000124 ], [ 46.505676270000151, 9.68768310500019 ], [ 46.508117676000154, 9.685729980000133 ], [ 46.510498047000056, 9.683898925999983 ], [ 46.512695312, 9.682128906000116 ], [ 46.514282227000137, 9.680908203000058 ], [ 46.516723633000026, 9.678894043000071 ], [ 46.519104004000042, 9.677124023000147 ], [ 46.521301270000151, 9.675292969000168 ], [ 46.52251563700014, 9.67421872 ], [ 46.523363635000123, 9.673544457999981 ], [ 46.525329590000183, 9.67211914100011 ], [ 46.527709961000028, 9.670288086000028 ], [ 46.52935127700016, 9.6687835460001 ], [ 46.530957238000042, 9.667506610000146 ], [ 46.531494141000167, 9.66711425799997 ], [ 46.533874512000011, 9.665283203000115 ], [ 46.536315918000071, 9.663330078000058 ], [ 46.538513184000124, 9.661499022999976 ], [ 46.540100098000153, 9.660278320000145 ], [ 46.542480469000054, 9.658508301000154 ], [ 46.544921875000057, 9.65649414100011 ], [ 46.544998909000071, 9.656436859 ], [ 46.547302246000129, 9.654724121000072 ], [ 46.548706055000025, 9.653503418000014 ], [ 46.550847897000097, 9.651691089999986 ], [ 46.551260011000124, 9.651363408000066 ], [ 46.5535278320001, 9.649719238000102 ], [ 46.555908203000115, 9.647888184000124 ], [ 46.556985236000173, 9.64681115000019 ], [ 46.558611150000047, 9.645518349000042 ], [ 46.559692383000026, 9.644714355000133 ], [ 46.562072754000098, 9.642883300999983 ], [ 46.564514160000101, 9.640930176000154 ], [ 46.565917969, 9.639709473000096 ], [ 46.568298340000069, 9.637878418000071 ], [ 46.570678711000085, 9.636108398000147 ], [ 46.573120117000144, 9.634094238000102 ], [ 46.57452392600004, 9.632873535000101 ], [ 46.576904297000056, 9.63110351600011 ], [ 46.579284668000128, 9.62908935500019 ], [ 46.58172607400013, 9.627319335999971 ], [ 46.583312988000159, 9.62609863299997 ], [ 46.585133591000101, 9.624429747000079 ], [ 46.586398633000101, 9.623423882999987 ], [ 46.587890625000114, 9.622314453000058 ], [ 46.590270996000186, 9.620483398000147 ], [ 46.591918944999975, 9.619079590000183 ], [ 46.594116211000085, 9.617309570000089 ], [ 46.5964965820001, 9.61547851600011 ], [ 46.598876953000172, 9.613525391000053 ], [ 46.600524902000188, 9.612304687000176 ], [ 46.602722168000071, 9.61047363299997 ], [ 46.605102539000143, 9.608703613000102 ], [ 46.607482910000158, 9.606689453000058 ], [ 46.609130859000174, 9.605529785000044 ], [ 46.611328125000114, 9.603698730000133 ], [ 46.61320975100017, 9.602106585000115 ], [ 46.614203081000142, 9.601316802000042 ], [ 46.61608886700003, 9.599914551000097 ], [ 46.617675781000059, 9.598693848000096 ], [ 46.61881201000017, 9.597652305000167 ], [ 46.621713642000088, 9.595345256000144 ], [ 46.622314453000172, 9.594909668000184 ], [ 46.624694824000187, 9.593078613000102 ], [ 46.626281738000046, 9.591918945000089 ], [ 46.627973801000167, 9.59036788800006 ], [ 46.629841332000069, 9.588883039000052 ], [ 46.630920410000158, 9.588073730000133 ], [ 46.633300781, 9.586303710999971 ], [ 46.634887695000032, 9.584899902000075 ], [ 46.637084961000141, 9.583129883000083 ], [ 46.639526367000144, 9.581298828000058 ], [ 46.641802386999984, 9.579372965000118 ], [ 46.64198959200013, 9.579224121000038 ], [ 46.643493652000075, 9.578125000000171 ], [ 46.64587402300009, 9.576293945000089 ], [ 46.647175909000168, 9.57510055 ], [ 46.649624517000063, 9.573153695000144 ], [ 46.650512695000032, 9.572509766000053 ], [ 46.652099609000061, 9.571289062000119 ], [ 46.654479980000133, 9.569519043000128 ], [ 46.656337700000165, 9.567816134000054 ], [ 46.657592865000026, 9.566818169000157 ], [ 46.659118652000018, 9.565673828000058 ], [ 46.660705566000047, 9.564514160000044 ], [ 46.663085937000119, 9.562500000000171 ], [ 46.665283203, 9.560729980000076 ], [ 46.667724609000061, 9.558898926000097 ], [ 46.66931152300009, 9.557678223000096 ], [ 46.671691895000038, 9.555725098000039 ], [ 46.673889160000044, 9.553894043000184 ], [ 46.674986972000113, 9.552988349000032 ], [ 46.676955461000148, 9.551423229000022 ], [ 46.677917480000076, 9.550720215000126 ], [ 46.680297852000024, 9.548889160000044 ], [ 46.682678223000096, 9.546875 ], [ 46.682856052000147, 9.546731749000173 ], [ 46.685264506000124, 9.544816819000175 ], [ 46.686523437000119, 9.543884277000075 ], [ 46.688903809000067, 9.542114258000083 ], [ 46.691284180000082, 9.540100098000096 ], [ 46.693481445000089, 9.538330078000172 ], [ 46.695129395000038, 9.537109375000171 ], [ 46.697509766000053, 9.535278320000089 ], [ 46.699890137000125, 9.533325195000032 ], [ 46.702087402000075, 9.531494141000053 ], [ 46.703674316000104, 9.530273437000119 ], [ 46.706115723000039, 9.528320312000119 ], [ 46.708496094000111, 9.52648925800014 ], [ 46.710876465000126, 9.524475098000096 ], [ 46.711586207000096, 9.523888789000182 ], [ 46.712757496999984, 9.522957512000119 ], [ 46.714721680000082, 9.521484375000171 ], [ 46.717102051000097, 9.519714355000076 ], [ 46.719482422000169, 9.517700195000032 ], [ 46.72068519000004, 9.516654310000092 ], [ 46.721099870000046, 9.516324604000033 ], [ 46.723327637000068, 9.514709473000039 ], [ 46.72570800800014, 9.512878418000184 ], [ 46.728088379000155, 9.510925293000128 ], [ 46.729675293000184, 9.509704590000126 ], [ 46.731872559000124, 9.507873535000044 ], [ 46.734313965000126, 9.505920410000158 ], [ 46.736694335999971, 9.504089355000076 ], [ 46.73828125, 9.502929687000062 ], [ 46.740467200000069, 9.500925900000084 ], [ 46.740509030000169, 9.500892642 ], [ 46.742919922000112, 9.499084473000039 ], [ 46.745300293000184, 9.497314453000172 ], [ 46.746887207000043, 9.495910644999981 ], [ 46.749084473000096, 9.494079590000126 ], [ 46.751525879000155, 9.492309570000032 ], [ 46.753906250000171, 9.490478516000053 ], [ 46.755493164000029, 9.489074707000157 ], [ 46.757690430000139, 9.487304687000062 ], [ 46.760070801000154, 9.485473633000083 ], [ 46.762512207000043, 9.483520508000083 ], [ 46.764099121000072, 9.482299805000025 ], [ 46.765442203000134, 9.48106864600004 ], [ 46.766315460000044, 9.480374335000079 ], [ 46.76792361400004, 9.479095742000084 ], [ 46.770324706999986, 9.477294922000112 ], [ 46.771911621000015, 9.476074219000111 ], [ 46.774291992000087, 9.474121094000054 ], [ 46.776306152000132, 9.472473145000038 ], [ 46.777995127000167, 9.471191854000153 ], [ 46.778076172, 9.471130371000129 ], [ 46.780090332000043, 9.469482422000112 ], [ 46.782287598000153, 9.467712402000018 ], [ 46.783255123000174, 9.46690613100003 ], [ 46.785130805999984, 9.465414834000171 ], [ 46.786682129000042, 9.46429443400001 ], [ 46.788879395000095, 9.462524414000143 ], [ 46.791076660000101, 9.460693359000061 ], [ 46.793273925999983, 9.459106445000032 ], [ 46.795471191000161, 9.457275391000053 ], [ 46.797729492000087, 9.455505371000129 ], [ 46.841125488000102, 9.421081543000128 ], [ 46.906864933000122, 9.430393233000132 ], [ 46.911010824000073, 9.430980479000084 ], [ 46.91107345000006, 9.430989350000175 ], [ 47.100891113000102, 9.442871094000054 ], [ 47.337300275000132, 9.45715307100005 ], [ 47.382280997000066, 9.459870450999972 ], [ 47.39572377900015, 9.460682558000144 ], [ 47.395724374999986, 9.460682594000161 ], [ 48.07636930200016, 9.502261817000033 ], [ 48.079526270000088, 9.502454825000029 ], [ 48.308773789999975, 9.520863526000028 ], [ 48.31759942900004, 9.521572230000061 ], [ 48.352750511000067, 9.524394881000092 ], [ 48.352836849000084, 9.524401814000043 ], [ 48.352837410000063, 9.524394881000092 ], [ 48.352837413000145, 9.524394842 ], [ 48.352837449000106, 9.524394845000131 ], [ 48.352924451000035, 9.524401814000043 ], [ 48.356145824000066, 9.524659850000091 ], [ 48.359612081000023, 9.524930710000149 ], [ 48.577191153000115, 9.541932731000088 ], [ 48.579476564000117, 9.542111317000149 ], [ 48.579707436000035, 9.542125216000102 ], [ 49.038518513000156, 9.569746727000165 ], [ 49.061050665000039, 9.57110321600004 ], [ 49.055327483000042, 9.795804187000101 ], [ 49.055327447000082, 9.795805589000054 ], [ 49.046374366000123, 10.143688631000089 ], [ 49.041879225000059, 10.318352892000064 ], [ 49.041865170000051, 10.31889900800013 ], [ 49.041846557000042, 10.319654206999985 ], [ 49.041076659999987, 10.350891113000102 ], [ 49.041101028000071, 10.350915481000186 ], [ 49.041865206000068, 10.351679659000183 ], [ 49.041076624000027, 10.350916048000158 ], [ 49.04107608400011, 10.350915517000033 ], [ 49.039836956000102, 10.403367063000076 ], [ 49.036431876000108, 10.549741021000045 ], [ 49.033734903000152, 10.665675619000012 ], [ 49.031127930000025, 10.780883789000143 ], [ 49.011811938000164, 10.860070994000068 ], [ 49.011662697000133, 10.860682816000065 ], [ 49.011662661000173, 10.860682964000091 ], [ 49.002929687, 10.896484375000171 ], [ 48.969306469000173, 11.033450130000062 ], [ 48.962144282000054, 11.062625635000074 ], [ 48.956160638000028, 11.087000292000027 ], [ 48.935073013000078, 11.173389001000089 ], [ 48.919128418000184, 11.238708496000186 ], [ 48.916048858000124, 11.239342523000118 ], [ 48.906650544, 11.241197586000055 ], [ 48.879604340000071, 11.246534347000079 ], [ 48.87427484300008, 11.248952308000071 ], [ 48.857910156000059, 11.256286621000186 ], [ 48.848984138000162, 11.259064748000128 ], [ 48.836708069000053, 11.262763024000037 ], [ 48.826648763000151, 11.268661571000052 ], [ 48.818744660000107, 11.27329635600006 ], [ 48.801414124000075, 11.280847462000111 ], [ 48.793556214000034, 11.284271240000066 ], [ 48.789289032000113, 11.285648622000167 ], [ 48.787902832000157, 11.286071777000132 ], [ 48.781667049000191, 11.288105767 ], [ 48.773738861000027, 11.290660858000138 ], [ 48.7597272430001, 11.294260756000085 ], [ 48.716152191000162, 11.305456161000109 ], [ 48.701938629999972, 11.307486534000134 ] ] ] } },
{ "type": "Feature", "properties": { "adm1_name": "Sool", "adm1_name1": null, "adm1_name2": null, "adm1_name3": null, "adm1_pcode": "SO14", "adm0_name": "Somalia", "adm0_name1": null, "adm0_name2": null, "adm0_name3": null, "adm0_pcode": "SO", "valid_on": "2025-01-08", "valid_to": null, "area_sqkm": 37331.686688460002, "version": "v03", "lang": "en", "lang1": null, "lang2": null, "lang3": null, "center_lat": 9.04309148, "center_lon": 47.6002604 }, "geometry": { "type": "Polygon", "coordinates": [ [ [ 46.797729492000087, 9.455505371000129 ], [ 46.795471191000161, 9.457275391000053 ], [ 46.793273925999983, 9.459106445000032 ], [ 46.791076660000101, 9.460693359000061 ], [ 46.788879395000095, 9.462524414000143 ], [ 46.786682129000042, 9.46429443400001 ], [ 46.785130805999984, 9.465414834000171 ], [ 46.783255123000174, 9.46690613100003 ], [ 46.782287598000153, 9.467712402000018 ], [ 46.780090332000043, 9.469482422000112 ], [ 46.778076172, 9.471130371000129 ], [ 46.777995127000167, 9.471191854000153 ], [ 46.776306152000132, 9.472473145000038 ], [ 46.774291992000087, 9.474121094000054 ], [ 46.771911621000015, 9.476074219000111 ], [ 46.770324706999986, 9.477294922000112 ], [ 46.76792361400004, 9.479095742000084 ], [ 46.766315460000044, 9.480374335000079 ], [ 46.765442203000134, 9.48106864600004 ], [ 46.764099121000072, 9.482299805000025 ], [ 46.762512207000043, 9.483520508000083 ], [ 46.760070801000154, 9.485473633000083 ], [ 46.757690430000139, 9.487304687000062 ], [ 46.755493164000029, 9.489074707000157 ], [ 46.753906250000171, 9.490478516000053 ], [ 46.751525879000155, 9.492309570000032 ], [ 46.749084473000096, 9.494079590000126 ], [ 46.746887207000043, 9.495910644999981 ], [ 46.745300293000184, 9.497314453000172 ], [ 46.742919922000112, 9.499084473000039 ], [ 46.740509030000169, 9.500892642 ], [ 46.740467200000069, 9.500925900000084 ], [ 46.73828125, 9.502929687000062 ], [ 46.736694335999971, 9.504089355000076 ], [ 46.734313965000126, 9.505920410000158 ], [ 46.731872559000124, 9.507873535000044 ], [ 46.729675293000184, 9.509704590000126 ], [ 46.728088379000155, 9.510925293000128 ], [ 46.72570800800014, 9.512878418000184 ], [ 46.723327637000068, 9.514709473000039 ], [ 46.721099870000046, 9.516324604000033 ], [ 46.72068519000004, 9.516654310000092 ], [ 46.719482422000169, 9.517700195000032 ], [ 46.717102051000097, 9.519714355000076 ], [ 46.714721680000082, 9.521484375000171 ], [ 46.712757496999984, 9.522957512000119 ], [ 46.711586207000096, 9.523888789000182 ], [ 46.710876465000126, 9.524475098000096 ], [ 46.708496094000111, 9.52648925800014 ], [ 46.706115723000039, 9.528320312000119 ], [ 46.703674316000104, 9.530273437000119 ], [ 46.702087402000075, 9.531494141000053 ], [ 46.699890137000125, 9.533325195000032 ], [ 46.697509766000053, 9.535278320000089 ], [ 46.695129395000038, 9.537109375000171 ], [ 46.693481445000089, 9.538330078000172 ], [ 46.691284180000082, 9.540100098000096 ], [ 46.688903809000067, 9.542114258000083 ], [ 46.686523437000119, 9.543884277000075 ], [ 46.685264506000124, 9.544816819000175 ], [ 46.682856052000147, 9.546731749000173 ], [ 46.682678223000096, 9.546875 ], [ 46.680297852000024, 9.548889160000044 ], [ 46.677917480000076, 9.550720215000126 ], [ 46.676955461000148, 9.551423229000022 ], [ 46.674986972000113, 9.552988349000032 ], [ 46.673889160000044, 9.553894043000184 ], [ 46.671691895000038, 9.555725098000039 ], [ 46.66931152300009, 9.557678223000096 ], [ 46.667724609000061, 9.558898926000097 ], [ 46.665283203, 9.560729980000076 ], [ 46.663085937000119, 9.562500000000171 ], [ 46.660705566000047, 9.564514160000044 ], [ 46.659118652000018, 9.565673828000058 ], [ 46.657592865000026, 9.566818169000157 ], [ 46.656337700000165, 9.567816134000054 ], [ 46.654479980000133, 9.569519043000128 ], [ 46.652099609000061, 9.571289062000119 ], [ 46.650512695000032, 9.572509766000053 ], [ 46.649624517000063, 9.573153695000144 ], [ 46.647175909000168, 9.57510055 ], [ 46.64587402300009, 9.576293945000089 ], [ 46.643493652000075, 9.578125000000171 ], [ 46.64198959200013, 9.579224121000038 ], [ 46.641802386999984, 9.579372965000118 ], [ 46.639526367000144, 9.581298828000058 ], [ 46.637084961000141, 9.583129883000083 ], [ 46.634887695000032, 9.584899902000075 ], [ 46.633300781, 9.586303710999971 ], [ 46.630920410000158, 9.588073730000133 ], [ 46.629841332000069, 9.588883039000052 ], [ 46.627973801000167, 9.59036788800006 ], [ 46.626281738000046, 9.591918945000089 ], [ 46.624694824000187, 9.593078613000102 ], [ 46.622314453000172, 9.594909668000184 ], [ 46.621713642000088, 9.595345256000144 ], [ 46.61881201000017, 9.597652305000167 ], [ 46.617675781000059, 9.598693848000096 ], [ 46.61608886700003, 9.599914551000097 ], [ 46.614203081000142, 9.601316802000042 ], [ 46.61320975100017, 9.602106585000115 ], [ 46.611328125000114, 9.603698730000133 ], [ 46.609130859000174, 9.605529785000044 ], [ 46.607482910000158, 9.606689453000058 ], [ 46.605102539000143, 9.608703613000102 ], [ 46.602722168000071, 9.61047363299997 ], [ 46.600524902000188, 9.612304687000176 ], [ 46.598876953000172, 9.613525391000053 ], [ 46.5964965820001, 9.61547851600011 ], [ 46.594116211000085, 9.617309570000089 ], [ 46.591918944999975, 9.619079590000183 ], [ 46.590270996000186, 9.620483398000147 ], [ 46.587890625000114, 9.622314453000058 ], [ 46.586398633000101, 9.623423882999987 ], [ 46.585133591000101, 9.624429747000079 ], [ 46.583312988000159, 9.62609863299997 ], [ 46.58172607400013, 9.627319335999971 ], [ 46.579284668000128, 9.62908935500019 ], [ 46.576904297000056, 9.63110351600011 ], [ 46.57452392600004, 9.632873535000101 ], [ 46.573120117000144, 9.634094238000102 ], [ 46.570678711000085, 9.636108398000147 ], [ 46.568298340000069, 9.637878418000071 ], [ 46.565917969, 9.639709473000096 ], [ 46.564514160000101, 9.640930176000154 ], [ 46.562072754000098, 9.642883300999983 ], [ 46.559692383000026, 9.644714355000133 ], [ 46.558611150000047, 9.645518349000042 ], [ 46.556985236000173, 9.64681115000019 ], [ 46.555908203000115, 9.647888184000124 ], [ 46.5535278320001, 9.649719238000102 ], [ 46.551260011000124, 9.651363408000066 ], [ 46.550847897000097, 9.651691089999986 ], [ 46.548706055000025, 9.653503418000014 ], [ 46.547302246000129, 9.654724121000072 ], [ 46.544998909000071, 9.656436859 ], [ 46.544921875000057, 9.65649414100011 ], [ 46.542480469000054, 9.658508301000154 ], [ 46.540100098000153, 9.660278320000145 ], [ 46.538513184000124, 9.661499022999976 ], [ 46.536315918000071, 9.663330078000058 ], [ 46.533874512000011, 9.665283203000115 ], [ 46.531494141000167, 9.66711425799997 ], [ 46.530957238000042, 9.667506610000146 ], [ 46.52935127700016, 9.6687835460001 ], [ 46.527709961000028, 9.670288086000028 ], [ 46.525329590000183, 9.67211914100011 ], [ 46.523363635000123, 9.673544457999981 ], [ 46.52251563700014, 9.67421872 ], [ 46.521301270000151, 9.675292969000168 ], [ 46.519104004000042, 9.677124023000147 ], [ 46.516723633000026, 9.678894043000071 ], [ 46.514282227000137, 9.680908203000058 ], [ 46.512695312, 9.682128906000116 ], [ 46.510498047000056, 9.683898925999983 ], [ 46.508117676000154, 9.685729980000133 ], [ 46.505676270000151, 9.68768310500019 ], [ 46.50408935500019, 9.688903809000124 ], [ 46.501892090000013, 9.690673828000115 ], [ 46.499511719000168, 9.692687988000159 ], [ 46.497070312000062, 9.694519043000014 ], [ 46.496011160000137, 9.695293039000148 ], [ 46.495203965000087, 9.695934859000147 ], [ 46.493286133000026, 9.697692871000072 ], [ 46.490905762000182, 9.699523926000154 ], [ 46.48852539100011, 9.701293945000145 ], [ 46.486877441, 9.702697754000042 ], [ 46.48468017600004, 9.704528809000124 ], [ 46.482299805000139, 9.706298828000115 ], [ 46.479919434000124, 9.70812988299997 ], [ 46.478271484000174, 9.709472656000173 ], [ 46.476074219000168, 9.711303711000028 ], [ 46.473693848000153, 9.713073730000019 ], [ 46.471313477000081, 9.715087891000167 ], [ 46.469726562000176, 9.716308594000168 ], [ 46.468081773000051, 9.717501066000068 ], [ 46.466823160999979, 9.718502109000042 ], [ 46.46508789100011, 9.720092773000033 ], [ 46.462707520000095, 9.721923828000115 ], [ 46.461120605000133, 9.723083496000129 ], [ 46.45867919900013, 9.725097656000173 ], [ 46.45752781300007, 9.725895206000075 ], [ 46.45688077200009, 9.726409833000105 ], [ 46.454101563000108, 9.728698730000019 ], [ 46.452514648000147, 9.729919434000124 ], [ 46.450073242000087, 9.73187255900018 ], [ 46.447875977000137, 9.733703613000159 ], [ 46.44549560500019, 9.735473633000083 ], [ 46.443908691000161, 9.736877441000047 ], [ 46.441528320000089, 9.738708496000129 ], [ 46.440209180000181, 9.739664873000095 ], [ 46.438440247000131, 9.741071294000051 ], [ 46.436889648000147, 9.74249267600004 ], [ 46.435302734000118, 9.743713379000042 ], [ 46.432922363000102, 9.745483398000033 ], [ 46.430480957000043, 9.74749755900018 ], [ 46.428283691000161, 9.749328613000159 ], [ 46.425903320000089, 9.751098633000026 ], [ 46.423595071000193, 9.752874209000026 ], [ 46.423428589000082, 9.753006574000096 ], [ 46.421875, 9.754272461000085 ], [ 46.419677734000118, 9.756103516000167 ], [ 46.417448421000188, 9.757761210000183 ], [ 46.417145148000031, 9.758002332000046 ], [ 46.41491699200003, 9.759887695000032 ], [ 46.413330078, 9.761108398000033 ], [ 46.412290677000101, 9.761861964000047 ], [ 46.410080814000139, 9.763618954000094 ], [ 46.408691406000116, 9.764892578000115 ], [ 46.406311035000044, 9.766723633000026 ], [ 46.404724121000186, 9.76788330100004 ], [ 46.402282715000183, 9.769897461000085 ], [ 46.400085449000073, 9.771728516000167 ], [ 46.397705078000058, 9.773498535000158 ], [ 46.396155465000163, 9.774690545 ], [ 46.395922784, 9.774875542000132 ], [ 46.39367675800014, 9.776672363000046 ], [ 46.391479492000087, 9.778503418000071 ], [ 46.389630939000142, 9.779877983000063 ], [ 46.388793400000054, 9.780543883000064 ], [ 46.387512206999986, 9.781677246000129 ], [ 46.385070801000154, 9.78350830100004 ], [ 46.382873535000044, 9.785278320000032 ], [ 46.380493164000029, 9.787292480000076 ], [ 46.378906250000171, 9.78851318400018 ], [ 46.376801455000191, 9.790078288000188 ], [ 46.376051947000178, 9.790674196999987 ], [ 46.374084473000096, 9.792297362999989 ], [ 46.371887207000043, 9.794128418000071 ], [ 46.370300293000184, 9.795288086000085 ], [ 46.36871585900019, 9.796506881000141 ], [ 46.365255815000069, 9.799257849000014 ], [ 46.363665077000064, 9.800583464 ], [ 46.363665034000121, 9.800583500000016 ], [ 46.363281250000171, 9.800903320000032 ], [ 46.361694336000141, 9.802124023000033 ], [ 46.359313965000126, 9.80407714800009 ], [ 46.357207316000142, 9.80565713500016 ], [ 46.355429201000049, 9.807070908000185 ], [ 46.354675293000184, 9.807678223000039 ], [ 46.353088379000155, 9.809082031 ], [ 46.350708008000083, 9.810913086000085 ], [ 46.348992219000138, 9.812188929000058 ], [ 46.348046068000144, 9.81294121000002 ], [ 46.346130371000186, 9.814697266000053 ], [ 46.344482422000169, 9.815917969000054 ], [ 46.342102051000097, 9.817687988000046 ], [ 46.341301313000088, 9.818303940000021 ], [ 46.339286057000152, 9.819906263000178 ], [ 46.337524414000143, 9.821472168000128 ], [ 46.335876465000126, 9.822692871000186 ], [ 46.333496094000111, 9.82452392600004 ], [ 46.331115723000039, 9.826477051000097 ], [ 46.328918457000157, 9.828308105000076 ], [ 46.32727050800014, 9.82952880900018 ], [ 46.324890137000068, 9.831481934000067 ], [ 46.322509766000053, 9.833312988000046 ], [ 46.320312500000114, 9.835083008000083 ], [ 46.318725586000085, 9.836486816000104 ], [ 46.316284180000082, 9.838317871000129 ], [ 46.31390380900001, 9.840087891000053 ], [ 46.311706543000128, 9.842102051000097 ], [ 46.310119629000098, 9.843322754000098 ], [ 46.307678223000096, 9.84509277300009 ], [ 46.305542735000131, 9.846735456000033 ], [ 46.305048641000099, 9.847128309000084 ], [ 46.302917480000076, 9.848876953 ], [ 46.301513672000112, 9.850097656000059 ], [ 46.299072266000053, 9.851928711000085 ], [ 46.296691895000038, 9.853881836000141 ], [ 46.29431152300009, 9.855712891000053 ], [ 46.292907715000069, 9.856872559000067 ], [ 46.290527344000054, 9.858886719000111 ], [ 46.288085937000119, 9.86071777300009 ], [ 46.28609627600008, 9.862197265000077 ], [ 46.285435330000098, 9.862722781000059 ], [ 46.284301758000083, 9.863708496000186 ], [ 46.281921387000011, 9.865722656 ], [ 46.279479980000076, 9.867492676000097 ], [ 46.27813387499998, 9.86852814100007 ], [ 46.276969051000094, 9.869454289000146 ], [ 46.275695801000097, 9.870727539000143 ], [ 46.273315430000025, 9.872497559000067 ], [ 46.27087402300009, 9.874328613000046 ], [ 46.268493652000018, 9.876281738000046 ], [ 46.267089844000054, 9.877502441000104 ], [ 46.264709473000039, 9.879272460999971 ], [ 46.262329102000137, 9.881286621000186 ], [ 46.259887695000032, 9.883117676000097 ], [ 46.258483887000068, 9.884277344000111 ], [ 46.256103516, 9.88610839800009 ], [ 46.253723145000151, 9.88812255900001 ], [ 46.251281738000046, 9.889892578 ], [ 46.25072501600016, 9.890320826000107 ], [ 46.249475638000149, 9.891314202000046 ], [ 46.24749755900018, 9.893127441000047 ], [ 46.245117187000062, 9.894897461000141 ], [ 46.242675781, 9.896728516000053 ], [ 46.242554958000085, 9.896816809000143 ], [ 46.240313107000134, 9.898599297000032 ], [ 46.238891602000194, 9.899902344000111 ], [ 46.236511230000019, 9.901672363000102 ], [ 46.234130859000174, 9.903686523000147 ], [ 46.232482910000158, 9.904907227000024 ], [ 46.230285645000151, 9.906677246000015 ], [ 46.227905273000033, 9.908691406000059 ], [ 46.225524902000188, 9.910522461000141 ], [ 46.223876953000172, 9.911682129000155 ], [ 46.221679687000062, 9.913513184000067 ], [ 46.219299316000047, 9.915527344000111 ], [ 46.216918945000145, 9.917297363000102 ], [ 46.215270996000129, 9.918518066000104 ], [ 46.213073730000076, 9.920288085999971 ], [ 46.210693359, 9.922302246000015 ], [ 46.208312988000159, 9.92407226600011 ], [ 46.207611261000068, 9.924693024000135 ], [ 46.20672607400013, 9.925476074000073 ], [ 46.204284668000071, 9.927307129000155 ], [ 46.202087402000188, 9.929077148000147 ], [ 46.199707031000173, 9.931091309000067 ], [ 46.198120117000144, 9.932312012000125 ], [ 46.195763059000114, 9.934020879000172 ], [ 46.195524083000066, 9.934210888 ], [ 46.193481445000032, 9.935913085999971 ], [ 46.19110107400013, 9.937927246000186 ], [ 46.189514160000101, 9.939086914000029 ], [ 46.18735083100006, 9.940709411000057 ], [ 46.185873782000158, 9.941883808000171 ], [ 46.184875488000159, 9.942687988000102 ], [ 46.182495117000144, 9.944702148000147 ], [ 46.180908203000115, 9.945922852000081 ], [ 46.178527832000043, 9.947875977000081 ], [ 46.17608642600004, 9.949707031000059 ], [ 46.173889160000101, 9.951477051000154 ], [ 46.172302246000072, 9.952697753999985 ], [ 46.169921875000057, 9.954711914000029 ], [ 46.167856100000108, 9.956209601000069 ], [ 46.166791858000181, 9.957055776000175 ], [ 46.165283203000115, 9.958312988000102 ], [ 46.163696289000086, 9.959716797000169 ], [ 46.161315918000071, 9.961486816000161 ], [ 46.159605349000174, 9.962769742999967 ], [ 46.156565800000124, 9.965186477000088 ], [ 46.1550903320001, 9.966491699000073 ], [ 46.152709961000028, 9.968322754000155 ], [ 46.150329590000183, 9.970275879000042 ], [ 46.147888184000124, 9.972106934000067 ], [ 46.146484375000057, 9.973327637000125 ], [ 46.144104004000042, 9.975280762000125 ], [ 46.14172363299997, 9.977111816000104 ], [ 46.139949140000169, 9.978398324000182 ], [ 46.138654471000052, 9.979427710000095 ], [ 46.137878418000071, 9.980102539000029 ], [ 46.135498047, 9.982116699000073 ], [ 46.133117676000154, 9.983886719000168 ], [ 46.131859868000163, 9.984830075000048 ], [ 46.129079127000068, 9.987041032000093 ], [ 46.126892090000183, 9.988891602000081 ], [ 46.124511719000168, 9.990722656000059 ], [ 46.122070312, 9.992675781000116 ], [ 46.120483397999976, 9.993896484000118 ], [ 46.118286133000026, 9.995727539000029 ], [ 46.115905762000125, 9.997680664000086 ], [ 46.11352539100011, 9.999511719000168 ], [ 46.112387798000043, 10.000312247000124 ], [ 46.110657605000142, 10.001687917000083 ], [ 46.109680175999983, 10.002502441000161 ], [ 46.107299805000139, 10.004516602000081 ], [ 46.104919434000067, 10.006286621000072 ], [ 46.104251523000187, 10.006781370000056 ], [ 46.100480985000104, 10.009779311000045 ], [ 46.098693848000153, 10.011291504000042 ], [ 46.096313477000081, 10.013122559000124 ], [ 46.095852132000175, 10.013459695000108 ], [ 46.09413098400006, 10.014828174000115 ], [ 46.092529297000169, 10.016296387000182 ], [ 46.09008789100011, 10.018127441000161 ], [ 46.087707520000095, 10.020080566 ], [ 46.086120605000133, 10.021301270000095 ], [ 46.083923340000126, 10.023071289000086 ], [ 46.081481934000124, 10.024902344000168 ], [ 46.079101562000176, 10.026916504000042 ], [ 46.077514648000147, 10.028076172000056 ], [ 46.07531738300014, 10.029907227000137 ], [ 46.073599365000121, 10.031152790000078 ], [ 46.071882843000026, 10.032517590000168 ], [ 46.070495605000133, 10.033691406000116 ], [ 46.068908691000104, 10.034912109000174 ], [ 46.066711426000154, 10.036682129000042 ], [ 46.064270020000095, 10.038696289000086 ], [ 46.061889648000147, 10.040527344000168 ], [ 46.06089160800019, 10.041256681 ], [ 46.059991140000079, 10.041972639000107 ], [ 46.058105469000111, 10.043701172000056 ], [ 46.055725098000096, 10.045471191000047 ], [ 46.049530577000098, 10.050289796000186 ], [ 46.090918346000194, 9.800583464 ], [ 46.166009476000056, 9.347533421000151 ], [ 46.166020683000056, 9.347465803000091 ], [ 46.166029661000039, 9.34741163700005 ], [ 46.166035716000124, 9.347373454000149 ], [ 46.166050101000167, 9.347282746000133 ], [ 46.166240934000029, 9.346079395000118 ], [ 46.168903992000139, 9.329286777000164 ], [ 46.169783930999984, 9.323738085000059 ], [ 46.207611225000107, 9.085207965 ], [ 46.207604854000181, 9.085197082000093 ], [ 46.20760892900006, 9.085171470000091 ], [ 46.207611261000068, 9.085156813000026 ], [ 46.220996857000046, 9.001026154000158 ], [ 46.21249735300006, 8.949841127000184 ], [ 46.195204341000078, 8.845700537000141 ], [ 46.191316488000041, 8.822287424000137 ], [ 46.191108697000175, 8.821036084000127 ], [ 46.258451941000089, 8.817518846000098 ], [ 46.277194646000169, 8.816539942000077 ], [ 46.354079617000082, 8.812524353000128 ], [ 46.38225806100013, 8.811052634000134 ], [ 46.618556500000182, 8.798625233000109 ], [ 46.618557185000157, 8.798625197000092 ], [ 46.717674459000023, 8.79341242300012 ], [ 46.761002995000183, 8.791133690000095 ], [ 46.837728592000076, 8.787052256000095 ], [ 46.894037232000017, 8.784056906000046 ], [ 46.921005249000189, 8.782622255000092 ], [ 46.921081543000128, 8.782618196000044 ], [ 46.921081543000128, 8.782618160000027 ], [ 46.921081543000128, 8.761108398000033 ], [ 47.001098633000083, 8.751098633000083 ], [ 47.002714800000149, 8.748027126000011 ], [ 47.101009405000127, 8.561219369000185 ], [ 47.101074219000168, 8.561096191000104 ], [ 47.101009405000127, 8.560684656000092 ], [ 47.096113981000087, 8.529601259000117 ], [ 47.083940589000065, 8.452965341000152 ], [ 47.083863319000045, 8.452478901000063 ], [ 47.083817151000119, 8.452180183 ], [ 47.078372408, 8.416951476000065 ], [ 47.013636356000177, 8.006664792000038 ], [ 47.012604029000101, 8.000122070000145 ], [ 47.012695312000119, 8.000122070000145 ], [ 47.176726474000191, 8.000122070000145 ], [ 47.306743636000078, 8.000218763000078 ], [ 47.577760677000185, 8.000122070000145 ], [ 47.920615846000032, 8.0007064670001 ], [ 47.954594202000123, 8.034680187 ], [ 48.131031036000138, 8.211092949000147 ], [ 48.051029205000077, 8.241089821000173 ], [ 48.061493162000147, 8.252195611000161 ], [ 48.080764428, 8.272620160000145 ], [ 48.33653422000009, 8.543696425 ], [ 48.367362755000102, 8.576168692000124 ], [ 48.399943560000111, 8.610486656000091 ], [ 48.53761945500014, 8.75626888700009 ], [ 48.545431366000173, 8.764540762000024 ], [ 48.561012451000181, 8.781007179000085 ], [ 48.561012485000163, 8.781007215000045 ], [ 48.561042786000087, 8.781039238000119 ], [ 48.731044769000107, 8.781038283000157 ], [ 48.731131911000034, 8.781127894 ], [ 48.76396866000016, 8.814894926000079 ], [ 48.794139911000116, 8.845871094000131 ], [ 48.824892976000115, 8.877444598000011 ], [ 49.043616229000065, 9.102029152000114 ], [ 49.0703957180001, 9.129526272000078 ], [ 49.081111907999968, 9.140529632000153 ], [ 49.08111190600016, 9.140529668000113 ], [ 49.079107512000064, 9.183414613000082 ], [ 49.078718311999978, 9.191741735000051 ], [ 49.074553839000146, 9.280842550000102 ], [ 49.07039575400006, 9.371080297000105 ], [ 49.070395752000081, 9.371080333000123 ], [ 49.061050701000056, 9.57110244100005 ], [ 49.061050665000039, 9.57110321600004 ], [ 49.038518513000156, 9.569746727000165 ], [ 48.579707436000035, 9.542125216000102 ], [ 48.579476564000117, 9.542111317000149 ], [ 48.577191153000115, 9.541932731000088 ], [ 48.359612081000023, 9.524930710000149 ], [ 48.356145824000066, 9.524659850000091 ], [ 48.352924451000035, 9.524401814000043 ], [ 48.352837449000106, 9.524394845000131 ], [ 48.352837413000145, 9.524394842 ], [ 48.352837410000063, 9.524394881000092 ], [ 48.352836849000084, 9.524401814000043 ], [ 48.352750511000067, 9.524394881000092 ], [ 48.31759942900004, 9.521572230000061 ], [ 48.308773789999975, 9.520863526000028 ], [ 48.079526270000088, 9.502454825000029 ], [ 48.07636930200016, 9.502261817000033 ], [ 47.395724374999986, 9.460682594000161 ], [ 47.39572377900015, 9.460682558000144 ], [ 47.382280997000066, 9.459870450999972 ], [ 47.337300275000132, 9.45715307100005 ], [ 47.100891113000102, 9.442871094000054 ], [ 46.91107345000006, 9.430989350000175 ], [ 46.911010824000073, 9.430980479000084 ], [ 46.906864933000122, 9.430393233000132 ], [ 46.841125488000102, 9.421081543000128 ], [ 46.797729492000087, 9.455505371000129 ] ] ] } },
{ "type": "Feature", "properties": { "adm1_name": "Togdheer", "adm1_name1": null, "adm1_name2": null, "adm1_name3": null, "adm1_pcode": "SO13", "adm0_name": "Somalia", "adm0_name1": null, "adm0_name2": null, "adm0_name3": null, "adm0_pcode": "SO", "valid_on": "2025-01-08", "valid_to": null, "area_sqkm": 34174.81865899, "version": "v03", "lang": "en", "lang1": null, "lang2": null, "lang3": null, "center_lat": 9.14936357, "center_lon": 45.44420059 }, "geometry": { "type": "Polygon", "coordinates": [ [ [ 47.012604029000101, 8.000122070000145 ], [ 47.013636356000177, 8.006664792000038 ], [ 47.078372408, 8.416951476000065 ], [ 47.083817151000119, 8.452180183 ], [ 47.083863319000045, 8.452478901000063 ], [ 47.083940589000065, 8.452965341000152 ], [ 47.096113981000087, 8.529601259000117 ], [ 47.101009405000127, 8.560684656000092 ], [ 47.101074219000168, 8.561096191000104 ], [ 47.101009405000127, 8.561219369000185 ], [ 47.002714800000149, 8.748027126000011 ], [ 47.001098633000083, 8.751098633000083 ], [ 46.921081543000128, 8.761108398000033 ], [ 46.921081543000128, 8.782618160000027 ], [ 46.921081543000128, 8.782618196000044 ], [ 46.921005249000189, 8.782622255000092 ], [ 46.894037232000017, 8.784056906000046 ], [ 46.837728592000076, 8.787052256000095 ], [ 46.761002995000183, 8.791133690000095 ], [ 46.717674459000023, 8.79341242300012 ], [ 46.618557185000157, 8.798625197000092 ], [ 46.618556500000182, 8.798625233000109 ], [ 46.38225806100013, 8.811052634000134 ], [ 46.354079617000082, 8.812524353000128 ], [ 46.277194646000169, 8.816539942000077 ], [ 46.258451941000089, 8.817518846000098 ], [ 46.191108697000175, 8.821036084000127 ], [ 46.191316488000041, 8.822287424000137 ], [ 46.195204341000078, 8.845700537000141 ], [ 46.21249735300006, 8.949841127000184 ], [ 46.220996857000046, 9.001026154000158 ], [ 46.207611261000068, 9.085156813000026 ], [ 46.20760892900006, 9.085171470000091 ], [ 46.207604854000181, 9.085197082000093 ], [ 46.207611225000107, 9.085207965 ], [ 46.169783930999984, 9.323738085000059 ], [ 46.168903992000139, 9.329286777000164 ], [ 46.166240934000029, 9.346079395000118 ], [ 46.166050101000167, 9.347282746000133 ], [ 46.166035716000124, 9.347373454000149 ], [ 46.166029661000039, 9.34741163700005 ], [ 46.166020683000056, 9.347465803000091 ], [ 46.166009476000056, 9.347533421000151 ], [ 46.090918346000194, 9.800583464 ], [ 46.049530577000098, 10.050289796000186 ], [ 46.029678397000112, 10.066074004000029 ], [ 46.011054926000099, 10.080881281000131 ], [ 45.907395672000121, 10.099687004000089 ], [ 45.906883574000176, 10.099800256000094 ], [ 45.901123047000056, 10.101074219000054 ], [ 45.715769944000158, 10.117250901000034 ], [ 45.685872899000117, 10.119860163999988 ], [ 45.675675012, 10.120750184000087 ], [ 45.655033349000178, 10.122551684000143 ], [ 45.655032937000158, 10.122551720000104 ], [ 45.354550616000097, 10.148951578000094 ], [ 45.269628558000193, 10.156187865999982 ], [ 45.26101466700004, 10.156921863999969 ], [ 45.257862950000117, 10.157197617000122 ], [ 45.179420869000182, 10.164060737999989 ], [ 45.101074219, 10.170898437000062 ], [ 45.094372102000136, 10.16333140200004 ], [ 45.094255117000159, 10.16319932000016 ], [ 45.081635873000153, 10.148951542000077 ], [ 44.989280001000168, 10.044676994000099 ], [ 44.898440567000193, 9.941996454000105 ], [ 44.897682190000069, 9.941139221000128 ], [ 44.896719796000184, 9.940051408000102 ], [ 44.887682477000169, 9.929836347000162 ], [ 44.870971680000139, 9.910947800000088 ], [ 44.830970763999971, 9.860952377000103 ], [ 44.827348183000026, 9.846745230000124 ], [ 44.805925505000118, 9.762704224000061 ], [ 44.800095929000065, 9.739827516000162 ], [ 44.785212847000025, 9.681398032 ], [ 44.769725095000183, 9.620594678000145 ], [ 44.746696517000089, 9.530131402 ], [ 44.725891090000061, 9.448360880000109 ], [ 44.723856163000164, 9.440360543999986 ], [ 44.72370362900017, 9.439760855000031 ], [ 44.71800822299997, 9.41736931600019 ], [ 44.717970697000112, 9.417086439000116 ], [ 44.717847597, 9.41615849100009 ], [ 44.707956371000193, 9.377305032000095 ], [ 44.691101074000073, 9.311096191000161 ], [ 44.691101074000073, 9.214539254000101 ], [ 44.69096593800009, 9.213520581000068 ], [ 44.690965753000171, 9.213519184000063 ], [ 44.690960079000035, 8.99646160900005 ], [ 44.690954211000076, 8.771959543000037 ], [ 44.781127930000139, 8.740295410000158 ], [ 44.781539384000098, 8.740114200000107 ], [ 44.799691405000146, 8.73386143800019 ], [ 44.804870605000076, 8.732910156000173 ], [ 44.81010558600002, 8.73027410200018 ], [ 44.86693, 8.710700000000145 ], [ 44.868940174000102, 8.710030085000028 ], [ 44.94812011700003, 8.684509277000188 ], [ 44.991088867000087, 8.670471191000047 ], [ 44.998584913000172, 8.666824466000037 ], [ 45.029564265000147, 8.656500237000103 ], [ 45.068298340000183, 8.644287109000174 ], [ 45.101074219, 8.634094238000159 ], [ 45.123291016000167, 8.625488281000116 ], [ 45.1882934570001, 8.60369873000019 ], [ 45.234806007000088, 8.588101036000126 ], [ 45.23892, 8.58673 ], [ 45.239013211000042, 8.586702134 ], [ 45.257690430000082, 8.58227539100011 ], [ 45.290977447999978, 8.57132171 ], [ 45.401676905000159, 8.534520997000072 ], [ 45.42935, 8.525360000000148 ], [ 45.443509875000188, 8.52066620800008 ], [ 45.481689453000115, 8.508117676000097 ], [ 45.494079590000069, 8.505676270000038 ], [ 45.500007518000075, 8.503364750000117 ], [ 45.500158651000049, 8.503317704000153 ], [ 45.507837498000129, 8.500311550999982 ], [ 45.513460745000032, 8.498118838000039 ], [ 45.51741955500006, 8.497248051000042 ], [ 45.529113770000151, 8.494689941000104 ], [ 45.550292969000054, 8.487915038999972 ], [ 45.611694336000141, 8.467895508000083 ], [ 45.656127930000082, 8.451293945000032 ], [ 45.664986372000101, 8.449935651000089 ], [ 45.66517000000016, 8.44991 ], [ 45.665183097000124, 8.449905486000034 ], [ 45.665283203000058, 8.449890137000068 ], [ 45.667405491000125, 8.449139572000036 ], [ 45.731468415000052, 8.427061245000175 ], [ 45.765686035000101, 8.415283203000172 ], [ 45.768060742000046, 8.414528954000048 ], [ 45.788330550000126, 8.408090901000151 ], [ 45.79031, 8.40747 ], [ 45.796412295999971, 8.40555295200005 ], [ 45.829101562, 8.3953247070001 ], [ 45.830357105000076, 8.3948588290001 ], [ 46.053074515000048, 8.320281498000156 ], [ 46.060729980000133, 8.319091797000056 ], [ 46.067933848, 8.315305823000131 ], [ 46.089705768000044, 8.308015456000078 ], [ 46.099121094000111, 8.307312012000182 ], [ 46.113891602000137, 8.29992675799997 ], [ 46.15008544900013, 8.288085937 ], [ 46.164817915000185, 8.28322832900011 ], [ 46.215390164000041, 8.266798942000094 ], [ 46.239501953000115, 8.259277344000168 ], [ 46.250986155000192, 8.255348538000021 ], [ 46.302043013000116, 8.237945343000035 ], [ 46.329895020000038, 8.229675293000014 ], [ 46.341508592000139, 8.224580863000028 ], [ 46.373151149000137, 8.213865544000157 ], [ 46.389892578000058, 8.208496094000111 ], [ 46.450927734000118, 8.188903809000067 ], [ 46.455225980000137, 8.186072023000065 ], [ 46.459352455000044, 8.184674649000101 ], [ 46.48071289100011, 8.179321288999972 ], [ 46.484130859000118, 8.176696777000075 ], [ 46.506873245000122, 8.168582382000068 ], [ 46.534290842000189, 8.159297788000117 ], [ 46.579101562000062, 8.146118163999972 ], [ 46.587707520000151, 8.141723633000083 ], [ 46.599331612000015, 8.137355018000051 ], [ 46.60121345500005, 8.136647776000132 ], [ 46.62468887600005, 8.128849799000022 ], [ 46.629089355000076, 8.127685547000112 ], [ 46.644296479000161, 8.122336620000112 ], [ 47.012217314000168, 8.000122070000145 ], [ 47.012604029000101, 8.000122070000145 ] ] ] } },
{ "type": "Feature", "properties": { "adm1_name": "Woqooyi Galbeed", "adm1_name1": null, "adm1_name2": null, "adm1_name3": null, "adm1_pcode": "SO12", "adm0_name": "Somalia", "adm0_name1": null, "adm0_name2": null, "adm0_name3": null, "adm0_pcode": "SO", "valid_on": "2025-01-08", "valid_to": null, "area_sqkm": 28247.500620359999, "version": "v03", "lang": "en", "lang1": null, "lang2": null, "lang3": null, "center_lat": 9.82498164, "center_lon": 44.106478 }, "geometry": { "type": "Polygon", "coordinates": [ [ [ 45.862860244999979, 10.819489772000054 ], [ 45.862304687000062, 10.819885254000098 ], [ 45.862276948000158, 10.819938924000098 ], [ 45.862251282000159, 10.819958687000053 ], [ 45.861038833000123, 10.822183126000141 ], [ 45.859390258000019, 10.825207711000019 ], [ 45.85786438000008, 10.834841728000185 ], [ 45.854545593000012, 10.839396476000104 ], [ 45.840507507000098, 10.845420837 ], [ 45.819858551000095, 10.858714104000114 ], [ 45.810211881000043, 10.867315496000174 ], [ 45.807495117000144, 10.867492676000097 ], [ 45.803155283000024, 10.864096284000084 ], [ 45.801887512000064, 10.863077164000117 ], [ 45.798608481000088, 10.862719948000063 ], [ 45.791320801000154, 10.861877441000104 ], [ 45.780276197000092, 10.860718063000093 ], [ 45.774273072000142, 10.85765098100012 ], [ 45.773911162000047, 10.857466076000037 ], [ 45.771053023999968, 10.85417488600001 ], [ 45.767871857000102, 10.85044670100001 ], [ 45.765598868000097, 10.846193380999978 ], [ 45.758483887000182, 10.832702637000011 ], [ 45.755676270000095, 10.830322266000167 ], [ 45.755600816000083, 10.830297382000083 ], [ 45.755588531000058, 10.830286979 ], [ 45.747911473000045, 10.82776153500015 ], [ 45.715515137000125, 10.817077637000068 ], [ 45.710349353000083, 10.813241965000145 ], [ 45.705181122000113, 10.809387207000043 ], [ 45.699995809000143, 10.805698812000117 ], [ 45.681518555000082, 10.792480469000054 ], [ 45.676242910000099, 10.789672962 ], [ 45.671081542000081, 10.786861420000093 ], [ 45.658348084000068, 10.782780647000038 ], [ 45.658004614000106, 10.782619792000162 ], [ 45.631553650000171, 10.770232200000123 ], [ 45.618413027000145, 10.76554912600011 ], [ 45.618286133000083, 10.765502929999968 ], [ 45.618283235000035, 10.765502871000081 ], [ 45.618133545000092, 10.765449524000189 ], [ 45.59730516400009, 10.764934892000042 ], [ 45.597213746000136, 10.764932633000171 ], [ 45.59508089100018, 10.762866536000161 ], [ 45.592529297000056, 10.760314941000161 ], [ 45.591674805000082, 10.758728027000132 ], [ 45.583923340000069, 10.743896484000174 ], [ 45.581382857000108, 10.741291413 ], [ 45.576702118000128, 10.736376762000077 ], [ 45.574125783000056, 10.73083691700009 ], [ 45.572082520000038, 10.726443324000115 ], [ 45.572082520000038, 10.726318359000118 ], [ 45.571993006000071, 10.726250845000038 ], [ 45.571968078000111, 10.726197242000183 ], [ 45.56483840900006, 10.720811844000082 ], [ 45.562296877999984, 10.719292517000042 ], [ 45.555480957000157, 10.715087891000167 ], [ 45.539283752000131, 10.710321411000109 ], [ 45.533143260000145, 10.708475403000136 ], [ 45.533027090000076, 10.708440479000103 ], [ 45.519104004000042, 10.694091797 ], [ 45.518336935000093, 10.69332472800005 ], [ 45.518280029000039, 10.693265915000097 ], [ 45.517271644000175, 10.692778888000021 ], [ 45.514282227000194, 10.691284180000139 ], [ 45.509094238000159, 10.690673828000115 ], [ 45.500420400000166, 10.689549975000091 ], [ 45.490692138000099, 10.688278199000024 ], [ 45.480497602000185, 10.683944788000019 ], [ 45.480064392000031, 10.683760642999971 ], [ 45.467338191000181, 10.667663962000177 ], [ 45.466967281000052, 10.667194817000166 ], [ 45.466918945000145, 10.66711425800014 ], [ 45.466892884, 10.667100716000107 ], [ 45.466831207000155, 10.667022704000033 ], [ 45.465034231000175, 10.666134946000113 ], [ 45.460693359000174, 10.663879395000095 ], [ 45.442965177000076, 10.662499356000069 ], [ 45.440174103000061, 10.662270546000116 ], [ 45.421802521000188, 10.662696839000148 ], [ 45.406032562, 10.660397530000068 ], [ 45.395317078000176, 10.661852836000037 ], [ 45.391716003000056, 10.661800384000117 ], [ 45.365466025000046, 10.66141641300004 ], [ 45.360290527000132, 10.661315918000184 ], [ 45.339111328, 10.663085937000176 ], [ 45.336424622000152, 10.662562257 ], [ 45.324696575000075, 10.660172814000077 ], [ 45.324577205000139, 10.660148494000055 ], [ 45.324523926000097, 10.660095215000183 ], [ 45.296691895000038, 10.628906250000171 ], [ 45.283874512000125, 10.616271973000096 ], [ 45.269897461000141, 10.602478027000132 ], [ 45.256530762000011, 10.583679199000073 ], [ 45.242919922000056, 10.569519043000128 ], [ 45.242596377000041, 10.569195498000113 ], [ 45.242435455000077, 10.569025993000025 ], [ 45.233253479000098, 10.561992645000032 ], [ 45.210887909000178, 10.551079750000099 ], [ 45.193693391000181, 10.544399756000189 ], [ 45.193693243000155, 10.544400009000128 ], [ 45.192950266000025, 10.544119846000115 ], [ 45.185119629000042, 10.541076660000044 ], [ 45.165357191000055, 10.533576787000072 ], [ 45.163085937000062, 10.532649994 ], [ 45.148713308000026, 10.523451422000107 ], [ 45.14471435500019, 10.52087402300009 ], [ 45.142942573000141, 10.520269198000051 ], [ 45.129440308000028, 10.515582085000119 ], [ 45.107194303000142, 10.511782502000074 ], [ 45.099073478000093, 10.510395478000021 ], [ 45.08807373000019, 10.508483887000068 ], [ 45.086120096, 10.507281650000152 ], [ 45.084751128999983, 10.506381035000175 ], [ 45.082846082, 10.506162127000152 ], [ 45.082519531000116, 10.506103516 ], [ 45.078024700000071, 10.502235013000131 ], [ 45.075085445000127, 10.499649569999974 ], [ 45.074608128000193, 10.499229710000066 ], [ 45.074279785000101, 10.498901366999974 ], [ 45.065124512000125, 10.486694336000085 ], [ 45.06469726600011, 10.486083984000061 ], [ 45.060390331000178, 10.483264900000052 ], [ 45.04786682200006, 10.475002289000031 ], [ 45.031051184000148, 10.46952738400006 ], [ 45.023376465000069, 10.467028618000086 ], [ 45.005180359000178, 10.45777511600005 ], [ 45.003329539000163, 10.457116835000022 ], [ 45.000122070000089, 10.455871582000157 ], [ 44.993764786000042, 10.453715634000105 ], [ 44.986084882000171, 10.450984978000122 ], [ 44.985553742000093, 10.450796127000046 ], [ 44.983638818000145, 10.447707447000084 ], [ 44.982482910000044, 10.445678711000085 ], [ 44.983093262000125, 10.443298340000069 ], [ 44.98452216000004, 10.443408255000179 ], [ 44.985397339000031, 10.44355583100014 ], [ 44.985852829000066, 10.44363312400003 ], [ 44.986083984000118, 10.443725586000028 ], [ 44.992675781000116, 10.448730469000168 ], [ 45.000122070000089, 10.449707031000173 ], [ 45.002060670000049, 10.449110539000174 ], [ 45.004169464000086, 10.448564529000123 ], [ 45.004704328000116, 10.447256383000081 ], [ 45.005493164000029, 10.445678711000085 ], [ 45.002803017000133, 10.44061758700019 ], [ 45.001892090000126, 10.438858937000191 ], [ 45.001892090000126, 10.438720703000115 ], [ 45.000122070000089, 10.437072754000098 ], [ 44.995727538999972, 10.433471680000025 ], [ 44.961120605000076, 10.417114258000026 ], [ 44.96109173900004, 10.41710407000005 ], [ 44.961032867000142, 10.417076110000039 ], [ 44.943489075000173, 10.410817145000067 ], [ 44.92409628300004, 10.408427861000121 ], [ 44.919921875000114, 10.40789794900013 ], [ 44.916773322000097, 10.407777255000099 ], [ 44.894304232000138, 10.406846886000096 ], [ 44.883182526000098, 10.406386375000125 ], [ 44.882721639000067, 10.406048647000091 ], [ 44.881713867000144, 10.405273437000062 ], [ 44.881694626000069, 10.405296074000034 ], [ 44.881576538000104, 10.40520954100009 ], [ 44.880626679000102, 10.406343460000016 ], [ 44.862236023000094, 10.409029007000129 ], [ 44.849251226000149, 10.409923898000159 ], [ 44.843505859, 10.410278319999975 ], [ 44.843285764000029, 10.410380807000024 ], [ 44.827484131000062, 10.417647361000149 ], [ 44.821201324000072, 10.418462753000142 ], [ 44.808460236000144, 10.416641235000043 ], [ 44.805227214000183, 10.4181192530001 ], [ 44.801696777000188, 10.419677734 ], [ 44.799303308000106, 10.419549513000163 ], [ 44.798234919000095, 10.419461066000054 ], [ 44.797263656000098, 10.41871833600004 ], [ 44.794067383000083, 10.416171074000147 ], [ 44.793672548000188, 10.41614783000017 ], [ 44.793672510000135, 10.416147834000185 ], [ 44.783164978000116, 10.415529251000066 ], [ 44.783152725000093, 10.415532491000135 ], [ 44.783081055000025, 10.415527344000168 ], [ 44.781028557000184, 10.416094224000176 ], [ 44.776630402000137, 10.417257309000036 ], [ 44.762004852000075, 10.417012215 ], [ 44.759647370000096, 10.419040679000148 ], [ 44.752182007000101, 10.420983315000115 ], [ 44.739403297000081, 10.419321621000108 ], [ 44.725891113000102, 10.417480469000054 ], [ 44.718465052000056, 10.412610130000189 ], [ 44.716354370000033, 10.411182404000044 ], [ 44.697799683000028, 10.409947395000074 ], [ 44.658702850000168, 10.401462555000023 ], [ 44.652473450000059, 10.399056433999988 ], [ 44.638271331999988, 10.388238906000083 ], [ 44.622535705000189, 10.385208130000137 ], [ 44.619977568000195, 10.384058239000069 ], [ 44.615722656000059, 10.382080078000115 ], [ 44.612492302000078, 10.382284531000039 ], [ 44.609543359999975, 10.382457325000132 ], [ 44.606037140000126, 10.382662773000106 ], [ 44.594470978000061, 10.383341789000156 ], [ 44.569220469000129, 10.380181044000039 ], [ 44.564582825000059, 10.379600525000058 ], [ 44.554569244000106, 10.381032943999969 ], [ 44.541225433000136, 10.387003899000092 ], [ 44.522857666000164, 10.388287543999979 ], [ 44.509769439000195, 10.392882347000125 ], [ 44.481555939000089, 10.399044991000039 ], [ 44.465787644000102, 10.39993680900011 ], [ 44.447692871000129, 10.400878906000173 ], [ 44.427236482000126, 10.395941157000095 ], [ 44.410396575999982, 10.391789437000114 ], [ 44.397480131, 10.394601843000089 ], [ 44.366558075, 10.401334762000033 ], [ 44.320262909000064, 10.417722702000106 ], [ 44.288181305000023, 10.431380272000183 ], [ 44.258243561000086, 10.454268456000023 ], [ 44.236676717000194, 10.473052256000074 ], [ 44.235774319000143, 10.471452199999987 ], [ 44.186268074000168, 10.383671923000122 ], [ 44.150942665000059, 10.320891021000023 ], [ 44.117893253000034, 10.275829580000106 ], [ 44.109323753000126, 10.264145438000014 ], [ 44.091239843000096, 10.239488810000068 ], [ 44.062397575000034, 10.200163628000041 ], [ 44.041076624000084, 10.171093436000149 ], [ 44.040974461000076, 10.170954141000095 ], [ 44.008162803000062, 10.188838178000026 ], [ 43.988369407000164, 10.199626594000051 ], [ 43.958980261000136, 10.215645186000074 ], [ 43.925453596000182, 10.233918938000045 ], [ 43.820922852000137, 10.290893555000139 ], [ 43.760933465, 10.300901957000065 ], [ 43.760933249000175, 10.300901993000082 ], [ 43.760925293000071, 10.300903320000089 ], [ 43.760923964000028, 10.300901993000082 ], [ 43.755548919000034, 10.295535142 ], [ 43.72088623000019, 10.260925293000128 ], [ 43.689002726000012, 10.215645186000074 ], [ 43.670126832, 10.188838142000179 ], [ 43.58662830600008, 10.070255751000104 ], [ 43.554562748000137, 10.024717096000131 ], [ 43.554494763000093, 10.024620545 ], [ 43.554494727000133, 10.024620494000089 ], [ 43.554494763000093, 10.024620472000095 ], [ 43.554598240000075, 10.024558220000131 ], [ 43.554494763000093, 10.024411195000141 ], [ 43.530941010000049, 9.990944862000163 ], [ 43.456573129, 9.902643199000124 ], [ 43.422219048000159, 9.861852438000085 ], [ 43.406360680000034, 9.843022799000039 ], [ 43.4063483380001, 9.843030709000175 ], [ 43.375969363000138, 9.806940483000119 ], [ 43.37120051, 9.801408586999969 ], [ 43.370876309000096, 9.801023484000041 ], [ 43.370602665000035, 9.800521850000052 ], [ 43.310913086000028, 9.69110107400013 ], [ 43.289672852000081, 9.657287598000153 ], [ 43.299316406000059, 9.611083984000118 ], [ 43.30688476600011, 9.608276367000087 ], [ 43.308820757000149, 9.608040111000093 ], [ 43.32478, 9.60613 ], [ 43.330331567000087, 9.604083210000169 ], [ 43.340698242000087, 9.600280762000125 ], [ 43.341674804999968, 9.598693848000096 ], [ 43.360717773000147, 9.586303710999971 ], [ 43.368773004000047, 9.578527853000026 ], [ 43.371320000000139, 9.57611 ], [ 43.372233110000025, 9.574444639000035 ], [ 43.375305175999983, 9.569091797000169 ], [ 43.398315430000139, 9.552917480000076 ], [ 43.404907227000137, 9.545898438000052 ], [ 43.410278320000032, 9.532897949000017 ], [ 43.412772817000075, 9.518153692 ], [ 43.41371, 9.512680000000103 ], [ 43.414068279000162, 9.511869369000067 ], [ 43.417297363000159, 9.504699707000157 ], [ 43.432312012000182, 9.470886230000076 ], [ 43.443184932000065, 9.449442416000068 ], [ 43.44552, 9.444889999000054 ], [ 43.450640737000128, 9.439162327000076 ], [ 43.468322754000042, 9.419494629000098 ], [ 43.489074707000157, 9.403320313000108 ], [ 43.491516112999989, 9.401489258000026 ], [ 43.519897461000141, 9.387329102000137 ], [ 43.534912109000061, 9.381103516000167 ], [ 43.555432338000173, 9.375501554000095 ], [ 43.565610000000106, 9.37274 ], [ 43.580576442000108, 9.366358343000059 ], [ 43.593872070000089, 9.360717772999976 ], [ 43.601684570000089, 9.359130859000118 ], [ 43.606118264000145, 9.358938090000095 ], [ 43.60727, 9.358920000000182 ], [ 43.64669, 9.35833 ], [ 43.648044897000034, 9.357220109000139 ], [ 43.656921387000125, 9.350097656000116 ], [ 43.663330078000058, 9.341674805000025 ], [ 43.665710449000073, 9.341125488000102 ], [ 43.667480469000168, 9.337524414000029 ], [ 43.704837514000133, 9.299430432000122 ], [ 43.707702637000182, 9.296508789000029 ], [ 43.765686035000158, 9.237121581999986 ], [ 43.769897461000085, 9.234680176000154 ], [ 43.797119141000167, 9.207092285000044 ], [ 43.809326172000056, 9.194519043000128 ], [ 43.871887207000157, 9.130126953000115 ], [ 43.884277344000111, 9.115295410000158 ], [ 43.885681152000075, 9.113708496000129 ], [ 43.897277831999986, 9.100524902000188 ], [ 43.985717773000147, 9.013488770000151 ], [ 43.988845771000115, 9.010721695000086 ], [ 43.989098913000078, 9.010510993000025 ], [ 44.005920410000044, 8.996704102000137 ], [ 44.033874512000182, 8.986083984000174 ], [ 44.038513184000124, 8.985900879000042 ], [ 44.105102539000086, 8.963500977000081 ], [ 44.122149985000192, 8.957739442000104 ], [ 44.208241820000183, 8.930145857000014 ], [ 44.225891113000046, 8.925109863000102 ], [ 44.234497070000032, 8.922485352000081 ], [ 44.252929688000165, 8.915893555000139 ], [ 44.270690918000184, 8.911499023000147 ], [ 44.311654605000115, 8.897094210000148 ], [ 44.316021303000127, 8.895558668000092 ], [ 44.324058157000195, 8.892905478000102 ], [ 44.346679688000108, 8.88610839800009 ], [ 44.37908935500019, 8.876525879000155 ], [ 44.444519043000071, 8.853271484000118 ], [ 44.466918945000145, 8.846130371000186 ], [ 44.502502441000047, 8.834472656000059 ], [ 44.520080566000047, 8.830505371000186 ], [ 44.52569580100004, 8.826721191000047 ], [ 44.541557362000162, 8.821102909000103 ], [ 44.644749024000077, 8.787036455000134 ], [ 44.690954211000076, 8.771959543000037 ], [ 44.690960079000035, 8.99646160900005 ], [ 44.690965753000171, 9.213519184000063 ], [ 44.69096593800009, 9.213520581000068 ], [ 44.691101074000073, 9.214539254000101 ], [ 44.691101074000073, 9.311096191000161 ], [ 44.707956371000193, 9.377305032000095 ], [ 44.717847597, 9.41615849100009 ], [ 44.717970697000112, 9.417086439000116 ], [ 44.71800822299997, 9.41736931600019 ], [ 44.72370362900017, 9.439760855000031 ], [ 44.723856163000164, 9.440360543999986 ], [ 44.725891090000061, 9.448360880000109 ], [ 44.746696517000089, 9.530131402 ], [ 44.769725095000183, 9.620594678000145 ], [ 44.785212847000025, 9.681398032 ], [ 44.800095929000065, 9.739827516000162 ], [ 44.805925505000118, 9.762704224000061 ], [ 44.827348183000026, 9.846745230000124 ], [ 44.830970763999971, 9.860952377000103 ], [ 44.870971680000139, 9.910947800000088 ], [ 44.887682477000169, 9.929836347000162 ], [ 44.896719796000184, 9.940051408000102 ], [ 44.897682190000069, 9.941139221000128 ], [ 44.898440567000193, 9.941996454000105 ], [ 44.989280001000168, 10.044676994000099 ], [ 45.081635873000153, 10.148951542000077 ], [ 45.094255117000159, 10.16319932000016 ], [ 45.094372102000136, 10.16333140200004 ], [ 45.101074219, 10.170898437000062 ], [ 45.179420869000182, 10.164060737999989 ], [ 45.257862950000117, 10.157197617000122 ], [ 45.26101466700004, 10.156921863999969 ], [ 45.269628558000193, 10.156187865999982 ], [ 45.354550616000097, 10.148951578000094 ], [ 45.655032937000158, 10.122551720000104 ], [ 45.655033349000178, 10.122551684000143 ], [ 45.675675012, 10.120750184000087 ], [ 45.685872899000117, 10.119860163999988 ], [ 45.715769944000158, 10.117250901000034 ], [ 45.901123047000056, 10.101074219000054 ], [ 45.906883574000176, 10.099800256000094 ], [ 45.907395672000121, 10.099687004000089 ], [ 46.011054926000099, 10.080881281000131 ], [ 46.01159834300006, 10.099670446000175 ], [ 46.01588121900005, 10.247755128000165 ], [ 46.016009939000185, 10.252205736000178 ], [ 46.016009975000031, 10.252206958000102 ], [ 46.016145898000161, 10.256821085000013 ], [ 46.017300808000186, 10.296026355000095 ], [ 46.026805802000013, 10.618688668000118 ], [ 46.030062850000036, 10.729254388000129 ], [ 46.031402849000187, 10.769999888000086 ], [ 46.031492600000036, 10.773018962000151 ], [ 46.023063660000048, 10.775552750000031 ], [ 46.021931108000103, 10.775603508000131 ], [ 45.994911194, 10.776814461000015 ], [ 45.978322589000129, 10.78036659900016 ], [ 45.974670410000044, 10.781127929999968 ], [ 45.974581516000171, 10.781186249000086 ], [ 45.955390930000192, 10.793560028000115 ], [ 45.91199874900019, 10.821513176000167 ], [ 45.87855148400007, 10.835797310000032 ], [ 45.866364028000078, 10.83564112900018 ], [ 45.865528106000056, 10.835630417000175 ], [ 45.86512603000017, 10.833500115000106 ], [ 45.86492919900013, 10.832275391000053 ], [ 45.868530273000033, 10.827514648000033 ], [ 45.882873535000158, 10.818481445000032 ], [ 45.885498047000056, 10.81390380900018 ], [ 45.884521484000174, 10.812072754000098 ], [ 45.883911133000026, 10.811096191000047 ], [ 45.883827081, 10.811146328000177 ], [ 45.883766175000119, 10.811039924999989 ], [ 45.873864159000107, 10.81708912300013 ], [ 45.873474121000129, 10.817321777000188 ], [ 45.871750855000187, 10.817321777000188 ], [ 45.865776062000123, 10.817244530000096 ], [ 45.862860244999979, 10.819489772000054 ] ] ] } }
]
}
